date,store_nbr,family,sales,onpromotion
2017-01-01,1,AUTOMOTIVE,0.0,0
2017-01-02,1,AUTOMOTIVE,5.0,0
2017-01-03,1,AUTOMOTIVE,4.0,0
2017-01-04,1,AUTOMOTIVE,1.0,0
2017-01-05,1,AUTOMOTIVE,2.0,0
2017-01-06,1,AUTOMOTIVE,2.0,0
2017-01-07,1,AUTOMOTIVE,5.0,0
2017-01-08,1,AUTOMOTIVE,0.0,0
2017-01-09,1,AUTOMOTIVE,2.0,0
2017-01-10,1,AUTOMOTIVE,3.0,0
2017-01-11,1,AUTOMOTIVE,10.0,0
2017-01-12,1,AUTOMOTIVE,2.0,0
2017-01-13,1,AUTOMOTIVE,3.0,0
2017-01-14,1,AUTOMOTIVE,2.0,0
2017-01-15,1,AUTOMOTIVE,1.0,0
2017-01-16,1,AUTOMOTIVE,3.0,0
2017-01-17,1,AUTOMOTIVE,2.0,0
2017-01-18,1,AUTOMOTIVE,3.0,0
2017-01-19,1,AUTOMOTIVE,2.0,0
2017-01-20,1,AUTOMOTIVE,2.0,0
2017-01-21,1,AUTOMOTIVE,5.0,0
2017-01-22,1,AUTOMOTIVE,3.0,0
2017-01-23,1,AUTOMOTIVE,4.0,0
2017-01-24,1,AUTOMOTIVE,7.0,0
2017-01-25,1,AUTOMOTIVE,6.0,0
2017-01-26,1,AUTOMOTIVE,12.0,0
2017-01-27,1,AUTOMOTIVE,2.0,0
2017-01-28,1,AUTOMOTIVE,6.0,0
2017-01-29,1,AUTOMOTIVE,0.0,0
2017-01-30,1,AUTOMOTIVE,3.0,0
2017-01-31,1,AUTOMOTIVE,5.0,0
2017-02-01,1,AUTOMOTIVE,7.0,0
2017-02-02,1,AUTOMOTIVE,3.0,0
2017-02-03,1,AUTOMOTIVE,1.0,0
2017-02-04,1,AUTOMOTIVE,4.0,0
2017-02-05,1,AUTOMOTIVE,3.0,0
2017-02-06,1,AUTOMOTIVE,4.0,0
2017-02-07,1,AUTOMOTIVE,2.0,0
2017-02-08,1,AUTOMOTIVE,6.0,0
2017-02-09,1,AUTOMOTIVE,5.0,0
2017-02-10,1,AUTOMOTIVE,3.0,0
2017-02-11,1,AUTOMOTIVE,5.0,0
2017-02-12,1,AUTOMOTIVE,4.0,0
2017-02-13,1,AUTOMOTIVE,3.0,0
2017-02-14,1,AUTOMOTIVE,2.0,0
2017-02-15,1,AUTOMOTIVE,3.0,0
2017-02-16,1,AUTOMOTIVE,3.0,0
2017-02-17,1,AUTOMOTIVE,7.0,0
2017-02-18,1,AUTOMOTIVE,3.0,0
2017-02-19,1,AUTOMOTIVE,0.0,0
2017-02-20,1,AUTOMOTIVE,2.0,0
2017-02-21,1,AUTOMOTIVE,2.0,0
2017-02-22,1,AUTOMOTIVE,4.0,0
2017-02-23,1,AUTOMOTIVE,1.0,0
2017-02-24,1,AUTOMOTIVE,13.0,0
2017-02-25,1,AUTOMOTIVE,2.0,0
2017-02-26,1,AUTOMOTIVE,1.0,0
2017-02-27,1,AUTOMOTIVE,3.0,0
2017-02-28,1,AUTOMOTIVE,2.0,0
2017-03-01,1,AUTOMOTIVE,1.0,0
2017-03-02,1,AUTOMOTIVE,3.0,0
2017-03-03,1,AUTOMOTIVE,5.0,0
2017-03-04,1,AUTOMOTIVE,6.0,0
2017-03-05,1,AUTOMOTIVE,0.0,0
2017-03-06,1,AUTOMOTIVE,5.0,0
2017-03-07,1,AUTOMOTIVE,3.0,0
2017-03-08,1,AUTOMOTIVE,3.0,0
2017-03-09,1,AUTOMOTIVE,4.0,0
2017-03-10,1,AUTOMOTIVE,3.0,0
2017-03-11,1,AUTOMOTIVE,0.0,0
2017-03-12,1,AUTOMOTIVE,4.0,0
2017-03-13,1,AUTOMOTIVE,3.0,0
2017-03-14,1,AUTOMOTIVE,3.0,0
2017-03-15,1,AUTOMOTIVE,7.0,0
2017-03-16,1,AUTOMOTIVE,4.0,0
2017-03-17,1,AUTOMOTIVE,6.0,0
2017-03-18,1,AUTOMOTIVE,3.0,0
2017-03-19,1,AUTOMOTIVE,1.0,0
2017-03-20,1,AUTOMOTIVE,3.0,0
2017-03-21,1,AUTOMOTIVE,8.0,0
2017-03-22,1,AUTOMOTIVE,3.0,0
2017-03-23,1,AUTOMOTIVE,3.0,0
2017-03-24,1,AUTOMOTIVE,7.0,0
2017-03-25,1,AUTOMOTIVE,5.0,0
2017-03-26,1,AUTOMOTIVE,5.0,0
2017-03-27,1,AUTOMOTIVE,6.0,0
2017-03-28,1,AUTOMOTIVE,4.0,0
2017-03-29,1,AUTOMOTIVE,2.0,0
2017-03-30,1,AUTOMOTIVE,3.0,0
2017-03-31,1,AUTOMOTIVE,5.0,0
2017-04-01,1,AUTOMOTIVE,9.0,0
2017-04-02,1,AUTOMOTIVE,4.0,0
2017-04-03,1,AUTOMOTIVE,11.0,0
2017-04-04,1,AUTOMOTIVE,3.0,0
2017-04-05,1,AUTOMOTIVE,5.0,0
2017-04-06,1,AUTOMOTIVE,10.0,0
2017-04-07,1,AUTOMOTIVE,9.0,0
2017-04-08,1,AUTOMOTIVE,8.0,0
2017-04-09,1,AUTOMOTIVE,2.0,0
2017-04-10,1,AUTOMOTIVE,5.0,0
2017-04-11,1,AUTOMOTIVE,6.0,0
2017-04-12,1,AUTOMOTIVE,3.0,0
2017-04-13,1,AUTOMOTIVE,9.0,0
2017-04-14,1,AUTOMOTIVE,1.0,0
2017-04-15,1,AUTOMOTIVE,3.0,0
2017-04-16,1,AUTOMOTIVE,1.0,0
2017-04-17,1,AUTOMOTIVE,1.0,0
2017-04-18,1,AUTOMOTIVE,3.0,0
2017-04-19,1,AUTOMOTIVE,4.0,0
2017-04-20,1,AUTOMOTIVE,2.0,0
2017-04-21,1,AUTOMOTIVE,5.0,0
2017-04-22,1,AUTOMOTIVE,5.0,0
2017-04-23,1,AUTOMOTIVE,1.0,0
2017-04-24,1,AUTOMOTIVE,6.0,0
2017-04-25,1,AUTOMOTIVE,3.0,0
2017-04-26,1,AUTOMOTIVE,2.0,0
2017-04-27,1,AUTOMOTIVE,8.0,0
2017-04-28,1,AUTOMOTIVE,3.0,0
2017-04-29,1,AUTOMOTIVE,2.0,0
2017-04-30,1,AUTOMOTIVE,3.0,0
2017-05-01,1,AUTOMOTIVE,0.0,0
2017-05-02,1,AUTOMOTIVE,2.0,0
2017-05-03,1,AUTOMOTIVE,5.0,0
2017-05-04,1,AUTOMOTIVE,3.0,0
2017-05-05,1,AUTOMOTIVE,12.0,0
2017-05-06,1,AUTOMOTIVE,4.0,0
2017-05-07,1,AUTOMOTIVE,3.0,0
2017-05-08,1,AUTOMOTIVE,5.0,0
2017-05-09,1,AUTOMOTIVE,2.0,0
2017-05-10,1,AUTOMOTIVE,2.0,0
2017-05-11,1,AUTOMOTIVE,4.0,0
2017-05-12,1,AUTOMOTIVE,4.0,0
2017-05-13,1,AUTOMOTIVE,2.0,0
2017-05-14,1,AUTOMOTIVE,2.0,0
2017-05-15,1,AUTOMOTIVE,9.0,0
2017-05-16,1,AUTOMOTIVE,3.0,0
2017-05-17,1,AUTOMOTIVE,2.0,0
2017-05-18,1,AUTOMOTIVE,4.0,0
2017-05-19,1,AUTOMOTIVE,5.0,0
2017-05-20,1,AUTOMOTIVE,4.0,0
2017-05-21,1,AUTOMOTIVE,1.0,0
2017-05-22,1,AUTOMOTIVE,2.0,0
2017-05-23,1,AUTOMOTIVE,4.0,0
2017-05-24,1,AUTOMOTIVE,7.0,0
2017-05-25,1,AUTOMOTIVE,2.0,0
2017-05-26,1,AUTOMOTIVE,1.0,0
2017-05-27,1,AUTOMOTIVE,1.0,0
2017-05-28,1,AUTOMOTIVE,2.0,0
2017-05-29,1,AUTOMOTIVE,6.0,0
2017-05-30,1,AUTOMOTIVE,2.0,0
2017-05-31,1,AUTOMOTIVE,3.0,0
2017-06-01,1,AUTOMOTIVE,6.0,0
2017-06-02,1,AUTOMOTIVE,19.0,0
2017-06-03,1,AUTOMOTIVE,8.0,0
2017-06-04,1,AUTOMOTIVE,0.0,0
2017-06-05,1,AUTOMOTIVE,6.0,0
2017-06-06,1,AUTOMOTIVE,2.0,0
2017-06-07,1,AUTOMOTIVE,7.0,0
2017-06-08,1,AUTOMOTIVE,1.0,0
2017-06-09,1,AUTOMOTIVE,1.0,0
2017-06-10,1,AUTOMOTIVE,4.0,0
2017-06-11,1,AUTOMOTIVE,3.0,0
2017-06-12,1,AUTOMOTIVE,4.0,0
2017-06-13,1,AUTOMOTIVE,5.0,0
2017-06-14,1,AUTOMOTIVE,5.0,0
2017-06-15,1,AUTOMOTIVE,3.0,0
2017-06-16,1,AUTOMOTIVE,4.0,0
2017-06-17,1,AUTOMOTIVE,3.0,0
2017-06-18,1,AUTOMOTIVE,2.0,0
2017-06-19,1,AUTOMOTIVE,3.0,0
2017-06-20,1,AUTOMOTIVE,3.0,0
2017-06-21,1,AUTOMOTIVE,1.0,0
2017-06-22,1,AUTOMOTIVE,1.0,0
2017-06-23,1,AUTOMOTIVE,10.0,0
2017-06-24,1,AUTOMOTIVE,12.0,0
2017-06-25,1,AUTOMOTIVE,4.0,0
2017-06-26,1,AUTOMOTIVE,3.0,0
2017-06-27,1,AUTOMOTIVE,4.0,0
2017-06-28,1,AUTOMOTIVE,2.0,0
2017-06-29,1,AUTOMOTIVE,1.0,0
2017-06-30,1,AUTOMOTIVE,11.0,0
2017-07-01,1,AUTOMOTIVE,7.0,0
2017-07-02,1,AUTOMOTIVE,4.0,0
2017-07-03,1,AUTOMOTIVE,0.0,0
2017-07-04,1,AUTOMOTIVE,5.0,0
2017-07-05,1,AUTOMOTIVE,1.0,0
2017-07-06,1,AUTOMOTIVE,5.0,0
2017-07-07,1,AUTOMOTIVE,4.0,0
2017-07-08,1,AUTOMOTIVE,6.0,0
2017-07-09,1,AUTOMOTIVE,2.0,0
2017-07-10,1,AUTOMOTIVE,3.0,0
2017-07-11,1,AUTOMOTIVE,7.0,0
2017-07-12,1,AUTOMOTIVE,7.0,0
2017-07-13,1,AUTOMOTIVE,9.0,0
2017-07-14,1,AUTOMOTIVE,4.0,0
2017-07-15,1,AUTOMOTIVE,6.0,0
2017-07-16,1,AUTOMOTIVE,2.0,0
2017-07-17,1,AUTOMOTIVE,2.0,0
2017-07-18,1,AUTOMOTIVE,3.0,0
2017-07-19,1,AUTOMOTIVE,7.0,0
2017-07-20,1,AUTOMOTIVE,4.0,0
2017-07-21,1,AUTOMOTIVE,10.0,0
2017-07-22,1,AUTOMOTIVE,8.0,0
2017-07-23,1,AUTOMOTIVE,0.0,0
2017-07-24,1,AUTOMOTIVE,4.0,0
2017-07-25,1,AUTOMOTIVE,10.0,0
2017-07-26,1,AUTOMOTIVE,2.0,0
2017-07-27,1,AUTOMOTIVE,5.0,0
2017-07-28,1,AUTOMOTIVE,7.0,0
2017-07-29,1,AUTOMOTIVE,4.0,0
2017-07-30,1,AUTOMOTIVE,1.0,0
2017-07-31,1,AUTOMOTIVE,8.0,0
2017-01-01,1,BABY CARE,0.0,0
2017-01-02,1,BABY CARE,0.0,0
2017-01-03,1,BABY CARE,0.0,0
2017-01-04,1,BABY CARE,0.0,0
2017-01-05,1,BABY CARE,0.0,0
2017-01-06,1,BABY CARE,0.0,0
2017-01-07,1,BABY CARE,0.0,0
2017-01-08,1,BABY CARE,0.0,0
2017-01-09,1,BABY CARE,0.0,0
2017-01-10,1,BABY CARE,0.0,0
2017-01-11,1,BABY CARE,0.0,0
2017-01-12,1,BABY CARE,0.0,0
2017-01-13,1,BABY CARE,0.0,0
2017-01-14,1,BABY CARE,0.0,0
2017-01-15,1,BABY CARE,0.0,0
2017-01-16,1,BABY CARE,0.0,0
2017-01-17,1,BABY CARE,0.0,0
2017-01-18,1,BABY CARE,0.0,0
2017-01-19,1,BABY CARE,0.0,0
2017-01-20,1,BABY CARE,0.0,0
2017-01-21,1,BABY CARE,0.0,0
2017-01-22,1,BABY CARE,0.0,0
2017-01-23,1,BABY CARE,0.0,0
2017-01-24,1,BABY CARE,0.0,0
2017-01-25,1,BABY CARE,0.0,0
2017-01-26,1,BABY CARE,0.0,0
2017-01-27,1,BABY CARE,0.0,0
2017-01-28,1,BABY CARE,0.0,0
2017-01-29,1,BABY CARE,0.0,0
2017-01-30,1,BABY CARE,0.0,0
2017-01-31,1,BABY CARE,0.0,0
2017-02-01,1,BABY CARE,0.0,0
2017-02-02,1,BABY CARE,0.0,0
2017-02-03,1,BABY CARE,0.0,0
2017-02-04,1,BABY CARE,0.0,0
2017-02-05,1,BABY CARE,0.0,0
2017-02-06,1,BABY CARE,0.0,0
2017-02-07,1,BABY CARE,0.0,0
2017-02-08,1,BABY CARE,0.0,0
2017-02-09,1,BABY CARE,0.0,0
2017-02-10,1,BABY CARE,0.0,0
2017-02-11,1,BABY CARE,0.0,0
2017-02-12,1,BABY CARE,0.0,0
2017-02-13,1,BABY CARE,0.0,0
2017-02-14,1,BABY CARE,0.0,0
2017-02-15,1,BABY CARE,0.0,0
2017-02-16,1,BABY CARE,0.0,0
2017-02-17,1,BABY CARE,0.0,0
2017-02-18,1,BABY CARE,0.0,0
2017-02-19,1,BABY CARE,0.0,0
2017-02-20,1,BABY CARE,0.0,0
2017-02-21,1,BABY CARE,0.0,0
2017-02-22,1,BABY CARE,0.0,0
2017-02-23,1,BABY CARE,0.0,0
2017-02-24,1,BABY CARE,0.0,0
2017-02-25,1,BABY CARE,0.0,0
2017-02-26,1,BABY CARE,0.0,0
2017-02-27,1,BABY CARE,0.0,0
2017-02-28,1,BABY CARE,0.0,0
2017-03-01,1,BABY CARE,0.0,0
2017-03-02,1,BABY CARE,0.0,0
2017-03-03,1,BABY CARE,0.0,0
2017-03-04,1,BABY CARE,0.0,0
2017-03-05,1,BABY CARE,0.0,0
2017-03-06,1,BABY CARE,0.0,0
2017-03-07,1,BABY CARE,0.0,0
2017-03-08,1,BABY CARE,0.0,0
2017-03-09,1,BABY CARE,0.0,0
2017-03-10,1,BABY CARE,0.0,0
2017-03-11,1,BABY CARE,0.0,0
2017-03-12,1,BABY CARE,0.0,0
2017-03-13,1,BABY CARE,0.0,0
2017-03-14,1,BABY CARE,0.0,0
2017-03-15,1,BABY CARE,0.0,0
2017-03-16,1,BABY CARE,0.0,0
2017-03-17,1,BABY CARE,0.0,0
2017-03-18,1,BABY CARE,0.0,0
2017-03-19,1,BABY CARE,0.0,0
2017-03-20,1,BABY CARE,0.0,0
2017-03-21,1,BABY CARE,0.0,0
2017-03-22,1,BABY CARE,0.0,0
2017-03-23,1,BABY CARE,0.0,0
2017-03-24,1,BABY CARE,0.0,0
2017-03-25,1,BABY CARE,0.0,0
2017-03-26,1,BABY CARE,0.0,0
2017-03-27,1,BABY CARE,0.0,0
2017-03-28,1,BABY CARE,0.0,0
2017-03-29,1,BABY CARE,0.0,0
2017-03-30,1,BABY CARE,0.0,0
2017-03-31,1,BABY CARE,0.0,0
2017-04-01,1,BABY CARE,0.0,0
2017-04-02,1,BABY CARE,0.0,0
2017-04-03,1,BABY CARE,0.0,0
2017-04-04,1,BABY CARE,0.0,0
2017-04-05,1,BABY CARE,0.0,0
2017-04-06,1,BABY CARE,0.0,0
2017-04-07,1,BABY CARE,0.0,0
2017-04-08,1,BABY CARE,0.0,0
2017-04-09,1,BABY CARE,0.0,0
2017-04-10,1,BABY CARE,0.0,0
2017-04-11,1,BABY CARE,0.0,0
2017-04-12,1,BABY CARE,0.0,0
2017-04-13,1,BABY CARE,0.0,0
2017-04-14,1,BABY CARE,0.0,0
2017-04-15,1,BABY CARE,0.0,0
2017-04-16,1,BABY CARE,0.0,0
2017-04-17,1,BABY CARE,0.0,0
2017-04-18,1,BABY CARE,0.0,0
2017-04-19,1,BABY CARE,0.0,0
2017-04-20,1,BABY CARE,0.0,0
2017-04-21,1,BABY CARE,0.0,0
2017-04-22,1,BABY CARE,0.0,0
2017-04-23,1,BABY CARE,0.0,0
2017-04-24,1,BABY CARE,0.0,0
2017-04-25,1,BABY CARE,0.0,0
2017-04-26,1,BABY CARE,0.0,0
2017-04-27,1,BABY CARE,0.0,0
2017-04-28,1,BABY CARE,0.0,0
2017-04-29,1,BABY CARE,0.0,0
2017-04-30,1,BABY CARE,0.0,0
2017-05-01,1,BABY CARE,0.0,0
2017-05-02,1,BABY CARE,0.0,0
2017-05-03,1,BABY CARE,0.0,0
2017-05-04,1,BABY CARE,0.0,0
2017-05-05,1,BABY CARE,0.0,0
2017-05-06,1,BABY CARE,0.0,0
2017-05-07,1,BABY CARE,0.0,0
2017-05-08,1,BABY CARE,0.0,0
2017-05-09,1,BABY CARE,0.0,0
2017-05-10,1,BABY CARE,0.0,0
2017-05-11,1,BABY CARE,0.0,0
2017-05-12,1,BABY CARE,0.0,0
2017-05-13,1,BABY CARE,0.0,0
2017-05-14,1,BABY CARE,0.0,0
2017-05-15,1,BABY CARE,0.0,0
2017-05-16,1,BABY CARE,0.0,0
2017-05-17,1,BABY CARE,0.0,0
2017-05-18,1,BABY CARE,0.0,0
2017-05-19,1,BABY CARE,0.0,0
2017-05-20,1,BABY CARE,0.0,0
2017-05-21,1,BABY CARE,0.0,0
2017-05-22,1,BABY CARE,0.0,0
2017-05-23,1,BABY CARE,0.0,0
2017-05-24,1,BABY CARE,0.0,0
2017-05-25,1,BABY CARE,0.0,0
2017-05-26,1,BABY CARE,0.0,0
2017-05-27,1,BABY CARE,0.0,0
2017-05-28,1,BABY CARE,0.0,0
2017-05-29,1,BABY CARE,0.0,0
2017-05-30,1,BABY CARE,0.0,0
2017-05-31,1,BABY CARE,0.0,0
2017-06-01,1,BABY CARE,0.0,0
2017-06-02,1,BABY CARE,0.0,0
2017-06-03,1,BABY CARE,0.0,0
2017-06-04,1,BABY CARE,0.0,0
2017-06-05,1,BABY CARE,0.0,0
2017-06-06,1,BABY CARE,0.0,0
2017-06-07,1,BABY CARE,0.0,0
2017-06-08,1,BABY CARE,0.0,0
2017-06-09,1,BABY CARE,0.0,0
2017-06-10,1,BABY CARE,0.0,0
2017-06-11,1,BABY CARE,0.0,0
2017-06-12,1,BABY CARE,0.0,0
2017-06-13,1,BABY CARE,0.0,0
2017-06-14,1,BABY CARE,0.0,0
2017-06-15,1,BABY CARE,0.0,0
2017-06-16,1,BABY CARE,0.0,0
2017-06-17,1,BABY CARE,0.0,0
2017-06-18,1,BABY CARE,0.0,0
2017-06-19,1,BABY CARE,0.0,0
2017-06-20,1,BABY CARE,0.0,0
2017-06-21,1,BABY CARE,0.0,0
2017-06-22,1,BABY CARE,0.0,0
2017-06-23,1,BABY CARE,0.0,0
2017-06-24,1,BABY CARE,0.0,0
2017-06-25,1,BABY CARE,0.0,0
2017-06-26,1,BABY CARE,0.0,0
2017-06-27,1,BABY CARE,0.0,0
2017-06-28,1,BABY CARE,0.0,0
2017-06-29,1,BABY CARE,0.0,0
2017-06-30,1,BABY CARE,0.0,0
2017-07-01,1,BABY CARE,0.0,0
2017-07-02,1,BABY CARE,0.0,0
2017-07-03,1,BABY CARE,0.0,0
2017-07-04,1,BABY CARE,0.0,0
2017-07-05,1,BABY CARE,0.0,0
2017-07-06,1,BABY CARE,0.0,0
2017-07-07,1,BABY CARE,0.0,0
2017-07-08,1,BABY CARE,0.0,0
2017-07-09,1,BABY CARE,0.0,0
2017-07-10,1,BABY CARE,0.0,0
2017-07-11,1,BABY CARE,0.0,0
2017-07-12,1,BABY CARE,0.0,0
2017-07-13,1,BABY CARE,0.0,0
2017-07-14,1,BABY CARE,0.0,0
2017-07-15,1,BABY CARE,0.0,0
2017-07-16,1,BABY CARE,0.0,0
2017-07-17,1,BABY CARE,0.0,0
2017-07-18,1,BABY CARE,0.0,0
2017-07-19,1,BABY CARE,0.0,0
2017-07-20,1,BABY CARE,0.0,0
2017-07-21,1,BABY CARE,0.0,0
2017-07-22,1,BABY CARE,0.0,0
2017-07-23,1,BABY CARE,0.0,0
2017-07-24,1,BABY CARE,0.0,0
2017-07-25,1,BABY CARE,0.0,0
2017-07-26,1,BABY CARE,0.0,0
2017-07-27,1,BABY CARE,0.0,0
2017-07-28,1,BABY CARE,0.0,0
2017-07-29,1,BABY CARE,0.0,0
2017-07-30,1,BABY CARE,0.0,0
2017-07-31,1,BABY CARE,0.0,0
2017-01-01,1,BEAUTY,0.0,0
2017-01-02,1,BEAUTY,0.0,0
2017-01-03,1,BEAUTY,4.0,1
2017-01-04,1,BEAUTY,4.0,1
2017-01-05,1,BEAUTY,3.0,2
2017-01-06,1,BEAUTY,10.0,2
2017-01-07,1,BEAUTY,6.0,1
2017-01-08,1,BEAUTY,1.0,1
2017-01-09,1,BEAUTY,6.0,2
2017-01-10,1,BEAUTY,10.0,2
2017-01-11,1,BEAUTY,5.0,1
2017-01-12,1,BEAUTY,3.0,1
2017-01-13,1,BEAUTY,4.0,1
2017-01-14,1,BEAUTY,3.0,0
2017-01-15,1,BEAUTY,0.0,0
2017-01-16,1,BEAUTY,1.0,0
2017-01-17,1,BEAUTY,5.0,1
2017-01-18,1,BEAUTY,1.0,0
2017-01-19,1,BEAUTY,1.0,1
2017-01-20,1,BEAUTY,2.0,1
2017-01-21,1,BEAUTY,0.0,0
2017-01-22,1,BEAUTY,1.0,0
2017-01-23,1,BEAUTY,9.0,2
2017-01-24,1,BEAUTY,1.0,0
2017-01-25,1,BEAUTY,5.0,1
2017-01-26,1,BEAUTY,3.0,0
2017-01-27,1,BEAUTY,2.0,1
2017-01-28,1,BEAUTY,2.0,0
2017-01-29,1,BEAUTY,3.0,1
2017-01-30,1,BEAUTY,7.0,1
2017-01-31,1,BEAUTY,2.0,1
2017-02-01,1,BEAUTY,7.0,1
2017-02-02,1,BEAUTY,0.0,0
2017-02-03,1,BEAUTY,2.0,1
2017-02-04,1,BEAUTY,7.0,1
2017-02-05,1,BEAUTY,1.0,0
2017-02-06,1,BEAUTY,3.0,0
2017-02-07,1,BEAUTY,2.0,0
2017-02-08,1,BEAUTY,4.0,0
2017-02-09,1,BEAUTY,8.0,1
2017-02-10,1,BEAUTY,1.0,0
2017-02-11,1,BEAUTY,5.0,0
2017-02-12,1,BEAUTY,5.0,1
2017-02-13,1,BEAUTY,5.0,1
2017-02-14,1,BEAUTY,6.0,0
2017-02-15,1,BEAUTY,3.0,1
2017-02-16,1,BEAUTY,0.0,0
2017-02-17,1,BEAUTY,4.0,1
2017-02-18,1,BEAUTY,8.0,1
2017-02-19,1,BEAUTY,1.0,1
2017-02-20,1,BEAUTY,3.0,1
2017-02-21,1,BEAUTY,5.0,1
2017-02-22,1,BEAUTY,3.0,1
2017-02-23,1,BEAUTY,5.0,1
2017-02-24,1,BEAUTY,4.0,1
2017-02-25,1,BEAUTY,2.0,1
2017-02-26,1,BEAUTY,1.0,0
2017-02-27,1,BEAUTY,0.0,0
2017-02-28,1,BEAUTY,2.0,1
2017-03-01,1,BEAUTY,3.0,1
2017-03-02,1,BEAUTY,8.0,1
2017-03-03,1,BEAUTY,9.0,1
2017-03-04,1,BEAUTY,5.0,1
2017-03-05,1,BEAUTY,1.0,0
2017-03-06,1,BEAUTY,3.0,1
2017-03-07,1,BEAUTY,3.0,1
2017-03-08,1,BEAUTY,4.0,1
2017-03-09,1,BEAUTY,2.0,0
2017-03-10,1,BEAUTY,2.0,0
2017-03-11,1,BEAUTY,3.0,0
2017-03-12,1,BEAUTY,2.0,0
2017-03-13,1,BEAUTY,0.0,0
2017-03-14,1,BEAUTY,3.0,0
2017-03-15,1,BEAUTY,3.0,0
2017-03-16,1,BEAUTY,3.0,0
2017-03-17,1,BEAUTY,3.0,0
2017-03-18,1,BEAUTY,4.0,0
2017-03-19,1,BEAUTY,2.0,0
2017-03-20,1,BEAUTY,3.0,0
2017-03-21,1,BEAUTY,8.0,0
2017-03-22,1,BEAUTY,2.0,0
2017-03-23,1,BEAUTY,2.0,0
2017-03-24,1,BEAUTY,2.0,0
2017-03-25,1,BEAUTY,4.0,0
2017-03-26,1,BEAUTY,0.0,0
2017-03-27,1,BEAUTY,0.0,0
2017-03-28,1,BEAUTY,1.0,0
2017-03-29,1,BEAUTY,3.0,0
2017-03-30,1,BEAUTY,2.0,0
2017-03-31,1,BEAUTY,7.0,1
2017-04-01,1,BEAUTY,1.0,0
2017-04-02,1,BEAUTY,1.0,0
2017-04-03,1,BEAUTY,2.0,0
2017-04-04,1,BEAUTY,4.0,1
2017-04-05,1,BEAUTY,1.0,0
2017-04-06,1,BEAUTY,5.0,1
2017-04-07,1,BEAUTY,2.0,0
2017-04-08,1,BEAUTY,2.0,0
2017-04-09,1,BEAUTY,0.0,0
2017-04-10,1,BEAUTY,2.0,0
2017-04-11,1,BEAUTY,5.0,0
2017-04-12,1,BEAUTY,2.0,0
2017-04-13,1,BEAUTY,0.0,0
2017-04-14,1,BEAUTY,1.0,0
2017-04-15,1,BEAUTY,1.0,0
2017-04-16,1,BEAUTY,0.0,0
2017-04-17,1,BEAUTY,3.0,0
2017-04-18,1,BEAUTY,3.0,0
2017-04-19,1,BEAUTY,1.0,0
2017-04-20,1,BEAUTY,2.0,0
2017-04-21,1,BEAUTY,2.0,0
2017-04-22,1,BEAUTY,6.0,0
2017-04-23,1,BEAUTY,8.0,0
2017-04-24,1,BEAUTY,5.0,0
2017-04-25,1,BEAUTY,3.0,0
2017-04-26,1,BEAUTY,2.0,0
2017-04-27,1,BEAUTY,3.0,0
2017-04-28,1,BEAUTY,2.0,0
2017-04-29,1,BEAUTY,5.0,0
2017-04-30,1,BEAUTY,0.0,0
2017-05-01,1,BEAUTY,2.0,0
2017-05-02,1,BEAUTY,2.0,0
2017-05-03,1,BEAUTY,6.0,1
2017-05-04,1,BEAUTY,1.0,0
2017-05-05,1,BEAUTY,0.0,0
2017-05-06,1,BEAUTY,4.0,1
2017-05-07,1,BEAUTY,4.0,0
2017-05-08,1,BEAUTY,4.0,1
2017-05-09,1,BEAUTY,5.0,1
2017-05-10,1,BEAUTY,6.0,1
2017-05-11,1,BEAUTY,3.0,1
2017-05-12,1,BEAUTY,3.0,1
2017-05-13,1,BEAUTY,10.0,1
2017-05-14,1,BEAUTY,1.0,0
2017-05-15,1,BEAUTY,3.0,1
2017-05-16,1,BEAUTY,2.0,1
2017-05-17,1,BEAUTY,5.0,1
2017-05-18,1,BEAUTY,2.0,1
2017-05-19,1,BEAUTY,4.0,1
2017-05-20,1,BEAUTY,3.0,1
2017-05-21,1,BEAUTY,1.0,0
2017-05-22,1,BEAUTY,5.0,1
2017-05-23,1,BEAUTY,1.0,1
2017-05-24,1,BEAUTY,1.0,0
2017-05-25,1,BEAUTY,1.0,1
2017-05-26,1,BEAUTY,0.0,0
2017-05-27,1,BEAUTY,2.0,1
2017-05-28,1,BEAUTY,1.0,1
2017-05-29,1,BEAUTY,4.0,0
2017-05-30,1,BEAUTY,3.0,1
2017-05-31,1,BEAUTY,11.0,1
2017-06-01,1,BEAUTY,1.0,0
2017-06-02,1,BEAUTY,1.0,0
2017-06-03,1,BEAUTY,1.0,0
2017-06-04,1,BEAUTY,2.0,0
2017-06-05,1,BEAUTY,2.0,0
2017-06-06,1,BEAUTY,2.0,0
2017-06-07,1,BEAUTY,3.0,0
2017-06-08,1,BEAUTY,4.0,0
2017-06-09,1,BEAUTY,5.0,0
2017-06-10,1,BEAUTY,3.0,0
2017-06-11,1,BEAUTY,1.0,0
2017-06-12,1,BEAUTY,4.0,0
2017-06-13,1,BEAUTY,1.0,0
2017-06-14,1,BEAUTY,3.0,1
2017-06-15,1,BEAUTY,8.0,1
2017-06-16,1,BEAUTY,5.0,1
2017-06-17,1,BEAUTY,1.0,1
2017-06-18,1,BEAUTY,2.0,1
2017-06-19,1,BEAUTY,3.0,0
2017-06-20,1,BEAUTY,6.0,1
2017-06-21,1,BEAUTY,5.0,1
2017-06-22,1,BEAUTY,5.0,1
2017-06-23,1,BEAUTY,3.0,1
2017-06-24,1,BEAUTY,8.0,1
2017-06-25,1,BEAUTY,4.0,1
2017-06-26,1,BEAUTY,7.0,1
2017-06-27,1,BEAUTY,3.0,1
2017-06-28,1,BEAUTY,5.0,1
2017-06-29,1,BEAUTY,2.0,1
2017-06-30,1,BEAUTY,2.0,1
2017-07-01,1,BEAUTY,7.0,1
2017-07-02,1,BEAUTY,2.0,1
2017-07-03,1,BEAUTY,5.0,1
2017-07-04,1,BEAUTY,6.0,1
2017-07-05,1,BEAUTY,2.0,1
2017-07-06,1,BEAUTY,5.0,0
2017-07-07,1,BEAUTY,0.0,0
2017-07-08,1,BEAUTY,3.0,0
2017-07-09,1,BEAUTY,3.0,0
2017-07-10,1,BEAUTY,3.0,0
2017-07-11,1,BEAUTY,4.0,0
2017-07-12,1,BEAUTY,7.0,1
2017-07-13,1,BEAUTY,5.0,1
2017-07-14,1,BEAUTY,2.0,0
2017-07-15,1,BEAUTY,5.0,1
2017-07-16,1,BEAUTY,2.0,0
2017-07-17,1,BEAUTY,5.0,0
2017-07-18,1,BEAUTY,3.0,0
2017-07-19,1,BEAUTY,3.0,0
2017-07-20,1,BEAUTY,2.0,0
2017-07-21,1,BEAUTY,2.0,0
2017-07-22,1,BEAUTY,2.0,1
2017-07-23,1,BEAUTY,3.0,1
2017-07-24,1,BEAUTY,1.0,0
2017-07-25,1,BEAUTY,7.0,1
2017-07-26,1,BEAUTY,3.0,0
2017-07-27,1,BEAUTY,1.0,0
2017-07-28,1,BEAUTY,2.0,0
2017-07-29,1,BEAUTY,3.0,0
2017-07-30,1,BEAUTY,2.0,0
2017-07-31,1,BEAUTY,3.0,0
2017-01-01,1,BEVERAGES,0.0,0
2017-01-02,1,BEVERAGES,1434.0,31
2017-01-03,1,BEVERAGES,3081.0,42
2017-01-04,1,BEVERAGES,3039.0,54
2017-01-05,1,BEVERAGES,2617.0,32
2017-01-06,1,BEVERAGES,2761.0,39
2017-01-07,1,BEVERAGES,2503.0,30
2017-01-08,1,BEVERAGES,1356.0,32
2017-01-09,1,BEVERAGES,4100.0,34
2017-01-10,1,BEVERAGES,2370.0,35
2017-01-11,1,BEVERAGES,2607.0,35
2017-01-12,1,BEVERAGES,2430.0,31
2017-01-13,1,BEVERAGES,2784.0,43
2017-01-14,1,BEVERAGES,2978.0,41
2017-01-15,1,BEVERAGES,1342.0,36
2017-01-16,1,BEVERAGES,2609.0,41
2017-01-17,1,BEVERAGES,2762.0,41
2017-01-18,1,BEVERAGES,2746.0,41
2017-01-19,1,BEVERAGES,2399.0,40
2017-01-20,1,BEVERAGES,1924.0,39
2017-01-21,1,BEVERAGES,2963.0,40
2017-01-22,1,BEVERAGES,1083.0,32
2017-01-23,1,BEVERAGES,3075.0,39
2017-01-24,1,BEVERAGES,2499.0,40
2017-01-25,1,BEVERAGES,2498.0,44
2017-01-26,1,BEVERAGES,1829.0,26
2017-01-27,1,BEVERAGES,2301.0,32
2017-01-28,1,BEVERAGES,2662.0,30
2017-01-29,1,BEVERAGES,1059.0,16
2017-01-30,1,BEVERAGES,1986.0,30
2017-01-31,1,BEVERAGES,1965.0,26
2017-02-01,1,BEVERAGES,2399.0,28
2017-02-02,1,BEVERAGES,2257.0,18
2017-02-03,1,BEVERAGES,2236.0,20
2017-02-04,1,BEVERAGES,2737.0,24
2017-02-05,1,BEVERAGES,1063.0,20
2017-02-06,1,BEVERAGES,2238.0,19
2017-02-07,1,BEVERAGES,2169.0,23
2017-02-08,1,BEVERAGES,2523.0,32
2017-02-09,1,BEVERAGES,2112.0,12
2017-02-10,1,BEVERAGES,2466.0,11
2017-02-11,1,BEVERAGES,2596.0,11
2017-02-12,1,BEVERAGES,1147.0,11
2017-02-13,1,BEVERAGES,2449.0,16
2017-02-14,1,BEVERAGES,2105.0,13
2017-02-15,1,BEVERAGES,2141.0,17
2017-02-16,1,BEVERAGES,1866.0,13
2017-02-17,1,BEVERAGES,2286.0,16
2017-02-18,1,BEVERAGES,2906.0,16
2017-02-19,1,BEVERAGES,1019.0,16
2017-02-20,1,BEVERAGES,2248.0,17
2017-02-21,1,BEVERAGES,2419.0,19
2017-02-22,1,BEVERAGES,2075.0,17
2017-02-23,1,BEVERAGES,1923.0,13
2017-02-24,1,BEVERAGES,2508.0,14
2017-02-25,1,BEVERAGES,2198.0,15
2017-02-26,1,BEVERAGES,690.0,9
2017-02-27,1,BEVERAGES,669.0,11
2017-02-28,1,BEVERAGES,1059.0,11
2017-03-01,1,BEVERAGES,3343.0,25
2017-03-02,1,BEVERAGES,2519.0,20
2017-03-03,1,BEVERAGES,2536.0,13
2017-03-04,1,BEVERAGES,2577.0,18
2017-03-05,1,BEVERAGES,1039.0,12
2017-03-06,1,BEVERAGES,1898.0,14
2017-03-07,1,BEVERAGES,2625.0,9
2017-03-08,1,BEVERAGES,2266.0,12
2017-03-09,1,BEVERAGES,2084.0,25
2017-03-10,1,BEVERAGES,2418.0,29
2017-03-11,1,BEVERAGES,2701.0,31
2017-03-12,1,BEVERAGES,1338.0,23
2017-03-13,1,BEVERAGES,2322.0,29
2017-03-14,1,BEVERAGES,2216.0,29
2017-03-15,1,BEVERAGES,2648.0,29
2017-03-16,1,BEVERAGES,2057.0,28
2017-03-17,1,BEVERAGES,2955.0,31
2017-03-18,1,BEVERAGES,2502.0,29
2017-03-19,1,BEVERAGES,1094.0,22
2017-03-20,1,BEVERAGES,2370.0,25
2017-03-21,1,BEVERAGES,2873.0,21
2017-03-22,1,BEVERAGES,2658.0,24
2017-03-23,1,BEVERAGES,2333.0,20
2017-03-24,1,BEVERAGES,2745.0,19
2017-03-25,1,BEVERAGES,2356.0,21
2017-03-26,1,BEVERAGES,1110.0,16
2017-03-27,1,BEVERAGES,2388.0,21
2017-03-28,1,BEVERAGES,2184.0,17
2017-03-29,1,BEVERAGES,2450.0,23
2017-03-30,1,BEVERAGES,1971.0,3
2017-03-31,1,BEVERAGES,2351.0,7
2017-04-01,1,BEVERAGES,3229.0,8
2017-04-02,1,BEVERAGES,1210.0,9
2017-04-03,1,BEVERAGES,2097.0,9
2017-04-04,1,BEVERAGES,2249.0,9
2017-04-05,1,BEVERAGES,2687.0,8
2017-04-06,1,BEVERAGES,2164.0,10
2017-04-07,1,BEVERAGES,2527.0,7
2017-04-08,1,BEVERAGES,2729.0,9
2017-04-09,1,BEVERAGES,1175.0,7
2017-04-10,1,BEVERAGES,2033.0,8
2017-04-11,1,BEVERAGES,2116.0,11
2017-04-12,1,BEVERAGES,2457.0,21
2017-04-13,1,BEVERAGES,2599.0,27
2017-04-14,1,BEVERAGES,817.0,14
2017-04-15,1,BEVERAGES,1946.0,13
2017-04-16,1,BEVERAGES,1114.0,20
2017-04-17,1,BEVERAGES,2731.0,23
2017-04-18,1,BEVERAGES,2102.0,20
2017-04-19,1,BEVERAGES,2426.0,27
2017-04-20,1,BEVERAGES,1948.0,23
2017-04-21,1,BEVERAGES,2600.0,25
2017-04-22,1,BEVERAGES,2785.0,32
2017-04-23,1,BEVERAGES,1047.0,23
2017-04-24,1,BEVERAGES,2419.0,36
2017-04-25,1,BEVERAGES,2083.0,27
2017-04-26,1,BEVERAGES,2608.0,29
2017-04-27,1,BEVERAGES,2022.0,32
2017-04-28,1,BEVERAGES,2235.0,28
2017-04-29,1,BEVERAGES,2156.0,33
2017-04-30,1,BEVERAGES,995.0,17
2017-05-01,1,BEVERAGES,825.0,15
2017-05-02,1,BEVERAGES,3179.0,26
2017-05-03,1,BEVERAGES,2479.0,28
2017-05-04,1,BEVERAGES,2454.0,15
2017-05-05,1,BEVERAGES,2243.0,17
2017-05-06,1,BEVERAGES,2735.0,13
2017-05-07,1,BEVERAGES,1019.0,11
2017-05-08,1,BEVERAGES,2317.0,16
2017-05-09,1,BEVERAGES,1943.0,15
2017-05-10,1,BEVERAGES,2033.0,24
2017-05-11,1,BEVERAGES,1697.0,20
2017-05-12,1,BEVERAGES,2472.0,26
2017-05-13,1,BEVERAGES,2498.0,27
2017-05-14,1,BEVERAGES,883.0,18
2017-05-15,1,BEVERAGES,2280.0,28
2017-05-16,1,BEVERAGES,2393.0,28
2017-05-17,1,BEVERAGES,2374.0,31
2017-05-18,1,BEVERAGES,2154.0,26
2017-05-19,1,BEVERAGES,2743.0,30
2017-05-20,1,BEVERAGES,2379.0,28
2017-05-21,1,BEVERAGES,974.0,23
2017-05-22,1,BEVERAGES,2620.0,25
2017-05-23,1,BEVERAGES,2365.0,25
2017-05-24,1,BEVERAGES,2611.0,26
2017-05-25,1,BEVERAGES,2229.0,27
2017-05-26,1,BEVERAGES,1100.0,21
2017-05-27,1,BEVERAGES,2270.0,30
2017-05-28,1,BEVERAGES,1110.0,24
2017-05-29,1,BEVERAGES,2407.0,32
2017-05-30,1,BEVERAGES,1937.0,31
2017-05-31,1,BEVERAGES,2554.0,31
2017-06-01,1,BEVERAGES,2250.0,9
2017-06-02,1,BEVERAGES,2752.0,27
2017-06-03,1,BEVERAGES,2718.0,24
2017-06-04,1,BEVERAGES,1142.0,17
2017-06-05,1,BEVERAGES,2616.0,20
2017-06-06,1,BEVERAGES,2625.0,24
2017-06-07,1,BEVERAGES,2651.0,26
2017-06-08,1,BEVERAGES,2159.0,22
2017-06-09,1,BEVERAGES,2532.0,23
2017-06-10,1,BEVERAGES,2692.0,23
2017-06-11,1,BEVERAGES,1272.0,23
2017-06-12,1,BEVERAGES,2335.0,24
2017-06-13,1,BEVERAGES,2579.0,21
2017-06-14,1,BEVERAGES,2707.0,25
2017-06-15,1,BEVERAGES,2137.0,22
2017-06-16,1,BEVERAGES,2532.0,17
2017-06-17,1,BEVERAGES,2738.0,19
2017-06-18,1,BEVERAGES,1005.0,10
2017-06-19,1,BEVERAGES,2493.0,16
2017-06-20,1,BEVERAGES,2977.0,17
2017-06-21,1,BEVERAGES,2583.0,34
2017-06-22,1,BEVERAGES,1824.0,21
2017-06-23,1,BEVERAGES,2394.0,24
2017-06-24,1,BEVERAGES,2674.0,25
2017-06-25,1,BEVERAGES,1070.0,20
2017-06-26,1,BEVERAGES,2242.0,25
2017-06-27,1,BEVERAGES,2101.0,25
2017-06-28,1,BEVERAGES,2203.0,26
2017-06-29,1,BEVERAGES,2128.0,26
2017-06-30,1,BEVERAGES,2496.0,30
2017-07-01,1,BEVERAGES,2596.0,27
2017-07-02,1,BEVERAGES,1135.0,25
2017-07-03,1,BEVERAGES,2526.0,27
2017-07-04,1,BEVERAGES,2284.0,27
2017-07-05,1,BEVERAGES,2691.0,42
2017-07-06,1,BEVERAGES,2284.0,39
2017-07-07,1,BEVERAGES,2574.0,41
2017-07-08,1,BEVERAGES,2351.0,38
2017-07-09,1,BEVERAGES,1181.0,35
2017-07-10,1,BEVERAGES,2338.0,38
2017-07-11,1,BEVERAGES,2372.0,36
2017-07-12,1,BEVERAGES,2460.0,45
2017-07-13,1,BEVERAGES,2115.0,34
2017-07-14,1,BEVERAGES,2529.0,40
2017-07-15,1,BEVERAGES,2183.0,38
2017-07-16,1,BEVERAGES,1079.0,34
2017-07-17,1,BEVERAGES,2381.0,39
2017-07-18,1,BEVERAGES,2589.0,42
2017-07-19,1,BEVERAGES,2369.0,34
2017-07-20,1,BEVERAGES,2006.0,32
2017-07-21,1,BEVERAGES,2859.0,30
2017-07-22,1,BEVERAGES,2258.0,22
2017-07-23,1,BEVERAGES,1024.0,19
2017-07-24,1,BEVERAGES,2158.0,22
2017-07-25,1,BEVERAGES,2438.0,23
2017-07-26,1,BEVERAGES,2242.0,21
2017-07-27,1,BEVERAGES,2002.0,27
2017-07-28,1,BEVERAGES,2358.0,26
2017-07-29,1,BEVERAGES,2161.0,22
2017-07-30,1,BEVERAGES,1212.0,16
2017-07-31,1,BEVERAGES,2414.0,24
2017-01-01,1,BOOKS,0.0,0
2017-01-02,1,BOOKS,0.0,0
2017-01-03,1,BOOKS,2.0,0
2017-01-04,1,BOOKS,2.0,0
2017-01-05,1,BOOKS,0.0,0
2017-01-06,1,BOOKS,0.0,0
2017-01-07,1,BOOKS,0.0,0
2017-01-08,1,BOOKS,1.0,0
2017-01-09,1,BOOKS,0.0,0
2017-01-10,1,BOOKS,3.0,0
2017-01-11,1,BOOKS,0.0,0
2017-01-12,1,BOOKS,2.0,0
2017-01-13,1,BOOKS,2.0,0
2017-01-14,1,BOOKS,2.0,0
2017-01-15,1,BOOKS,0.0,0
2017-01-16,1,BOOKS,0.0,0
2017-01-17,1,BOOKS,2.0,0
2017-01-18,1,BOOKS,1.0,0
2017-01-19,1,BOOKS,1.0,0
2017-01-20,1,BOOKS,0.0,0
2017-01-21,1,BOOKS,1.0,0
2017-01-22,1,BOOKS,1.0,0
2017-01-23,1,BOOKS,1.0,0
2017-01-24,1,BOOKS,0.0,0
2017-01-25,1,BOOKS,3.0,0
2017-01-26,1,BOOKS,0.0,0
2017-01-27,1,BOOKS,1.0,0
2017-01-28,1,BOOKS,0.0,0
2017-01-29,1,BOOKS,0.0,0
2017-01-30,1,BOOKS,0.0,0
2017-01-31,1,BOOKS,1.0,0
2017-02-01,1,BOOKS,1.0,0
2017-02-02,1,BOOKS,0.0,0
2017-02-03,1,BOOKS,1.0,0
2017-02-04,1,BOOKS,1.0,0
2017-02-05,1,BOOKS,1.0,0
2017-02-06,1,BOOKS,0.0,0
2017-02-07,1,BOOKS,2.0,0
2017-02-08,1,BOOKS,2.0,0
2017-02-09,1,BOOKS,2.0,0
2017-02-10,1,BOOKS,1.0,0
2017-02-11,1,BOOKS,0.0,0
2017-02-12,1,BOOKS,1.0,0
2017-02-13,1,BOOKS,1.0,0
2017-02-14,1,BOOKS,0.0,0
2017-02-15,1,BOOKS,0.0,0
2017-02-16,1,BOOKS,3.0,0
2017-02-17,1,BOOKS,1.0,0
2017-02-18,1,BOOKS,0.0,0
2017-02-19,1,BOOKS,0.0,0
2017-02-20,1,BOOKS,0.0,0
2017-02-21,1,BOOKS,0.0,0
2017-02-22,1,BOOKS,0.0,0
2017-02-23,1,BOOKS,0.0,0
2017-02-24,1,BOOKS,0.0,0
2017-02-25,1,BOOKS,0.0,0
2017-02-26,1,BOOKS,0.0,0
2017-02-27,1,BOOKS,0.0,0
2017-02-28,1,BOOKS,0.0,0
2017-03-01,1,BOOKS,0.0,0
2017-03-02,1,BOOKS,0.0,0
2017-03-03,1,BOOKS,0.0,0
2017-03-04,1,BOOKS,1.0,0
2017-03-05,1,BOOKS,0.0,0
2017-03-06,1,BOOKS,0.0,0
2017-03-07,1,BOOKS,2.0,0
2017-03-08,1,BOOKS,0.0,0
2017-03-09,1,BOOKS,1.0,0
2017-03-10,1,BOOKS,2.0,0
2017-03-11,1,BOOKS,2.0,0
2017-03-12,1,BOOKS,0.0,0
2017-03-13,1,BOOKS,0.0,0
2017-03-14,1,BOOKS,1.0,0
2017-03-15,1,BOOKS,0.0,0
2017-03-16,1,BOOKS,0.0,0
2017-03-17,1,BOOKS,0.0,0
2017-03-18,1,BOOKS,0.0,0
2017-03-19,1,BOOKS,1.0,0
2017-03-20,1,BOOKS,0.0,0
2017-03-21,1,BOOKS,0.0,0
2017-03-22,1,BOOKS,1.0,0
2017-03-23,1,BOOKS,0.0,0
2017-03-24,1,BOOKS,1.0,0
2017-03-25,1,BOOKS,0.0,0
2017-03-26,1,BOOKS,0.0,0
2017-03-27,1,BOOKS,1.0,0
2017-03-28,1,BOOKS,0.0,0
2017-03-29,1,BOOKS,1.0,0
2017-03-30,1,BOOKS,0.0,0
2017-03-31,1,BOOKS,1.0,0
2017-04-01,1,BOOKS,0.0,0
2017-04-02,1,BOOKS,0.0,0
2017-04-03,1,BOOKS,0.0,0
2017-04-04,1,BOOKS,1.0,0
2017-04-05,1,BOOKS,2.0,0
2017-04-06,1,BOOKS,1.0,0
2017-04-07,1,BOOKS,0.0,0
2017-04-08,1,BOOKS,0.0,0
2017-04-09,1,BOOKS,0.0,0
2017-04-10,1,BOOKS,1.0,0
2017-04-11,1,BOOKS,0.0,0
2017-04-12,1,BOOKS,1.0,0
2017-04-13,1,BOOKS,0.0,0
2017-04-14,1,BOOKS,0.0,0
2017-04-15,1,BOOKS,0.0,0
2017-04-16,1,BOOKS,0.0,0
2017-04-17,1,BOOKS,0.0,0
2017-04-18,1,BOOKS,1.0,0
2017-04-19,1,BOOKS,0.0,0
2017-04-20,1,BOOKS,0.0,0
2017-04-21,1,BOOKS,1.0,0
2017-04-22,1,BOOKS,1.0,0
2017-04-23,1,BOOKS,1.0,0
2017-04-24,1,BOOKS,0.0,0
2017-04-25,1,BOOKS,0.0,0
2017-04-26,1,BOOKS,2.0,0
2017-04-27,1,BOOKS,0.0,0
2017-04-28,1,BOOKS,0.0,0
2017-04-29,1,BOOKS,0.0,0
2017-04-30,1,BOOKS,1.0,0
2017-05-01,1,BOOKS,0.0,0
2017-05-02,1,BOOKS,0.0,0
2017-05-03,1,BOOKS,1.0,0
2017-05-04,1,BOOKS,0.0,0
2017-05-05,1,BOOKS,1.0,0
2017-05-06,1,BOOKS,0.0,0
2017-05-07,1,BOOKS,0.0,0
2017-05-08,1,BOOKS,2.0,0
2017-05-09,1,BOOKS,1.0,0
2017-05-10,1,BOOKS,0.0,0
2017-05-11,1,BOOKS,1.0,0
2017-05-12,1,BOOKS,0.0,0
2017-05-13,1,BOOKS,0.0,0
2017-05-14,1,BOOKS,0.0,0
2017-05-15,1,BOOKS,0.0,0
2017-05-16,1,BOOKS,0.0,0
2017-05-17,1,BOOKS,1.0,0
2017-05-18,1,BOOKS,0.0,0
2017-05-19,1,BOOKS,0.0,0
2017-05-20,1,BOOKS,0.0,0
2017-05-21,1,BOOKS,0.0,0
2017-05-22,1,BOOKS,1.0,0
2017-05-23,1,BOOKS,1.0,0
2017-05-24,1,BOOKS,1.0,0
2017-05-25,1,BOOKS,0.0,0
2017-05-26,1,BOOKS,0.0,0
2017-05-27,1,BOOKS,0.0,0
2017-05-28,1,BOOKS,0.0,0
2017-05-29,1,BOOKS,0.0,0
2017-05-30,1,BOOKS,0.0,0
2017-05-31,1,BOOKS,1.0,0
2017-06-01,1,BOOKS,3.0,0
2017-06-02,1,BOOKS,0.0,0
2017-06-03,1,BOOKS,0.0,0
2017-06-04,1,BOOKS,0.0,0
2017-06-05,1,BOOKS,0.0,0
2017-06-06,1,BOOKS,1.0,0
2017-06-07,1,BOOKS,1.0,0
2017-06-08,1,BOOKS,0.0,0
2017-06-09,1,BOOKS,0.0,0
2017-06-10,1,BOOKS,0.0,0
2017-06-11,1,BOOKS,2.0,0
2017-06-12,1,BOOKS,0.0,0
2017-06-13,1,BOOKS,2.0,0
2017-06-14,1,BOOKS,3.0,0
2017-06-15,1,BOOKS,1.0,0
2017-06-16,1,BOOKS,1.0,0
2017-06-17,1,BOOKS,0.0,0
2017-06-18,1,BOOKS,0.0,0
2017-06-19,1,BOOKS,0.0,0
2017-06-20,1,BOOKS,0.0,0
2017-06-21,1,BOOKS,0.0,0
2017-06-22,1,BOOKS,0.0,0
2017-06-23,1,BOOKS,0.0,0
2017-06-24,1,BOOKS,1.0,0
2017-06-25,1,BOOKS,0.0,0
2017-06-26,1,BOOKS,0.0,0
2017-06-27,1,BOOKS,0.0,0
2017-06-28,1,BOOKS,0.0,0
2017-06-29,1,BOOKS,0.0,0
2017-06-30,1,BOOKS,0.0,0
2017-07-01,1,BOOKS,0.0,0
2017-07-02,1,BOOKS,0.0,0
2017-07-03,1,BOOKS,1.0,0
2017-07-04,1,BOOKS,0.0,0
2017-07-05,1,BOOKS,0.0,0
2017-07-06,1,BOOKS,0.0,0
2017-07-07,1,BOOKS,1.0,0
2017-07-08,1,BOOKS,0.0,0
2017-07-09,1,BOOKS,0.0,0
2017-07-10,1,BOOKS,0.0,0
2017-07-11,1,BOOKS,1.0,0
2017-07-12,1,BOOKS,0.0,0
2017-07-13,1,BOOKS,0.0,0
2017-07-14,1,BOOKS,2.0,0
2017-07-15,1,BOOKS,0.0,0
2017-07-16,1,BOOKS,0.0,0
2017-07-17,1,BOOKS,1.0,0
2017-07-18,1,BOOKS,0.0,0
2017-07-19,1,BOOKS,0.0,0
2017-07-20,1,BOOKS,0.0,0
2017-07-21,1,BOOKS,0.0,0
2017-07-22,1,BOOKS,0.0,0
2017-07-23,1,BOOKS,0.0,0
2017-07-24,1,BOOKS,0.0,0
2017-07-25,1,BOOKS,0.0,0
2017-07-26,1,BOOKS,0.0,0
2017-07-27,1,BOOKS,0.0,0
2017-07-28,1,BOOKS,0.0,0
2017-07-29,1,BOOKS,0.0,0
2017-07-30,1,BOOKS,0.0,0
2017-07-31,1,BOOKS,1.0,0
2017-01-01,1,BREAD/BAKERY,0.0,0
2017-01-02,1,BREAD/BAKERY,166.819,2
2017-01-03,1,BREAD/BAKERY,519.348,2
2017-01-04,1,BREAD/BAKERY,543.251,8
2017-01-05,1,BREAD/BAKERY,533.48,7
2017-01-06,1,BREAD/BAKERY,442.91,7
2017-01-07,1,BREAD/BAKERY,428.22,7
2017-01-08,1,BREAD/BAKERY,165.123,5
2017-01-09,1,BREAD/BAKERY,443.518,7
2017-01-10,1,BREAD/BAKERY,402.117,7
2017-01-11,1,BREAD/BAKERY,485.901,7
2017-01-12,1,BREAD/BAKERY,458.714,7
2017-01-13,1,BREAD/BAKERY,437.744,8
2017-01-14,1,BREAD/BAKERY,423.425,8
2017-01-15,1,BREAD/BAKERY,178.54199,7
2017-01-16,1,BREAD/BAKERY,446.852,9
2017-01-17,1,BREAD/BAKERY,356.595,9
2017-01-18,1,BREAD/BAKERY,489.989,9
2017-01-19,1,BREAD/BAKERY,383.597,7
2017-01-20,1,BREAD/BAKERY,415.931,7
2017-01-21,1,BREAD/BAKERY,548.317,7
2017-01-22,1,BREAD/BAKERY,176.059,5
2017-01-23,1,BREAD/BAKERY,423.656,7
2017-01-24,1,BREAD/BAKERY,390.546,7
2017-01-25,1,BREAD/BAKERY,440.445,15
2017-01-26,1,BREAD/BAKERY,410.938,7
2017-01-27,1,BREAD/BAKERY,424.178,8
2017-01-28,1,BREAD/BAKERY,534.066,9
2017-01-29,1,BREAD/BAKERY,194.053,9
2017-01-30,1,BREAD/BAKERY,411.963,9
2017-01-31,1,BREAD/BAKERY,408.073,8
2017-02-01,1,BREAD/BAKERY,512.612,10
2017-02-02,1,BREAD/BAKERY,401.498,8
2017-02-03,1,BREAD/BAKERY,426.004,8
2017-02-04,1,BREAD/BAKERY,428.366,9
2017-02-05,1,BREAD/BAKERY,171.024,6
2017-02-06,1,BREAD/BAKERY,419.905,7
2017-02-07,1,BREAD/BAKERY,442.26,8
2017-02-08,1,BREAD/BAKERY,484.537,9
2017-02-09,1,BREAD/BAKERY,431.694,12
2017-02-10,1,BREAD/BAKERY,419.394,11
2017-02-11,1,BREAD/BAKERY,504.894,11
2017-02-12,1,BREAD/BAKERY,184.727,10
2017-02-13,1,BREAD/BAKERY,483.722,11
2017-02-14,1,BREAD/BAKERY,400.835,10
2017-02-15,1,BREAD/BAKERY,494.802,12
2017-02-16,1,BREAD/BAKERY,398.753,5
2017-02-17,1,BREAD/BAKERY,431.773,6
2017-02-18,1,BREAD/BAKERY,471.921,5
2017-02-19,1,BREAD/BAKERY,146.619,2
2017-02-20,1,BREAD/BAKERY,427.359,6
2017-02-21,1,BREAD/BAKERY,368.982,6
2017-02-22,1,BREAD/BAKERY,440.41602,6
2017-02-23,1,BREAD/BAKERY,436.41602,6
2017-02-24,1,BREAD/BAKERY,387.487,5
2017-02-25,1,BREAD/BAKERY,353.808,5
2017-02-26,1,BREAD/BAKERY,124.075,3
2017-02-27,1,BREAD/BAKERY,104.888,1
2017-02-28,1,BREAD/BAKERY,134.242,4
2017-03-01,1,BREAD/BAKERY,564.652,22
2017-03-02,1,BREAD/BAKERY,410.388,18
2017-03-03,1,BREAD/BAKERY,469.035,20
2017-03-04,1,BREAD/BAKERY,453.046,17
2017-03-05,1,BREAD/BAKERY,164.811,14
2017-03-06,1,BREAD/BAKERY,428.57,16
2017-03-07,1,BREAD/BAKERY,454.72,18
2017-03-08,1,BREAD/BAKERY,447.205,18
2017-03-09,1,BREAD/BAKERY,336.09,4
2017-03-10,1,BREAD/BAKERY,436.295,3
2017-03-11,1,BREAD/BAKERY,442.795,3
2017-03-12,1,BREAD/BAKERY,184.134,4
2017-03-13,1,BREAD/BAKERY,426.337,5
2017-03-14,1,BREAD/BAKERY,366.405,4
2017-03-15,1,BREAD/BAKERY,529.848,5
2017-03-16,1,BREAD/BAKERY,380.284,4
2017-03-17,1,BREAD/BAKERY,502.811,5
2017-03-18,1,BREAD/BAKERY,496.185,6
2017-03-19,1,BREAD/BAKERY,168.275,3
2017-03-20,1,BREAD/BAKERY,562.557,4
2017-03-21,1,BREAD/BAKERY,346.535,5
2017-03-22,1,BREAD/BAKERY,431.674,3
2017-03-23,1,BREAD/BAKERY,400.888,1
2017-03-24,1,BREAD/BAKERY,441.63,2
2017-03-25,1,BREAD/BAKERY,465.903,1
2017-03-26,1,BREAD/BAKERY,216.934,1
2017-03-27,1,BREAD/BAKERY,447.837,2
2017-03-28,1,BREAD/BAKERY,416.425,2
2017-03-29,1,BREAD/BAKERY,464.377,2
2017-03-30,1,BREAD/BAKERY,453.802,1
2017-03-31,1,BREAD/BAKERY,463.54,1
2017-04-01,1,BREAD/BAKERY,526.249,1
2017-04-02,1,BREAD/BAKERY,180.339,0
2017-04-03,1,BREAD/BAKERY,444.857,1
2017-04-04,1,BREAD/BAKERY,403.819,2
2017-04-05,1,BREAD/BAKERY,499.385,2
2017-04-06,1,BREAD/BAKERY,376.694,1
2017-04-07,1,BREAD/BAKERY,382.203,1
2017-04-08,1,BREAD/BAKERY,463.815,2
2017-04-09,1,BREAD/BAKERY,190.93,2
2017-04-10,1,BREAD/BAKERY,334.557,1
2017-04-11,1,BREAD/BAKERY,371.559,1
2017-04-12,1,BREAD/BAKERY,417.58398,4
2017-04-13,1,BREAD/BAKERY,364.597,4
2017-04-14,1,BREAD/BAKERY,156.081,7
2017-04-15,1,BREAD/BAKERY,351.967,4
2017-04-16,1,BREAD/BAKERY,154.388,7
2017-04-17,1,BREAD/BAKERY,464.106,5
2017-04-18,1,BREAD/BAKERY,307.667,5
2017-04-19,1,BREAD/BAKERY,413.586,6
2017-04-20,1,BREAD/BAKERY,420.877,7
2017-04-21,1,BREAD/BAKERY,376.189,7
2017-04-22,1,BREAD/BAKERY,440.086,8
2017-04-23,1,BREAD/BAKERY,178.518,6
2017-04-24,1,BREAD/BAKERY,433.097,7
2017-04-25,1,BREAD/BAKERY,323.238,7
2017-04-26,1,BREAD/BAKERY,391.912,7
2017-04-27,1,BREAD/BAKERY,396.322,7
2017-04-28,1,BREAD/BAKERY,397.879,6
2017-04-29,1,BREAD/BAKERY,408.377,6
2017-04-30,1,BREAD/BAKERY,139.507,7
2017-05-01,1,BREAD/BAKERY,116.339,3
2017-05-02,1,BREAD/BAKERY,447.238,10
2017-05-03,1,BREAD/BAKERY,434.029,8
2017-05-04,1,BREAD/BAKERY,438.214,6
2017-05-05,1,BREAD/BAKERY,398.965,5
2017-05-06,1,BREAD/BAKERY,426.652,10
2017-05-07,1,BREAD/BAKERY,186.965,5
2017-05-08,1,BREAD/BAKERY,460.901,7
2017-05-09,1,BREAD/BAKERY,387.498,5
2017-05-10,1,BREAD/BAKERY,400.233,4
2017-05-11,1,BREAD/BAKERY,395.214,5
2017-05-12,1,BREAD/BAKERY,361.828,4
2017-05-13,1,BREAD/BAKERY,463.982,3
2017-05-14,1,BREAD/BAKERY,170.293,2
2017-05-15,1,BREAD/BAKERY,340.48,3
2017-05-16,1,BREAD/BAKERY,364.471,4
2017-05-17,1,BREAD/BAKERY,468.181,5
2017-05-18,1,BREAD/BAKERY,350.502,3
2017-05-19,1,BREAD/BAKERY,481.324,4
2017-05-20,1,BREAD/BAKERY,392.965,4
2017-05-21,1,BREAD/BAKERY,161.529,3
2017-05-22,1,BREAD/BAKERY,418.029,6
2017-05-23,1,BREAD/BAKERY,413.152,5
2017-05-24,1,BREAD/BAKERY,349.681,6
2017-05-25,1,BREAD/BAKERY,372.385,2
2017-05-26,1,BREAD/BAKERY,190.733,3
2017-05-27,1,BREAD/BAKERY,300.786,4
2017-05-28,1,BREAD/BAKERY,167.441,3
2017-05-29,1,BREAD/BAKERY,387.28,4
2017-05-30,1,BREAD/BAKERY,378.91,5
2017-05-31,1,BREAD/BAKERY,439.526,5
2017-06-01,1,BREAD/BAKERY,391.227,0
2017-06-02,1,BREAD/BAKERY,417.912,0
2017-06-03,1,BREAD/BAKERY,380.692,0
2017-06-04,1,BREAD/BAKERY,161.493,1
2017-06-05,1,BREAD/BAKERY,402.837,0
2017-06-06,1,BREAD/BAKERY,387.346,0
2017-06-07,1,BREAD/BAKERY,401.793,0
2017-06-08,1,BREAD/BAKERY,348.987,0
2017-06-09,1,BREAD/BAKERY,408.15,0
2017-06-10,1,BREAD/BAKERY,418.077,0
2017-06-11,1,BREAD/BAKERY,180.703,0
2017-06-12,1,BREAD/BAKERY,377.262,0
2017-06-13,1,BREAD/BAKERY,350.359,0
2017-06-14,1,BREAD/BAKERY,470.74,0
2017-06-15,1,BREAD/BAKERY,364.447,0
2017-06-16,1,BREAD/BAKERY,370.159,0
2017-06-17,1,BREAD/BAKERY,387.04,0
2017-06-18,1,BREAD/BAKERY,160.192,0
2017-06-19,1,BREAD/BAKERY,402.694,0
2017-06-20,1,BREAD/BAKERY,414.98,0
2017-06-21,1,BREAD/BAKERY,388.403,6
2017-06-22,1,BREAD/BAKERY,361.813,5
2017-06-23,1,BREAD/BAKERY,424.383,5
2017-06-24,1,BREAD/BAKERY,416.026,5
2017-06-25,1,BREAD/BAKERY,215.282,5
2017-06-26,1,BREAD/BAKERY,389.051,5
2017-06-27,1,BREAD/BAKERY,329.405,2
2017-06-28,1,BREAD/BAKERY,404.476,6
2017-06-29,1,BREAD/BAKERY,387.057,6
2017-06-30,1,BREAD/BAKERY,417.877,9
2017-07-01,1,BREAD/BAKERY,344.722,6
2017-07-02,1,BREAD/BAKERY,177.385,6
2017-07-03,1,BREAD/BAKERY,452.515,6
2017-07-04,1,BREAD/BAKERY,355.031,5
2017-07-05,1,BREAD/BAKERY,426.284,5
2017-07-06,1,BREAD/BAKERY,331.689,5
2017-07-07,1,BREAD/BAKERY,397.388,5
2017-07-08,1,BREAD/BAKERY,407.33,6
2017-07-09,1,BREAD/BAKERY,152.535,5
2017-07-10,1,BREAD/BAKERY,417.143,6
2017-07-11,1,BREAD/BAKERY,320.145,6
2017-07-12,1,BREAD/BAKERY,428.963,6
2017-07-13,1,BREAD/BAKERY,348.923,0
2017-07-14,1,BREAD/BAKERY,297.425,0
2017-07-15,1,BREAD/BAKERY,318.612,0
2017-07-16,1,BREAD/BAKERY,121.055,0
2017-07-17,1,BREAD/BAKERY,385.808,0
2017-07-18,1,BREAD/BAKERY,356.837,0
2017-07-19,1,BREAD/BAKERY,411.062,0
2017-07-20,1,BREAD/BAKERY,338.802,0
2017-07-21,1,BREAD/BAKERY,427.278,0
2017-07-22,1,BREAD/BAKERY,383.414,0
2017-07-23,1,BREAD/BAKERY,136.874,0
2017-07-24,1,BREAD/BAKERY,365.35,0
2017-07-25,1,BREAD/BAKERY,374.29102,0
2017-07-26,1,BREAD/BAKERY,354.80402,0
2017-07-27,1,BREAD/BAKERY,321.0,0
2017-07-28,1,BREAD/BAKERY,403.645,0
2017-07-29,1,BREAD/BAKERY,330.035,0
2017-07-30,1,BREAD/BAKERY,153.808,0
2017-07-31,1,BREAD/BAKERY,370.994,0
2017-01-01,1,CELEBRATION,0.0,0
2017-01-02,1,CELEBRATION,0.0,0
2017-01-03,1,CELEBRATION,15.0,0
2017-01-04,1,CELEBRATION,17.0,1
2017-01-05,1,CELEBRATION,40.0,0
2017-01-06,1,CELEBRATION,9.0,0
2017-01-07,1,CELEBRATION,14.0,0
2017-01-08,1,CELEBRATION,1.0,0
2017-01-09,1,CELEBRATION,21.0,0
2017-01-10,1,CELEBRATION,8.0,0
2017-01-11,1,CELEBRATION,10.0,0
2017-01-12,1,CELEBRATION,20.0,0
2017-01-13,1,CELEBRATION,12.0,0
2017-01-14,1,CELEBRATION,22.0,0
2017-01-15,1,CELEBRATION,5.0,0
2017-01-16,1,CELEBRATION,17.0,0
2017-01-17,1,CELEBRATION,12.0,0
2017-01-18,1,CELEBRATION,3.0,0
2017-01-19,1,CELEBRATION,16.0,0
2017-01-20,1,CELEBRATION,16.0,0
2017-01-21,1,CELEBRATION,11.0,0
2017-01-22,1,CELEBRATION,5.0,0
2017-01-23,1,CELEBRATION,13.0,0
2017-01-24,1,CELEBRATION,14.0,0
2017-01-25,1,CELEBRATION,19.0,0
2017-01-26,1,CELEBRATION,22.0,0
2017-01-27,1,CELEBRATION,29.0,0
2017-01-28,1,CELEBRATION,11.0,0
2017-01-29,1,CELEBRATION,2.0,0
2017-01-30,1,CELEBRATION,10.0,0
2017-01-31,1,CELEBRATION,11.0,0
2017-02-01,1,CELEBRATION,3.0,0
2017-02-02,1,CELEBRATION,22.0,0
2017-02-03,1,CELEBRATION,21.0,0
2017-02-04,1,CELEBRATION,23.0,0
2017-02-05,1,CELEBRATION,2.0,0
2017-02-06,1,CELEBRATION,7.0,0
2017-02-07,1,CELEBRATION,9.0,0
2017-02-08,1,CELEBRATION,25.0,0
2017-02-09,1,CELEBRATION,19.0,0
2017-02-10,1,CELEBRATION,33.0,0
2017-02-11,1,CELEBRATION,22.0,0
2017-02-12,1,CELEBRATION,6.0,0
2017-02-13,1,CELEBRATION,17.0,0
2017-02-14,1,CELEBRATION,23.0,0
2017-02-15,1,CELEBRATION,26.0,0
2017-02-16,1,CELEBRATION,18.0,0
2017-02-17,1,CELEBRATION,16.0,0
2017-02-18,1,CELEBRATION,13.0,0
2017-02-19,1,CELEBRATION,1.0,0
2017-02-20,1,CELEBRATION,6.0,0
2017-02-21,1,CELEBRATION,7.0,0
2017-02-22,1,CELEBRATION,12.0,0
2017-02-23,1,CELEBRATION,22.0,0
2017-02-24,1,CELEBRATION,9.0,0
2017-02-25,1,CELEBRATION,7.0,0
2017-02-26,1,CELEBRATION,0.0,0
2017-02-27,1,CELEBRATION,0.0,0
2017-02-28,1,CELEBRATION,7.0,0
2017-03-01,1,CELEBRATION,14.0,0
2017-03-02,1,CELEBRATION,22.0,0
2017-03-03,1,CELEBRATION,22.0,0
2017-03-04,1,CELEBRATION,7.0,0
2017-03-05,1,CELEBRATION,2.0,0
2017-03-06,1,CELEBRATION,14.0,0
2017-03-07,1,CELEBRATION,7.0,0
2017-03-08,1,CELEBRATION,17.0,0
2017-03-09,1,CELEBRATION,26.0,0
2017-03-10,1,CELEBRATION,22.0,0
2017-03-11,1,CELEBRATION,22.0,0
2017-03-12,1,CELEBRATION,6.0,0
2017-03-13,1,CELEBRATION,19.0,0
2017-03-14,1,CELEBRATION,18.0,0
2017-03-15,1,CELEBRATION,20.0,0
2017-03-16,1,CELEBRATION,6.0,0
2017-03-17,1,CELEBRATION,25.0,0
2017-03-18,1,CELEBRATION,18.0,0
2017-03-19,1,CELEBRATION,3.0,0
2017-03-20,1,CELEBRATION,7.0,0
2017-03-21,1,CELEBRATION,18.0,0
2017-03-22,1,CELEBRATION,28.0,0
2017-03-23,1,CELEBRATION,15.0,0
2017-03-24,1,CELEBRATION,20.0,0
2017-03-25,1,CELEBRATION,25.0,0
2017-03-26,1,CELEBRATION,2.0,0
2017-03-27,1,CELEBRATION,12.0,0
2017-03-28,1,CELEBRATION,20.0,0
2017-03-29,1,CELEBRATION,15.0,0
2017-03-30,1,CELEBRATION,17.0,0
2017-03-31,1,CELEBRATION,29.0,0
2017-04-01,1,CELEBRATION,14.0,0
2017-04-02,1,CELEBRATION,3.0,0
2017-04-03,1,CELEBRATION,11.0,0
2017-04-04,1,CELEBRATION,19.0,0
2017-04-05,1,CELEBRATION,18.0,0
2017-04-06,1,CELEBRATION,19.0,0
2017-04-07,1,CELEBRATION,28.0,0
2017-04-08,1,CELEBRATION,11.0,0
2017-04-09,1,CELEBRATION,3.0,0
2017-04-10,1,CELEBRATION,16.0,0
2017-04-11,1,CELEBRATION,22.0,0
2017-04-12,1,CELEBRATION,10.0,0
2017-04-13,1,CELEBRATION,25.0,0
2017-04-14,1,CELEBRATION,7.0,0
2017-04-15,1,CELEBRATION,4.0,0
2017-04-16,1,CELEBRATION,7.0,0
2017-04-17,1,CELEBRATION,14.0,0
2017-04-18,1,CELEBRATION,12.0,0
2017-04-19,1,CELEBRATION,18.0,0
2017-04-20,1,CELEBRATION,20.0,0
2017-04-21,1,CELEBRATION,24.0,0
2017-04-22,1,CELEBRATION,22.0,0
2017-04-23,1,CELEBRATION,6.0,0
2017-04-24,1,CELEBRATION,16.0,0
2017-04-25,1,CELEBRATION,22.0,0
2017-04-26,1,CELEBRATION,28.0,0
2017-04-27,1,CELEBRATION,16.0,0
2017-04-28,1,CELEBRATION,30.0,0
2017-04-29,1,CELEBRATION,20.0,0
2017-04-30,1,CELEBRATION,2.0,0
2017-05-01,1,CELEBRATION,2.0,0
2017-05-02,1,CELEBRATION,20.0,0
2017-05-03,1,CELEBRATION,22.0,0
2017-05-04,1,CELEBRATION,15.0,0
2017-05-05,1,CELEBRATION,15.0,0
2017-05-06,1,CELEBRATION,15.0,0
2017-05-07,1,CELEBRATION,6.0,0
2017-05-08,1,CELEBRATION,29.0,0
2017-05-09,1,CELEBRATION,18.0,0
2017-05-10,1,CELEBRATION,7.0,0
2017-05-11,1,CELEBRATION,38.0,0
2017-05-12,1,CELEBRATION,27.0,0
2017-05-13,1,CELEBRATION,15.0,0
2017-05-14,1,CELEBRATION,3.0,0
2017-05-15,1,CELEBRATION,13.0,0
2017-05-16,1,CELEBRATION,12.0,0
2017-05-17,1,CELEBRATION,29.0,0
2017-05-18,1,CELEBRATION,12.0,0
2017-05-19,1,CELEBRATION,24.0,0
2017-05-20,1,CELEBRATION,7.0,1
2017-05-21,1,CELEBRATION,1.0,0
2017-05-22,1,CELEBRATION,16.0,0
2017-05-23,1,CELEBRATION,8.0,0
2017-05-24,1,CELEBRATION,11.0,0
2017-05-25,1,CELEBRATION,18.0,0
2017-05-26,1,CELEBRATION,7.0,0
2017-05-27,1,CELEBRATION,10.0,0
2017-05-28,1,CELEBRATION,1.0,0
2017-05-29,1,CELEBRATION,13.0,0
2017-05-30,1,CELEBRATION,17.0,0
2017-05-31,1,CELEBRATION,29.0,0
2017-06-01,1,CELEBRATION,34.0,0
2017-06-02,1,CELEBRATION,25.0,0
2017-06-03,1,CELEBRATION,15.0,0
2017-06-04,1,CELEBRATION,2.0,0
2017-06-05,1,CELEBRATION,5.0,0
2017-06-06,1,CELEBRATION,19.0,0
2017-06-07,1,CELEBRATION,17.0,0
2017-06-08,1,CELEBRATION,13.0,0
2017-06-09,1,CELEBRATION,21.0,0
2017-06-10,1,CELEBRATION,10.0,0
2017-06-11,1,CELEBRATION,4.0,0
2017-06-12,1,CELEBRATION,19.0,0
2017-06-13,1,CELEBRATION,11.0,0
2017-06-14,1,CELEBRATION,19.0,0
2017-06-15,1,CELEBRATION,33.0,0
2017-06-16,1,CELEBRATION,27.0,0
2017-06-17,1,CELEBRATION,17.0,0
2017-06-18,1,CELEBRATION,7.0,0
2017-06-19,1,CELEBRATION,15.0,0
2017-06-20,1,CELEBRATION,13.0,0
2017-06-21,1,CELEBRATION,10.0,0
2017-06-22,1,CELEBRATION,18.0,0
2017-06-23,1,CELEBRATION,39.0,0
2017-06-24,1,CELEBRATION,5.0,0
2017-06-25,1,CELEBRATION,9.0,0
2017-06-26,1,CELEBRATION,12.0,0
2017-06-27,1,CELEBRATION,22.0,0
2017-06-28,1,CELEBRATION,20.0,0
2017-06-29,1,CELEBRATION,14.0,0
2017-06-30,1,CELEBRATION,26.0,0
2017-07-01,1,CELEBRATION,10.0,0
2017-07-02,1,CELEBRATION,8.0,0
2017-07-03,1,CELEBRATION,15.0,0
2017-07-04,1,CELEBRATION,36.0,0
2017-07-05,1,CELEBRATION,11.0,0
2017-07-06,1,CELEBRATION,14.0,0
2017-07-07,1,CELEBRATION,12.0,0
2017-07-08,1,CELEBRATION,5.0,0
2017-07-09,1,CELEBRATION,6.0,0
2017-07-10,1,CELEBRATION,46.0,0
2017-07-11,1,CELEBRATION,14.0,0
2017-07-12,1,CELEBRATION,11.0,0
2017-07-13,1,CELEBRATION,19.0,0
2017-07-14,1,CELEBRATION,26.0,0
2017-07-15,1,CELEBRATION,23.0,0
2017-07-16,1,CELEBRATION,9.0,0
2017-07-17,1,CELEBRATION,8.0,0
2017-07-18,1,CELEBRATION,11.0,0
2017-07-19,1,CELEBRATION,12.0,0
2017-07-20,1,CELEBRATION,15.0,0
2017-07-21,1,CELEBRATION,35.0,0
2017-07-22,1,CELEBRATION,26.0,0
2017-07-23,1,CELEBRATION,0.0,0
2017-07-24,1,CELEBRATION,22.0,0
2017-07-25,1,CELEBRATION,21.0,0
2017-07-26,1,CELEBRATION,16.0,0
2017-07-27,1,CELEBRATION,21.0,0
2017-07-28,1,CELEBRATION,20.0,0
2017-07-29,1,CELEBRATION,6.0,0
2017-07-30,1,CELEBRATION,0.0,0
2017-07-31,1,CELEBRATION,3.0,0
2017-01-01,1,CLEANING,0.0,0
2017-01-02,1,CLEANING,332.0,7
2017-01-03,1,CLEANING,952.0,18
2017-01-04,1,CLEANING,1055.0,15
2017-01-05,1,CLEANING,918.0,10
2017-01-06,1,CLEANING,799.0,12
2017-01-07,1,CLEANING,767.0,9
2017-01-08,1,CLEANING,345.0,6
2017-01-09,1,CLEANING,878.0,10
2017-01-10,1,CLEANING,920.0,7
2017-01-11,1,CLEANING,947.0,6
2017-01-12,1,CLEANING,686.0,9
2017-01-13,1,CLEANING,778.0,8
2017-01-14,1,CLEANING,637.0,8
2017-01-15,1,CLEANING,280.0,6
2017-01-16,1,CLEANING,766.0,7
2017-01-17,1,CLEANING,1030.0,8
2017-01-18,1,CLEANING,861.0,6
2017-01-19,1,CLEANING,676.0,4
2017-01-20,1,CLEANING,672.0,10
2017-01-21,1,CLEANING,650.0,9
2017-01-22,1,CLEANING,267.0,4
2017-01-23,1,CLEANING,852.0,6
2017-01-24,1,CLEANING,738.0,4
2017-01-25,1,CLEANING,750.0,12
2017-01-26,1,CLEANING,693.0,8
2017-01-27,1,CLEANING,738.0,14
2017-01-28,1,CLEANING,605.0,8
2017-01-29,1,CLEANING,302.0,8
2017-01-30,1,CLEANING,580.0,12
2017-01-31,1,CLEANING,679.0,9
2017-02-01,1,CLEANING,1070.0,18
2017-02-02,1,CLEANING,703.0,8
2017-02-03,1,CLEANING,702.0,11
2017-02-04,1,CLEANING,763.0,9
2017-02-05,1,CLEANING,234.0,8
2017-02-06,1,CLEANING,650.0,12
2017-02-07,1,CLEANING,757.0,12
2017-02-08,1,CLEANING,811.0,23
2017-02-09,1,CLEANING,666.0,14
2017-02-10,1,CLEANING,789.0,10
2017-02-11,1,CLEANING,848.0,12
2017-02-12,1,CLEANING,298.0,8
2017-02-13,1,CLEANING,725.0,14
2017-02-14,1,CLEANING,640.0,14
2017-02-15,1,CLEANING,828.0,21
2017-02-16,1,CLEANING,668.0,13
2017-02-17,1,CLEANING,765.0,14
2017-02-18,1,CLEANING,691.0,14
2017-02-19,1,CLEANING,225.0,12
2017-02-20,1,CLEANING,645.0,13
2017-02-21,1,CLEANING,753.0,13
2017-02-22,1,CLEANING,820.0,14
2017-02-23,1,CLEANING,662.0,13
2017-02-24,1,CLEANING,682.0,13
2017-02-25,1,CLEANING,651.0,11
2017-02-26,1,CLEANING,220.0,12
2017-02-27,1,CLEANING,145.0,9
2017-02-28,1,CLEANING,309.0,13
2017-03-01,1,CLEANING,1029.0,11
2017-03-02,1,CLEANING,924.0,10
2017-03-03,1,CLEANING,903.0,12
2017-03-04,1,CLEANING,752.0,10
2017-03-05,1,CLEANING,250.0,8
2017-03-06,1,CLEANING,819.0,10
2017-03-07,1,CLEANING,1234.0,10
2017-03-08,1,CLEANING,720.0,12
2017-03-09,1,CLEANING,677.0,5
2017-03-10,1,CLEANING,733.0,7
2017-03-11,1,CLEANING,661.0,9
2017-03-12,1,CLEANING,317.0,6
2017-03-13,1,CLEANING,655.0,8
2017-03-14,1,CLEANING,659.0,7
2017-03-15,1,CLEANING,1001.0,7
2017-03-16,1,CLEANING,727.0,8
2017-03-17,1,CLEANING,923.0,8
2017-03-18,1,CLEANING,607.0,8
2017-03-19,1,CLEANING,285.0,6
2017-03-20,1,CLEANING,606.0,5
2017-03-21,1,CLEANING,892.0,7
2017-03-22,1,CLEANING,806.0,9
2017-03-23,1,CLEANING,712.0,7
2017-03-24,1,CLEANING,805.0,9
2017-03-25,1,CLEANING,690.0,9
2017-03-26,1,CLEANING,275.0,5
2017-03-27,1,CLEANING,668.0,8
2017-03-28,1,CLEANING,674.0,6
2017-03-29,1,CLEANING,818.0,6
2017-03-30,1,CLEANING,666.0,7
2017-03-31,1,CLEANING,772.0,6
2017-04-01,1,CLEANING,858.0,10
2017-04-02,1,CLEANING,281.0,6
2017-04-03,1,CLEANING,801.0,7
2017-04-04,1,CLEANING,673.0,6
2017-04-05,1,CLEANING,1057.0,8
2017-04-06,1,CLEANING,756.0,6
2017-04-07,1,CLEANING,776.0,8
2017-04-08,1,CLEANING,657.0,6
2017-04-09,1,CLEANING,251.0,3
2017-04-10,1,CLEANING,560.0,5
2017-04-11,1,CLEANING,769.0,14
2017-04-12,1,CLEANING,773.0,17
2017-04-13,1,CLEANING,574.0,16
2017-04-14,1,CLEANING,184.0,6
2017-04-15,1,CLEANING,429.0,11
2017-04-16,1,CLEANING,228.0,13
2017-04-17,1,CLEANING,851.0,20
2017-04-18,1,CLEANING,661.0,19
2017-04-19,1,CLEANING,794.0,30
2017-04-20,1,CLEANING,696.0,26
2017-04-21,1,CLEANING,871.0,28
2017-04-22,1,CLEANING,701.0,26
2017-04-23,1,CLEANING,253.0,17
2017-04-24,1,CLEANING,648.0,25
2017-04-25,1,CLEANING,655.0,28
2017-04-26,1,CLEANING,972.0,29
2017-04-27,1,CLEANING,614.0,29
2017-04-28,1,CLEANING,737.0,30
2017-04-29,1,CLEANING,638.0,29
2017-04-30,1,CLEANING,208.0,20
2017-05-01,1,CLEANING,227.0,22
2017-05-02,1,CLEANING,1061.0,29
2017-05-03,1,CLEANING,1117.0,30
2017-05-04,1,CLEANING,956.0,31
2017-05-05,1,CLEANING,829.0,33
2017-05-06,1,CLEANING,688.0,28
2017-05-07,1,CLEANING,266.0,21
2017-05-08,1,CLEANING,728.0,19
2017-05-09,1,CLEANING,891.0,22
2017-05-10,1,CLEANING,945.0,36
2017-05-11,1,CLEANING,594.0,22
2017-05-12,1,CLEANING,764.0,21
2017-05-13,1,CLEANING,721.0,30
2017-05-14,1,CLEANING,152.0,13
2017-05-15,1,CLEANING,662.0,26
2017-05-16,1,CLEANING,785.0,24
2017-05-17,1,CLEANING,841.0,26
2017-05-18,1,CLEANING,669.0,21
2017-05-19,1,CLEANING,826.0,27
2017-05-20,1,CLEANING,588.0,22
2017-05-21,1,CLEANING,243.0,26
2017-05-22,1,CLEANING,712.0,26
2017-05-23,1,CLEANING,822.0,30
2017-05-24,1,CLEANING,944.0,27
2017-05-25,1,CLEANING,706.0,28
2017-05-26,1,CLEANING,303.0,20
2017-05-27,1,CLEANING,462.0,31
2017-05-28,1,CLEANING,272.0,20
2017-05-29,1,CLEANING,656.0,25
2017-05-30,1,CLEANING,681.0,25
2017-05-31,1,CLEANING,857.0,33
2017-06-01,1,CLEANING,683.0,1
2017-06-02,1,CLEANING,830.0,6
2017-06-03,1,CLEANING,621.0,5
2017-06-04,1,CLEANING,253.0,5
2017-06-05,1,CLEANING,680.0,7
2017-06-06,1,CLEANING,832.0,6
2017-06-07,1,CLEANING,892.0,7
2017-06-08,1,CLEANING,610.0,18
2017-06-09,1,CLEANING,845.0,24
2017-06-10,1,CLEANING,638.0,19
2017-06-11,1,CLEANING,259.0,11
2017-06-12,1,CLEANING,570.0,18
2017-06-13,1,CLEANING,754.0,17
2017-06-14,1,CLEANING,808.0,23
2017-06-15,1,CLEANING,672.0,23
2017-06-16,1,CLEANING,851.0,15
2017-06-17,1,CLEANING,554.0,21
2017-06-18,1,CLEANING,197.0,12
2017-06-19,1,CLEANING,674.0,21
2017-06-20,1,CLEANING,773.0,19
2017-06-21,1,CLEANING,780.0,35
2017-06-22,1,CLEANING,816.0,42
2017-06-23,1,CLEANING,872.0,39
2017-06-24,1,CLEANING,698.0,37
2017-06-25,1,CLEANING,290.0,27
2017-06-26,1,CLEANING,698.0,40
2017-06-27,1,CLEANING,727.0,42
2017-06-28,1,CLEANING,790.0,43
2017-06-29,1,CLEANING,709.0,42
2017-06-30,1,CLEANING,813.0,48
2017-07-01,1,CLEANING,777.0,39
2017-07-02,1,CLEANING,272.0,30
2017-07-03,1,CLEANING,734.0,33
2017-07-04,1,CLEANING,784.0,36
2017-07-05,1,CLEANING,879.0,40
2017-07-06,1,CLEANING,719.0,34
2017-07-07,1,CLEANING,751.0,38
2017-07-08,1,CLEANING,700.0,37
2017-07-09,1,CLEANING,268.0,27
2017-07-10,1,CLEANING,772.0,30
2017-07-11,1,CLEANING,754.0,27
2017-07-12,1,CLEANING,826.0,36
2017-07-13,1,CLEANING,615.0,20
2017-07-14,1,CLEANING,766.0,17
2017-07-15,1,CLEANING,621.0,19
2017-07-16,1,CLEANING,231.0,10
2017-07-17,1,CLEANING,704.0,15
2017-07-18,1,CLEANING,647.0,19
2017-07-19,1,CLEANING,860.0,22
2017-07-20,1,CLEANING,772.0,19
2017-07-21,1,CLEANING,879.0,17
2017-07-22,1,CLEANING,732.0,15
2017-07-23,1,CLEANING,276.0,10
2017-07-24,1,CLEANING,646.0,12
2017-07-25,1,CLEANING,644.0,10
2017-07-26,1,CLEANING,727.0,11
2017-07-27,1,CLEANING,660.0,15
2017-07-28,1,CLEANING,714.0,15
2017-07-29,1,CLEANING,667.0,15
2017-07-30,1,CLEANING,238.0,13
2017-07-31,1,CLEANING,678.0,17
2017-01-01,1,DAIRY,0.0,0
2017-01-02,1,DAIRY,376.0,11
2017-01-03,1,DAIRY,1045.0,14
2017-01-04,1,DAIRY,1029.0,32
2017-01-05,1,DAIRY,853.0,24
2017-01-06,1,DAIRY,927.0,27
2017-01-07,1,DAIRY,836.0,24
2017-01-08,1,DAIRY,447.0,19
2017-01-09,1,DAIRY,853.0,26
2017-01-10,1,DAIRY,923.0,25
2017-01-11,1,DAIRY,958.0,26
2017-01-12,1,DAIRY,674.0,25
2017-01-13,1,DAIRY,841.0,28
2017-01-14,1,DAIRY,903.0,28
2017-01-15,1,DAIRY,466.0,19
2017-01-16,1,DAIRY,782.0,18
2017-01-17,1,DAIRY,819.0,24
2017-01-18,1,DAIRY,926.0,29
2017-01-19,1,DAIRY,811.0,24
2017-01-20,1,DAIRY,688.0,22
2017-01-21,1,DAIRY,918.0,21
2017-01-22,1,DAIRY,349.0,18
2017-01-23,1,DAIRY,956.0,22
2017-01-24,1,DAIRY,744.0,20
2017-01-25,1,DAIRY,930.0,30
2017-01-26,1,DAIRY,719.0,17
2017-01-27,1,DAIRY,810.0,18
2017-01-28,1,DAIRY,881.0,18
2017-01-29,1,DAIRY,329.0,15
2017-01-30,1,DAIRY,841.0,19
2017-01-31,1,DAIRY,749.0,17
2017-02-01,1,DAIRY,937.0,17
2017-02-02,1,DAIRY,768.0,17
2017-02-03,1,DAIRY,875.0,16
2017-02-04,1,DAIRY,890.0,18
2017-02-05,1,DAIRY,380.0,16
2017-02-06,1,DAIRY,768.0,16
2017-02-07,1,DAIRY,839.0,18
2017-02-08,1,DAIRY,871.0,24
2017-02-09,1,DAIRY,733.0,14
2017-02-10,1,DAIRY,804.0,17
2017-02-11,1,DAIRY,850.0,19
2017-02-12,1,DAIRY,374.0,15
2017-02-13,1,DAIRY,945.0,19
2017-02-14,1,DAIRY,762.0,19
2017-02-15,1,DAIRY,863.0,25
2017-02-16,1,DAIRY,725.0,14
2017-02-17,1,DAIRY,840.0,15
2017-02-18,1,DAIRY,963.0,15
2017-02-19,1,DAIRY,366.0,14
2017-02-20,1,DAIRY,742.0,13
2017-02-21,1,DAIRY,780.0,15
2017-02-22,1,DAIRY,766.0,15
2017-02-23,1,DAIRY,738.0,14
2017-02-24,1,DAIRY,791.0,13
2017-02-25,1,DAIRY,705.0,13
2017-02-26,1,DAIRY,227.0,13
2017-02-27,1,DAIRY,183.0,9
2017-02-28,1,DAIRY,361.0,8
2017-03-01,1,DAIRY,1162.0,31
2017-03-02,1,DAIRY,848.0,31
2017-03-03,1,DAIRY,890.0,31
2017-03-04,1,DAIRY,898.0,32
2017-03-05,1,DAIRY,345.0,23
2017-03-06,1,DAIRY,785.0,27
2017-03-07,1,DAIRY,748.0,30
2017-03-08,1,DAIRY,854.0,32
2017-03-09,1,DAIRY,721.0,27
2017-03-10,1,DAIRY,858.0,29
2017-03-11,1,DAIRY,889.0,29
2017-03-12,1,DAIRY,415.0,19
2017-03-13,1,DAIRY,815.0,30
2017-03-14,1,DAIRY,783.0,22
2017-03-15,1,DAIRY,953.0,30
2017-03-16,1,DAIRY,794.0,31
2017-03-17,1,DAIRY,1118.0,46
2017-03-18,1,DAIRY,920.0,36
2017-03-19,1,DAIRY,423.0,25
2017-03-20,1,DAIRY,861.0,38
2017-03-21,1,DAIRY,787.0,44
2017-03-22,1,DAIRY,921.0,43
2017-03-23,1,DAIRY,761.0,23
2017-03-24,1,DAIRY,936.0,32
2017-03-25,1,DAIRY,943.0,33
2017-03-26,1,DAIRY,399.0,24
2017-03-27,1,DAIRY,855.0,31
2017-03-28,1,DAIRY,805.0,35
2017-03-29,1,DAIRY,956.0,31
2017-03-30,1,DAIRY,756.0,21
2017-03-31,1,DAIRY,949.0,28
2017-04-01,1,DAIRY,1151.0,3
2017-04-02,1,DAIRY,446.0,1
2017-04-03,1,DAIRY,794.0,5
2017-04-04,1,DAIRY,725.0,3
2017-04-05,1,DAIRY,1074.0,5
2017-04-06,1,DAIRY,690.0,5
2017-04-07,1,DAIRY,943.0,8
2017-04-08,1,DAIRY,897.0,4
2017-04-09,1,DAIRY,393.0,4
2017-04-10,1,DAIRY,744.0,7
2017-04-11,1,DAIRY,724.0,7
2017-04-12,1,DAIRY,955.0,11
2017-04-13,1,DAIRY,913.0,5
2017-04-14,1,DAIRY,357.0,7
2017-04-15,1,DAIRY,563.0,6
2017-04-16,1,DAIRY,324.0,2
2017-04-17,1,DAIRY,774.0,7
2017-04-18,1,DAIRY,691.0,4
2017-04-19,1,DAIRY,801.0,21
2017-04-20,1,DAIRY,666.0,16
2017-04-21,1,DAIRY,1078.0,27
2017-04-22,1,DAIRY,884.0,23
2017-04-23,1,DAIRY,390.0,20
2017-04-24,1,DAIRY,832.0,21
2017-04-25,1,DAIRY,669.0,21
2017-04-26,1,DAIRY,832.0,24
2017-04-27,1,DAIRY,734.0,25
2017-04-28,1,DAIRY,867.0,30
2017-04-29,1,DAIRY,809.0,24
2017-04-30,1,DAIRY,315.0,23
2017-05-01,1,DAIRY,326.0,22
2017-05-02,1,DAIRY,897.0,25
2017-05-03,1,DAIRY,927.0,36
2017-05-04,1,DAIRY,755.0,30
2017-05-05,1,DAIRY,882.0,31
2017-05-06,1,DAIRY,919.0,28
2017-05-07,1,DAIRY,355.0,25
2017-05-08,1,DAIRY,852.0,27
2017-05-09,1,DAIRY,780.0,27
2017-05-10,1,DAIRY,906.0,34
2017-05-11,1,DAIRY,721.0,24
2017-05-12,1,DAIRY,857.0,22
2017-05-13,1,DAIRY,939.0,23
2017-05-14,1,DAIRY,299.0,22
2017-05-15,1,DAIRY,710.0,24
2017-05-16,1,DAIRY,794.0,23
2017-05-17,1,DAIRY,828.0,25
2017-05-18,1,DAIRY,718.0,23
2017-05-19,1,DAIRY,957.0,26
2017-05-20,1,DAIRY,795.0,24
2017-05-21,1,DAIRY,337.0,18
2017-05-22,1,DAIRY,754.0,25
2017-05-23,1,DAIRY,736.0,22
2017-05-24,1,DAIRY,867.0,26
2017-05-25,1,DAIRY,723.0,23
2017-05-26,1,DAIRY,375.0,16
2017-05-27,1,DAIRY,634.0,24
2017-05-28,1,DAIRY,319.0,15
2017-05-29,1,DAIRY,818.0,23
2017-05-30,1,DAIRY,641.0,23
2017-05-31,1,DAIRY,912.0,28
2017-06-01,1,DAIRY,801.0,2
2017-06-02,1,DAIRY,792.0,14
2017-06-03,1,DAIRY,862.0,16
2017-06-04,1,DAIRY,358.0,12
2017-06-05,1,DAIRY,769.0,13
2017-06-06,1,DAIRY,832.0,15
2017-06-07,1,DAIRY,842.0,17
2017-06-08,1,DAIRY,648.0,27
2017-06-09,1,DAIRY,920.0,30
2017-06-10,1,DAIRY,785.0,30
2017-06-11,1,DAIRY,410.0,26
2017-06-12,1,DAIRY,746.0,30
2017-06-13,1,DAIRY,712.0,28
2017-06-14,1,DAIRY,792.0,34
2017-06-15,1,DAIRY,811.0,20
2017-06-16,1,DAIRY,779.0,21
2017-06-17,1,DAIRY,865.0,18
2017-06-18,1,DAIRY,347.0,12
2017-06-19,1,DAIRY,665.0,21
2017-06-20,1,DAIRY,707.0,24
2017-06-21,1,DAIRY,810.0,26
2017-06-22,1,DAIRY,713.0,31
2017-06-23,1,DAIRY,834.0,22
2017-06-24,1,DAIRY,795.0,19
2017-06-25,1,DAIRY,300.0,15
2017-06-26,1,DAIRY,748.0,19
2017-06-27,1,DAIRY,741.0,21
2017-06-28,1,DAIRY,805.0,23
2017-06-29,1,DAIRY,680.0,23
2017-06-30,1,DAIRY,784.0,23
2017-07-01,1,DAIRY,811.0,20
2017-07-02,1,DAIRY,389.0,19
2017-07-03,1,DAIRY,801.0,22
2017-07-04,1,DAIRY,734.0,24
2017-07-05,1,DAIRY,814.0,35
2017-07-06,1,DAIRY,652.0,31
2017-07-07,1,DAIRY,764.0,34
2017-07-08,1,DAIRY,754.0,36
2017-07-09,1,DAIRY,341.0,21
2017-07-10,1,DAIRY,835.0,33
2017-07-11,1,DAIRY,726.0,27
2017-07-12,1,DAIRY,884.0,35
2017-07-13,1,DAIRY,764.0,23
2017-07-14,1,DAIRY,748.0,23
2017-07-15,1,DAIRY,615.0,22
2017-07-16,1,DAIRY,325.0,14
2017-07-17,1,DAIRY,795.0,17
2017-07-18,1,DAIRY,777.0,18
2017-07-19,1,DAIRY,781.0,19
2017-07-20,1,DAIRY,758.0,17
2017-07-21,1,DAIRY,741.0,18
2017-07-22,1,DAIRY,691.0,19
2017-07-23,1,DAIRY,382.0,16
2017-07-24,1,DAIRY,758.0,18
2017-07-25,1,DAIRY,698.0,18
2017-07-26,1,DAIRY,775.0,17
2017-07-27,1,DAIRY,722.0,8
2017-07-28,1,DAIRY,711.0,7
2017-07-29,1,DAIRY,676.0,7
2017-07-30,1,DAIRY,316.0,6
2017-07-31,1,DAIRY,727.0,7
2017-01-01,1,DELI,0.0,0
2017-01-02,1,DELI,44.98,3
2017-01-03,1,DELI,209.3,5
2017-01-04,1,DELI,135.944,5
2017-01-05,1,DELI,137.006,1
2017-01-06,1,DELI,162.622,48
2017-01-07,1,DELI,136.477,0
2017-01-08,1,DELI,61.691,1
2017-01-09,1,DELI,170.765,4
2017-01-10,1,DELI,129.809,5
2017-01-11,1,DELI,132.118,7
2017-01-12,1,DELI,83.691,5
2017-01-13,1,DELI,190.517,54
2017-01-14,1,DELI,150.582,8
2017-01-15,1,DELI,72.907,4
2017-01-16,1,DELI,200.558,5
2017-01-17,1,DELI,178.816,5
2017-01-18,1,DELI,153.801,8
2017-01-19,1,DELI,111.471,7
2017-01-20,1,DELI,150.941,47
2017-01-21,1,DELI,149.44,11
2017-01-22,1,DELI,73.999,2
2017-01-23,1,DELI,155.462,10
2017-01-24,1,DELI,113.632,9
2017-01-25,1,DELI,135.542,6
2017-01-26,1,DELI,114.253,9
2017-01-27,1,DELI,162.823,54
2017-01-28,1,DELI,158.105,6
2017-01-29,1,DELI,58.566,7
2017-01-30,1,DELI,159.216,11
2017-01-31,1,DELI,135.94,10
2017-02-01,1,DELI,156.98,5
2017-02-02,1,DELI,145.233,5
2017-02-03,1,DELI,211.69499,57
2017-02-04,1,DELI,138.384,4
2017-02-05,1,DELI,59.155,3
2017-02-06,1,DELI,106.768,5
2017-02-07,1,DELI,140.118,6
2017-02-08,1,DELI,149.69,10
2017-02-09,1,DELI,140.922,6
2017-02-10,1,DELI,182.475,54
2017-02-11,1,DELI,169.495,5
2017-02-12,1,DELI,54.053,3
2017-02-13,1,DELI,160.865,4
2017-02-14,1,DELI,146.659,6
2017-02-15,1,DELI,149.342,6
2017-02-16,1,DELI,104.388,5
2017-02-17,1,DELI,180.782,55
2017-02-18,1,DELI,187.018,5
2017-02-19,1,DELI,68.066,3
2017-02-20,1,DELI,168.708,6
2017-02-21,1,DELI,134.577,7
2017-02-22,1,DELI,137.158,5
2017-02-23,1,DELI,84.465,4
2017-02-24,1,DELI,192.513,52
2017-02-25,1,DELI,156.32,4
2017-02-26,1,DELI,44.641,4
2017-02-27,1,DELI,46.528,2
2017-02-28,1,DELI,61.934,4
2017-03-01,1,DELI,165.752,5
2017-03-02,1,DELI,129.168,0
2017-03-03,1,DELI,181.996,50
2017-03-04,1,DELI,132.485,0
2017-03-05,1,DELI,75.793,0
2017-03-06,1,DELI,154.674,0
2017-03-07,1,DELI,156.803,1
2017-03-08,1,DELI,140.254,1
2017-03-09,1,DELI,133.116,2
2017-03-10,1,DELI,188.0,53
2017-03-11,1,DELI,169.793,2
2017-03-12,1,DELI,83.189,0
2017-03-13,1,DELI,205.161,2
2017-03-14,1,DELI,130.407,2
2017-03-15,1,DELI,134.155,2
2017-03-16,1,DELI,118.196,1
2017-03-17,1,DELI,198.741,53
2017-03-18,1,DELI,152.291,1
2017-03-19,1,DELI,61.632,2
2017-03-20,1,DELI,156.675,2
2017-03-21,1,DELI,143.851,7
2017-03-22,1,DELI,144.975,7
2017-03-23,1,DELI,128.934,5
2017-03-24,1,DELI,226.842,53
2017-03-25,1,DELI,149.002,6
2017-03-26,1,DELI,63.731,5
2017-03-27,1,DELI,147.98,8
2017-03-28,1,DELI,163.049,8
2017-03-29,1,DELI,139.192,6
2017-03-30,1,DELI,185.202,9
2017-03-31,1,DELI,237.304,58
2017-04-01,1,DELI,243.272,9
2017-04-02,1,DELI,86.642,3
2017-04-03,1,DELI,166.12,9
2017-04-04,1,DELI,149.078,7
2017-04-05,1,DELI,216.743,9
2017-04-06,1,DELI,118.808,8
2017-04-07,1,DELI,209.33,58
2017-04-08,1,DELI,181.827,8
2017-04-09,1,DELI,83.347,6
2017-04-10,1,DELI,127.761,3
2017-04-11,1,DELI,143.269,4
2017-04-12,1,DELI,114.306,7
2017-04-13,1,DELI,140.374,5
2017-04-14,1,DELI,34.385,25
2017-04-15,1,DELI,101.421,3
2017-04-16,1,DELI,57.565,4
2017-04-17,1,DELI,177.245,4
2017-04-18,1,DELI,146.823,4
2017-04-19,1,DELI,162.371,4
2017-04-20,1,DELI,93.429,2
2017-04-21,1,DELI,191.298,54
2017-04-22,1,DELI,167.879,2
2017-04-23,1,DELI,54.598,1
2017-04-24,1,DELI,159.285,3
2017-04-25,1,DELI,139.501,3
2017-04-26,1,DELI,120.432,3
2017-04-27,1,DELI,111.918,2
2017-04-28,1,DELI,211.59,54
2017-04-29,1,DELI,120.647,3
2017-04-30,1,DELI,60.114,0
2017-05-01,1,DELI,52.673,1
2017-05-02,1,DELI,172.269,2
2017-05-03,1,DELI,165.995,1
2017-05-04,1,DELI,133.78,1
2017-05-05,1,DELI,149.824,48
2017-05-06,1,DELI,160.679,1
2017-05-07,1,DELI,70.833,0
2017-05-08,1,DELI,163.067,8
2017-05-09,1,DELI,94.888,6
2017-05-10,1,DELI,132.358,4
2017-05-11,1,DELI,115.962,5
2017-05-12,1,DELI,185.286,53
2017-05-13,1,DELI,183.368,10
2017-05-14,1,DELI,62.698,4
2017-05-15,1,DELI,127.835,8
2017-05-16,1,DELI,142.449,7
2017-05-17,1,DELI,144.168,9
2017-05-18,1,DELI,132.686,6
2017-05-19,1,DELI,177.191,56
2017-05-20,1,DELI,140.261,8
2017-05-21,1,DELI,75.683,8
2017-05-22,1,DELI,129.027,9
2017-05-23,1,DELI,127.909,9
2017-05-24,1,DELI,166.068,8
2017-05-25,1,DELI,122.562,7
2017-05-26,1,DELI,82.697,36
2017-05-27,1,DELI,99.587,7
2017-05-28,1,DELI,61.741,5
2017-05-29,1,DELI,147.152,8
2017-05-30,1,DELI,153.41,7
2017-05-31,1,DELI,157.443,7
2017-06-01,1,DELI,89.499,0
2017-06-02,1,DELI,217.501,53
2017-06-03,1,DELI,158.878,8
2017-06-04,1,DELI,87.502,6
2017-06-05,1,DELI,120.684,4
2017-06-06,1,DELI,179.062,5
2017-06-07,1,DELI,137.834,7
2017-06-08,1,DELI,140.974,6
2017-06-09,1,DELI,198.992,54
2017-06-10,1,DELI,107.817,8
2017-06-11,1,DELI,93.043,6
2017-06-12,1,DELI,142.837,6
2017-06-13,1,DELI,127.633,6
2017-06-14,1,DELI,121.333,8
2017-06-15,1,DELI,124.892,6
2017-06-16,1,DELI,133.194,46
2017-06-17,1,DELI,166.304,2
2017-06-18,1,DELI,62.162,0
2017-06-19,1,DELI,140.827,2
2017-06-20,1,DELI,127.118,3
2017-06-21,1,DELI,151.728,3
2017-06-22,1,DELI,130.453,1
2017-06-23,1,DELI,159.98,52
2017-06-24,1,DELI,149.693,1
2017-06-25,1,DELI,61.382,1
2017-06-26,1,DELI,116.363,1
2017-06-27,1,DELI,120.733,1
2017-06-28,1,DELI,166.777,1
2017-06-29,1,DELI,110.423996,1
2017-06-30,1,DELI,176.74,53
2017-07-01,1,DELI,159.367,0
2017-07-02,1,DELI,74.479004,2
2017-07-03,1,DELI,162.576,1
2017-07-04,1,DELI,144.405,1
2017-07-05,1,DELI,164.529,13
2017-07-06,1,DELI,123.136,13
2017-07-07,1,DELI,155.454,51
2017-07-08,1,DELI,126.255,9
2017-07-09,1,DELI,75.875,7
2017-07-10,1,DELI,135.753,11
2017-07-11,1,DELI,114.049,13
2017-07-12,1,DELI,122.322,12
2017-07-13,1,DELI,118.337,10
2017-07-14,1,DELI,209.174,55
2017-07-15,1,DELI,121.789,9
2017-07-16,1,DELI,62.795,11
2017-07-17,1,DELI,176.483,13
2017-07-18,1,DELI,164.567,13
2017-07-19,1,DELI,158.587,11
2017-07-20,1,DELI,127.906,10
2017-07-21,1,DELI,143.225,45
2017-07-22,1,DELI,143.608,11
2017-07-23,1,DELI,45.012,4
2017-07-24,1,DELI,157.249,10
2017-07-25,1,DELI,150.592,11
2017-07-26,1,DELI,135.268,15
2017-07-27,1,DELI,116.137,8
2017-07-28,1,DELI,178.409,54
2017-07-29,1,DELI,122.68,4
2017-07-30,1,DELI,54.296,2
2017-07-31,1,DELI,189.11,6
2017-01-01,1,EGGS,0.0,0
2017-01-02,1,EGGS,76.0,0
2017-01-03,1,EGGS,202.0,0
2017-01-04,1,EGGS,197.0,0
2017-01-05,1,EGGS,159.0,1
2017-01-06,1,EGGS,169.0,27
2017-01-07,1,EGGS,153.0,1
2017-01-08,1,EGGS,91.0,1
2017-01-09,1,EGGS,166.0,2
2017-01-10,1,EGGS,117.0,2
2017-01-11,1,EGGS,134.0,2
2017-01-12,1,EGGS,119.0,2
2017-01-13,1,EGGS,176.0,30
2017-01-14,1,EGGS,171.0,2
2017-01-15,1,EGGS,88.0,2
2017-01-16,1,EGGS,159.0,2
2017-01-17,1,EGGS,140.0,2
2017-01-18,1,EGGS,155.0,2
2017-01-19,1,EGGS,110.0,2
2017-01-20,1,EGGS,134.0,27
2017-01-21,1,EGGS,212.0,2
2017-01-22,1,EGGS,83.0,2
2017-01-23,1,EGGS,145.0,2
2017-01-24,1,EGGS,122.0,1
2017-01-25,1,EGGS,148.0,2
2017-01-26,1,EGGS,127.0,2
2017-01-27,1,EGGS,153.0,28
2017-01-28,1,EGGS,161.0,2
2017-01-29,1,EGGS,82.0,1
2017-01-30,1,EGGS,135.0,2
2017-01-31,1,EGGS,141.0,2
2017-02-01,1,EGGS,170.0,0
2017-02-02,1,EGGS,117.0,0
2017-02-03,1,EGGS,153.0,28
2017-02-04,1,EGGS,159.0,0
2017-02-05,1,EGGS,75.0,0
2017-02-06,1,EGGS,143.0,0
2017-02-07,1,EGGS,147.0,0
2017-02-08,1,EGGS,131.0,0
2017-02-09,1,EGGS,106.0,0
2017-02-10,1,EGGS,145.0,27
2017-02-11,1,EGGS,187.0,0
2017-02-12,1,EGGS,72.0,0
2017-02-13,1,EGGS,144.0,0
2017-02-14,1,EGGS,119.0,0
2017-02-15,1,EGGS,142.0,1
2017-02-16,1,EGGS,125.0,1
2017-02-17,1,EGGS,158.0,30
2017-02-18,1,EGGS,169.0,1
2017-02-19,1,EGGS,75.0,1
2017-02-20,1,EGGS,152.0,1
2017-02-21,1,EGGS,123.0,1
2017-02-22,1,EGGS,165.0,1
2017-02-23,1,EGGS,93.0,1
2017-02-24,1,EGGS,175.0,27
2017-02-25,1,EGGS,136.0,1
2017-02-26,1,EGGS,53.0,1
2017-02-27,1,EGGS,35.0,1
2017-02-28,1,EGGS,74.0,1
2017-03-01,1,EGGS,215.0,4
2017-03-02,1,EGGS,160.0,1
2017-03-03,1,EGGS,187.0,27
2017-03-04,1,EGGS,172.0,1
2017-03-05,1,EGGS,77.0,1
2017-03-06,1,EGGS,133.0,1
2017-03-07,1,EGGS,153.0,1
2017-03-08,1,EGGS,168.0,1
2017-03-09,1,EGGS,114.0,0
2017-03-10,1,EGGS,150.0,28
2017-03-11,1,EGGS,165.0,0
2017-03-12,1,EGGS,87.0,0
2017-03-13,1,EGGS,181.0,0
2017-03-14,1,EGGS,139.0,0
2017-03-15,1,EGGS,166.0,0
2017-03-16,1,EGGS,126.0,0
2017-03-17,1,EGGS,175.0,31
2017-03-18,1,EGGS,153.0,0
2017-03-19,1,EGGS,103.0,0
2017-03-20,1,EGGS,174.0,0
2017-03-21,1,EGGS,123.0,0
2017-03-22,1,EGGS,158.0,0
2017-03-23,1,EGGS,115.0,0
2017-03-24,1,EGGS,182.0,27
2017-03-25,1,EGGS,168.0,2
2017-03-26,1,EGGS,99.0,1
2017-03-27,1,EGGS,169.0,2
2017-03-28,1,EGGS,125.0,1
2017-03-29,1,EGGS,183.0,2
2017-03-30,1,EGGS,131.0,1
2017-03-31,1,EGGS,193.0,29
2017-04-01,1,EGGS,231.0,2
2017-04-02,1,EGGS,84.0,2
2017-04-03,1,EGGS,113.0,2
2017-04-04,1,EGGS,142.0,2
2017-04-05,1,EGGS,178.0,2
2017-04-06,1,EGGS,135.0,2
2017-04-07,1,EGGS,179.0,28
2017-04-08,1,EGGS,163.0,1
2017-04-09,1,EGGS,91.0,3
2017-04-10,1,EGGS,155.0,2
2017-04-11,1,EGGS,137.0,3
2017-04-12,1,EGGS,168.0,2
2017-04-13,1,EGGS,144.0,2
2017-04-14,1,EGGS,69.0,22
2017-04-15,1,EGGS,141.0,0
2017-04-16,1,EGGS,62.0,1
2017-04-17,1,EGGS,154.0,0
2017-04-18,1,EGGS,123.0,0
2017-04-19,1,EGGS,170.0,2
2017-04-20,1,EGGS,103.0,1
2017-04-21,1,EGGS,164.0,28
2017-04-22,1,EGGS,166.0,1
2017-04-23,1,EGGS,74.0,1
2017-04-24,1,EGGS,152.0,1
2017-04-25,1,EGGS,126.0,1
2017-04-26,1,EGGS,172.0,1
2017-04-27,1,EGGS,119.0,1
2017-04-28,1,EGGS,143.0,28
2017-04-29,1,EGGS,144.0,1
2017-04-30,1,EGGS,64.0,1
2017-05-01,1,EGGS,67.0,1
2017-05-02,1,EGGS,180.0,2
2017-05-03,1,EGGS,151.0,1
2017-05-04,1,EGGS,102.0,1
2017-05-05,1,EGGS,164.0,27
2017-05-06,1,EGGS,157.0,2
2017-05-07,1,EGGS,78.0,2
2017-05-08,1,EGGS,160.0,1
2017-05-09,1,EGGS,122.0,1
2017-05-10,1,EGGS,139.0,1
2017-05-11,1,EGGS,113.0,1
2017-05-12,1,EGGS,162.0,29
2017-05-13,1,EGGS,183.0,1
2017-05-14,1,EGGS,78.0,1
2017-05-15,1,EGGS,183.0,1
2017-05-16,1,EGGS,157.0,2
2017-05-17,1,EGGS,136.0,1
2017-05-18,1,EGGS,108.0,2
2017-05-19,1,EGGS,170.0,29
2017-05-20,1,EGGS,168.0,1
2017-05-21,1,EGGS,90.0,1
2017-05-22,1,EGGS,156.0,1
2017-05-23,1,EGGS,134.0,1
2017-05-24,1,EGGS,154.0,1
2017-05-25,1,EGGS,125.0,1
2017-05-26,1,EGGS,90.0,23
2017-05-27,1,EGGS,155.0,2
2017-05-28,1,EGGS,70.0,1
2017-05-29,1,EGGS,140.0,1
2017-05-30,1,EGGS,141.0,1
2017-05-31,1,EGGS,139.0,1
2017-06-01,1,EGGS,149.0,0
2017-06-02,1,EGGS,220.0,27
2017-06-03,1,EGGS,199.0,3
2017-06-04,1,EGGS,98.0,3
2017-06-05,1,EGGS,159.0,3
2017-06-06,1,EGGS,173.0,3
2017-06-07,1,EGGS,199.0,3
2017-06-08,1,EGGS,143.0,3
2017-06-09,1,EGGS,196.0,28
2017-06-10,1,EGGS,192.0,4
2017-06-11,1,EGGS,95.0,3
2017-06-12,1,EGGS,184.0,3
2017-06-13,1,EGGS,163.0,3
2017-06-14,1,EGGS,166.0,2
2017-06-15,1,EGGS,154.0,4
2017-06-16,1,EGGS,172.0,26
2017-06-17,1,EGGS,223.0,3
2017-06-18,1,EGGS,90.0,3
2017-06-19,1,EGGS,198.0,3
2017-06-20,1,EGGS,170.0,3
2017-06-21,1,EGGS,167.0,3
2017-06-22,1,EGGS,128.0,0
2017-06-23,1,EGGS,145.0,28
2017-06-24,1,EGGS,148.0,0
2017-06-25,1,EGGS,67.0,0
2017-06-26,1,EGGS,164.0,0
2017-06-27,1,EGGS,120.0,0
2017-06-28,1,EGGS,164.0,0
2017-06-29,1,EGGS,118.0,0
2017-06-30,1,EGGS,133.0,26
2017-07-01,1,EGGS,154.0,0
2017-07-02,1,EGGS,82.0,0
2017-07-03,1,EGGS,168.0,0
2017-07-04,1,EGGS,113.0,0
2017-07-05,1,EGGS,156.0,1
2017-07-06,1,EGGS,124.0,0
2017-07-07,1,EGGS,138.0,24
2017-07-08,1,EGGS,175.0,0
2017-07-09,1,EGGS,88.0,0
2017-07-10,1,EGGS,141.0,0
2017-07-11,1,EGGS,128.0,0
2017-07-12,1,EGGS,169.0,0
2017-07-13,1,EGGS,113.0,0
2017-07-14,1,EGGS,172.0,28
2017-07-15,1,EGGS,169.0,0
2017-07-16,1,EGGS,60.0,0
2017-07-17,1,EGGS,170.0,0
2017-07-18,1,EGGS,143.0,0
2017-07-19,1,EGGS,151.0,0
2017-07-20,1,EGGS,157.0,0
2017-07-21,1,EGGS,157.0,29
2017-07-22,1,EGGS,164.0,0
2017-07-23,1,EGGS,76.0,0
2017-07-24,1,EGGS,162.0,0
2017-07-25,1,EGGS,129.0,0
2017-07-26,1,EGGS,143.0,0
2017-07-27,1,EGGS,127.0,0
2017-07-28,1,EGGS,150.0,25
2017-07-29,1,EGGS,143.0,0
2017-07-30,1,EGGS,83.0,0
2017-07-31,1,EGGS,149.0,0
2017-01-01,1,FROZEN FOODS,0.0,0
2017-01-02,1,FROZEN FOODS,72.15,1
2017-01-03,1,FROZEN FOODS,124.176,1
2017-01-04,1,FROZEN FOODS,115.0,2
2017-01-05,1,FROZEN FOODS,157.514,2
2017-01-06,1,FROZEN FOODS,169.799,4
2017-01-07,1,FROZEN FOODS,111.19,2
2017-01-08,1,FROZEN FOODS,75.6,2
2017-01-09,1,FROZEN FOODS,105.829,1
2017-01-10,1,FROZEN FOODS,77.0,2
2017-01-11,1,FROZEN FOODS,126.0,2
2017-01-12,1,FROZEN FOODS,98.3,1
2017-01-13,1,FROZEN FOODS,171.21,3
2017-01-14,1,FROZEN FOODS,105.0,2
2017-01-15,1,FROZEN FOODS,58.0,2
2017-01-16,1,FROZEN FOODS,91.0,2
2017-01-17,1,FROZEN FOODS,105.724,3
2017-01-18,1,FROZEN FOODS,118.0,3
2017-01-19,1,FROZEN FOODS,117.059,3
2017-01-20,1,FROZEN FOODS,119.601,4
2017-01-21,1,FROZEN FOODS,91.0,3
2017-01-22,1,FROZEN FOODS,36.0,1
2017-01-23,1,FROZEN FOODS,81.803,2
2017-01-24,1,FROZEN FOODS,89.726,3
2017-01-25,1,FROZEN FOODS,129.762,3
2017-01-26,1,FROZEN FOODS,89.0,0
2017-01-27,1,FROZEN FOODS,156.541,2
2017-01-28,1,FROZEN FOODS,123.084,2
2017-01-29,1,FROZEN FOODS,66.0,1
2017-01-30,1,FROZEN FOODS,70.0,1
2017-01-31,1,FROZEN FOODS,78.0,2
2017-02-01,1,FROZEN FOODS,153.0,2
2017-02-02,1,FROZEN FOODS,111.475,2
2017-02-03,1,FROZEN FOODS,110.0,3
2017-02-04,1,FROZEN FOODS,117.265,3
2017-02-05,1,FROZEN FOODS,41.0,2
2017-02-06,1,FROZEN FOODS,87.0,3
2017-02-07,1,FROZEN FOODS,95.841,3
2017-02-08,1,FROZEN FOODS,122.956,4
2017-02-09,1,FROZEN FOODS,97.0,1
2017-02-10,1,FROZEN FOODS,130.0,1
2017-02-11,1,FROZEN FOODS,146.0,1
2017-02-12,1,FROZEN FOODS,64.0,2
2017-02-13,1,FROZEN FOODS,74.0,2
2017-02-14,1,FROZEN FOODS,99.0,1
2017-02-15,1,FROZEN FOODS,101.679,4
2017-02-16,1,FROZEN FOODS,83.255,2
2017-02-17,1,FROZEN FOODS,117.94,3
2017-02-18,1,FROZEN FOODS,106.0,2
2017-02-19,1,FROZEN FOODS,64.0,2
2017-02-20,1,FROZEN FOODS,82.0,0
2017-02-21,1,FROZEN FOODS,64.0,2
2017-02-22,1,FROZEN FOODS,106.0,2
2017-02-23,1,FROZEN FOODS,99.0,2
2017-02-24,1,FROZEN FOODS,135.502,2
2017-02-25,1,FROZEN FOODS,88.0,2
2017-02-26,1,FROZEN FOODS,24.0,2
2017-02-27,1,FROZEN FOODS,22.0,2
2017-02-28,1,FROZEN FOODS,77.471,1
2017-03-01,1,FROZEN FOODS,158.0,1
2017-03-02,1,FROZEN FOODS,84.0,2
2017-03-03,1,FROZEN FOODS,142.0,2
2017-03-04,1,FROZEN FOODS,151.0,2
2017-03-05,1,FROZEN FOODS,50.0,2
2017-03-06,1,FROZEN FOODS,103.26,2
2017-03-07,1,FROZEN FOODS,94.0,2
2017-03-08,1,FROZEN FOODS,126.806,2
2017-03-09,1,FROZEN FOODS,148.48,1
2017-03-10,1,FROZEN FOODS,129.0,2
2017-03-11,1,FROZEN FOODS,109.0,3
2017-03-12,1,FROZEN FOODS,52.0,3
2017-03-13,1,FROZEN FOODS,103.0,2
2017-03-14,1,FROZEN FOODS,72.0,0
2017-03-15,1,FROZEN FOODS,98.415,1
2017-03-16,1,FROZEN FOODS,132.957,2
2017-03-17,1,FROZEN FOODS,160.0,3
2017-03-18,1,FROZEN FOODS,124.0,3
2017-03-19,1,FROZEN FOODS,34.0,3
2017-03-20,1,FROZEN FOODS,115.532,2
2017-03-21,1,FROZEN FOODS,109.0,3
2017-03-22,1,FROZEN FOODS,108.0,2
2017-03-23,1,FROZEN FOODS,121.098,2
2017-03-24,1,FROZEN FOODS,154.0,2
2017-03-25,1,FROZEN FOODS,118.0,2
2017-03-26,1,FROZEN FOODS,37.0,1
2017-03-27,1,FROZEN FOODS,120.831,2
2017-03-28,1,FROZEN FOODS,95.0,2
2017-03-29,1,FROZEN FOODS,165.434,2
2017-03-30,1,FROZEN FOODS,87.0,2
2017-03-31,1,FROZEN FOODS,114.269,3
2017-04-01,1,FROZEN FOODS,132.0,0
2017-04-02,1,FROZEN FOODS,51.0,0
2017-04-03,1,FROZEN FOODS,134.773,0
2017-04-04,1,FROZEN FOODS,83.0,0
2017-04-05,1,FROZEN FOODS,114.0,0
2017-04-06,1,FROZEN FOODS,136.258,0
2017-04-07,1,FROZEN FOODS,131.0,0
2017-04-08,1,FROZEN FOODS,82.0,0
2017-04-09,1,FROZEN FOODS,42.0,0
2017-04-10,1,FROZEN FOODS,101.569,0
2017-04-11,1,FROZEN FOODS,86.0,0
2017-04-12,1,FROZEN FOODS,163.944,3
2017-04-13,1,FROZEN FOODS,148.073,2
2017-04-14,1,FROZEN FOODS,36.0,2
2017-04-15,1,FROZEN FOODS,82.0,1
2017-04-16,1,FROZEN FOODS,40.0,2
2017-04-17,1,FROZEN FOODS,73.0,1
2017-04-18,1,FROZEN FOODS,159.33499,1
2017-04-19,1,FROZEN FOODS,114.0,2
2017-04-20,1,FROZEN FOODS,120.054,1
2017-04-21,1,FROZEN FOODS,145.97,3
2017-04-22,1,FROZEN FOODS,135.0,2
2017-04-23,1,FROZEN FOODS,35.0,2
2017-04-24,1,FROZEN FOODS,123.038,2
2017-04-25,1,FROZEN FOODS,98.19,2
2017-04-26,1,FROZEN FOODS,139.466,4
2017-04-27,1,FROZEN FOODS,90.679,2
2017-04-28,1,FROZEN FOODS,162.693,2
2017-04-29,1,FROZEN FOODS,92.0,1
2017-04-30,1,FROZEN FOODS,58.656,2
2017-05-01,1,FROZEN FOODS,30.0,1
2017-05-02,1,FROZEN FOODS,107.965,1
2017-05-03,1,FROZEN FOODS,134.0,3
2017-05-04,1,FROZEN FOODS,104.454,2
2017-05-05,1,FROZEN FOODS,138.0,3
2017-05-06,1,FROZEN FOODS,133.0,1
2017-05-07,1,FROZEN FOODS,35.0,2
2017-05-08,1,FROZEN FOODS,123.501,0
2017-05-09,1,FROZEN FOODS,149.74,1
2017-05-10,1,FROZEN FOODS,117.831,1
2017-05-11,1,FROZEN FOODS,155.218,2
2017-05-12,1,FROZEN FOODS,151.196,4
2017-05-13,1,FROZEN FOODS,151.66699,2
2017-05-14,1,FROZEN FOODS,56.68,3
2017-05-15,1,FROZEN FOODS,122.726,2
2017-05-16,1,FROZEN FOODS,104.669,3
2017-05-17,1,FROZEN FOODS,115.0,1
2017-05-18,1,FROZEN FOODS,150.0,1
2017-05-19,1,FROZEN FOODS,120.0,2
2017-05-20,1,FROZEN FOODS,101.734,3
2017-05-21,1,FROZEN FOODS,50.0,2
2017-05-22,1,FROZEN FOODS,143.107,1
2017-05-23,1,FROZEN FOODS,142.0,3
2017-05-24,1,FROZEN FOODS,176.068,4
2017-05-25,1,FROZEN FOODS,147.909,2
2017-05-26,1,FROZEN FOODS,72.173996,3
2017-05-27,1,FROZEN FOODS,128.0,3
2017-05-28,1,FROZEN FOODS,37.0,2
2017-05-29,1,FROZEN FOODS,162.657,1
2017-05-30,1,FROZEN FOODS,72.0,3
2017-05-31,1,FROZEN FOODS,168.782,1
2017-06-01,1,FROZEN FOODS,109.0,0
2017-06-02,1,FROZEN FOODS,242.0,2
2017-06-03,1,FROZEN FOODS,133.03,1
2017-06-04,1,FROZEN FOODS,34.0,0
2017-06-05,1,FROZEN FOODS,175.56,1
2017-06-06,1,FROZEN FOODS,105.0,2
2017-06-07,1,FROZEN FOODS,215.23401,1
2017-06-08,1,FROZEN FOODS,96.0,1
2017-06-09,1,FROZEN FOODS,167.932,3
2017-06-10,1,FROZEN FOODS,146.0,1
2017-06-11,1,FROZEN FOODS,65.0,1
2017-06-12,1,FROZEN FOODS,102.864,1
2017-06-13,1,FROZEN FOODS,85.35,0
2017-06-14,1,FROZEN FOODS,179.412,1
2017-06-15,1,FROZEN FOODS,174.645,2
2017-06-16,1,FROZEN FOODS,140.0,1
2017-06-17,1,FROZEN FOODS,169.559,0
2017-06-18,1,FROZEN FOODS,57.0,1
2017-06-19,1,FROZEN FOODS,155.897,1
2017-06-20,1,FROZEN FOODS,93.729004,0
2017-06-21,1,FROZEN FOODS,169.245,1
2017-06-22,1,FROZEN FOODS,82.311,0
2017-06-23,1,FROZEN FOODS,138.187,1
2017-06-24,1,FROZEN FOODS,144.0,0
2017-06-25,1,FROZEN FOODS,42.0,0
2017-06-26,1,FROZEN FOODS,143.611,0
2017-06-27,1,FROZEN FOODS,68.0,0
2017-06-28,1,FROZEN FOODS,128.0,0
2017-06-29,1,FROZEN FOODS,159.77,0
2017-06-30,1,FROZEN FOODS,107.0,1
2017-07-01,1,FROZEN FOODS,125.0,0
2017-07-02,1,FROZEN FOODS,59.0,0
2017-07-03,1,FROZEN FOODS,115.0,0
2017-07-04,1,FROZEN FOODS,135.584,2
2017-07-05,1,FROZEN FOODS,160.22,1
2017-07-06,1,FROZEN FOODS,138.90201,0
2017-07-07,1,FROZEN FOODS,125.0,0
2017-07-08,1,FROZEN FOODS,142.344,0
2017-07-09,1,FROZEN FOODS,39.0,0
2017-07-10,1,FROZEN FOODS,110.321,0
2017-07-11,1,FROZEN FOODS,126.520004,0
2017-07-12,1,FROZEN FOODS,164.215,0
2017-07-13,1,FROZEN FOODS,152.52899,1
2017-07-14,1,FROZEN FOODS,145.616,1
2017-07-15,1,FROZEN FOODS,121.29,1
2017-07-16,1,FROZEN FOODS,40.0,1
2017-07-17,1,FROZEN FOODS,145.241,1
2017-07-18,1,FROZEN FOODS,127.632,1
2017-07-19,1,FROZEN FOODS,151.206,1
2017-07-20,1,FROZEN FOODS,125.658005,1
2017-07-21,1,FROZEN FOODS,149.934,1
2017-07-22,1,FROZEN FOODS,181.0,1
2017-07-23,1,FROZEN FOODS,70.0,1
2017-07-24,1,FROZEN FOODS,131.623,1
2017-07-25,1,FROZEN FOODS,123.389,1
2017-07-26,1,FROZEN FOODS,157.342,1
2017-07-27,1,FROZEN FOODS,130.785,1
2017-07-28,1,FROZEN FOODS,121.0,1
2017-07-29,1,FROZEN FOODS,133.5,1
2017-07-30,1,FROZEN FOODS,37.0,1
2017-07-31,1,FROZEN FOODS,158.354,2
2017-01-01,1,GROCERY I,0.0,0
2017-01-02,1,GROCERY I,1218.0,55
2017-01-03,1,GROCERY I,3507.0,78
2017-01-04,1,GROCERY I,3665.0,109
2017-01-05,1,GROCERY I,3085.0,49
2017-01-06,1,GROCERY I,3012.0,62
2017-01-07,1,GROCERY I,2898.0,49
2017-01-08,1,GROCERY I,1426.0,43
2017-01-09,1,GROCERY I,2850.0,50
2017-01-10,1,GROCERY I,2939.0,52
2017-01-11,1,GROCERY I,3265.0,48
2017-01-12,1,GROCERY I,2736.0,51
2017-01-13,1,GROCERY I,3014.0,65
2017-01-14,1,GROCERY I,2905.0,54
2017-01-15,1,GROCERY I,1410.0,50
2017-01-16,1,GROCERY I,2719.0,49
2017-01-17,1,GROCERY I,3896.0,63
2017-01-18,1,GROCERY I,3068.0,59
2017-01-19,1,GROCERY I,2395.0,48
2017-01-20,1,GROCERY I,2523.0,48
2017-01-21,1,GROCERY I,3212.0,51
2017-01-22,1,GROCERY I,1190.0,33
2017-01-23,1,GROCERY I,3208.0,49
2017-01-24,1,GROCERY I,2657.0,56
2017-01-25,1,GROCERY I,2830.0,56
2017-01-26,1,GROCERY I,2524.0,23
2017-01-27,1,GROCERY I,3039.0,31
2017-01-28,1,GROCERY I,2792.0,29
2017-01-29,1,GROCERY I,1354.0,23
2017-01-30,1,GROCERY I,2792.0,27
2017-01-31,1,GROCERY I,2463.0,32
2017-02-01,1,GROCERY I,3307.0,57
2017-02-02,1,GROCERY I,2807.0,27
2017-02-03,1,GROCERY I,3091.0,35
2017-02-04,1,GROCERY I,3198.0,44
2017-02-05,1,GROCERY I,1256.0,45
2017-02-06,1,GROCERY I,2561.0,37
2017-02-07,1,GROCERY I,2842.0,49
2017-02-08,1,GROCERY I,2993.0,68
2017-02-09,1,GROCERY I,2638.0,35
2017-02-10,1,GROCERY I,3484.0,39
2017-02-11,1,GROCERY I,2885.0,41
2017-02-12,1,GROCERY I,1210.0,30
2017-02-13,1,GROCERY I,3257.0,37
2017-02-14,1,GROCERY I,2848.0,26
2017-02-15,1,GROCERY I,2740.0,51
2017-02-16,1,GROCERY I,2643.0,53
2017-02-17,1,GROCERY I,2946.0,53
2017-02-18,1,GROCERY I,3462.0,54
2017-02-19,1,GROCERY I,1079.0,37
2017-02-20,1,GROCERY I,2697.0,54
2017-02-21,1,GROCERY I,2831.0,57
2017-02-22,1,GROCERY I,3362.0,69
2017-02-23,1,GROCERY I,2983.0,69
2017-02-24,1,GROCERY I,3120.0,66
2017-02-25,1,GROCERY I,2741.0,67
2017-02-26,1,GROCERY I,927.0,50
2017-02-27,1,GROCERY I,762.0,52
2017-02-28,1,GROCERY I,1392.0,53
2017-03-01,1,GROCERY I,3628.0,71
2017-03-02,1,GROCERY I,3323.0,52
2017-03-03,1,GROCERY I,3391.0,56
2017-03-04,1,GROCERY I,3002.0,55
2017-03-05,1,GROCERY I,1337.0,41
2017-03-06,1,GROCERY I,2819.0,39
2017-03-07,1,GROCERY I,4917.0,41
2017-03-08,1,GROCERY I,3218.0,40
2017-03-09,1,GROCERY I,2700.0,28
2017-03-10,1,GROCERY I,2966.0,28
2017-03-11,1,GROCERY I,3023.0,21
2017-03-12,1,GROCERY I,1438.0,21
2017-03-13,1,GROCERY I,2858.0,22
2017-03-14,1,GROCERY I,2775.0,22
2017-03-15,1,GROCERY I,3097.0,26
2017-03-16,1,GROCERY I,2933.0,22
2017-03-17,1,GROCERY I,3456.0,20
2017-03-18,1,GROCERY I,3015.0,20
2017-03-19,1,GROCERY I,1458.0,19
2017-03-20,1,GROCERY I,3157.0,19
2017-03-21,1,GROCERY I,3562.0,21
2017-03-22,1,GROCERY I,3074.0,27
2017-03-23,1,GROCERY I,2728.0,22
2017-03-24,1,GROCERY I,3321.0,24
2017-03-25,1,GROCERY I,2853.0,25
2017-03-26,1,GROCERY I,1330.0,18
2017-03-27,1,GROCERY I,2830.0,22
2017-03-28,1,GROCERY I,2937.0,20
2017-03-29,1,GROCERY I,3104.0,29
2017-03-30,1,GROCERY I,2557.0,34
2017-03-31,1,GROCERY I,3185.0,38
2017-04-01,1,GROCERY I,3912.0,39
2017-04-02,1,GROCERY I,1482.0,25
2017-04-03,1,GROCERY I,2886.0,32
2017-04-04,1,GROCERY I,2785.0,31
2017-04-05,1,GROCERY I,3492.0,43
2017-04-06,1,GROCERY I,2461.0,43
2017-04-07,1,GROCERY I,3054.0,42
2017-04-08,1,GROCERY I,3174.0,45
2017-04-09,1,GROCERY I,1394.0,28
2017-04-10,1,GROCERY I,2437.0,42
2017-04-11,1,GROCERY I,2674.0,48
2017-04-12,1,GROCERY I,3374.0,76
2017-04-13,1,GROCERY I,2931.0,67
2017-04-14,1,GROCERY I,790.0,38
2017-04-15,1,GROCERY I,2030.0,54
2017-04-16,1,GROCERY I,1185.0,60
2017-04-17,1,GROCERY I,3641.0,73
2017-04-18,1,GROCERY I,2579.0,65
2017-04-19,1,GROCERY I,2972.0,95
2017-04-20,1,GROCERY I,2546.0,72
2017-04-21,1,GROCERY I,3112.0,75
2017-04-22,1,GROCERY I,2824.0,69
2017-04-23,1,GROCERY I,1163.0,54
2017-04-24,1,GROCERY I,2540.0,75
2017-04-25,1,GROCERY I,2817.0,71
2017-04-26,1,GROCERY I,2868.0,75
2017-04-27,1,GROCERY I,2301.0,72
2017-04-28,1,GROCERY I,2876.0,90
2017-04-29,1,GROCERY I,2426.0,74
2017-04-30,1,GROCERY I,886.0,57
2017-05-01,1,GROCERY I,891.0,38
2017-05-02,1,GROCERY I,4193.0,61
2017-05-03,1,GROCERY I,3777.0,79
2017-05-04,1,GROCERY I,2800.0,51
2017-05-05,1,GROCERY I,2991.0,54
2017-05-06,1,GROCERY I,2752.0,52
2017-05-07,1,GROCERY I,1103.0,33
2017-05-08,1,GROCERY I,2854.0,40
2017-05-09,1,GROCERY I,2763.0,52
2017-05-10,1,GROCERY I,2925.0,75
2017-05-11,1,GROCERY I,2233.0,38
2017-05-12,1,GROCERY I,3532.0,39
2017-05-13,1,GROCERY I,2931.0,43
2017-05-14,1,GROCERY I,931.0,23
2017-05-15,1,GROCERY I,2531.0,43
2017-05-16,1,GROCERY I,2822.0,47
2017-05-17,1,GROCERY I,3131.0,40
2017-05-18,1,GROCERY I,2600.0,38
2017-05-19,1,GROCERY I,3077.0,36
2017-05-20,1,GROCERY I,2573.0,43
2017-05-21,1,GROCERY I,1205.0,32
2017-05-22,1,GROCERY I,2842.0,39
2017-05-23,1,GROCERY I,2665.0,41
2017-05-24,1,GROCERY I,3574.0,46
2017-05-25,1,GROCERY I,2505.0,40
2017-05-26,1,GROCERY I,1301.0,31
2017-05-27,1,GROCERY I,2166.0,33
2017-05-28,1,GROCERY I,1258.0,34
2017-05-29,1,GROCERY I,2666.0,39
2017-05-30,1,GROCERY I,2497.0,39
2017-05-31,1,GROCERY I,3262.0,38
2017-06-01,1,GROCERY I,2774.0,1
2017-06-02,1,GROCERY I,2953.0,33
2017-06-03,1,GROCERY I,2996.0,35
2017-06-04,1,GROCERY I,1148.0,22
2017-06-05,1,GROCERY I,3071.0,36
2017-06-06,1,GROCERY I,3383.0,37
2017-06-07,1,GROCERY I,3353.0,55
2017-06-08,1,GROCERY I,2902.0,51
2017-06-09,1,GROCERY I,3105.0,44
2017-06-10,1,GROCERY I,3106.0,51
2017-06-11,1,GROCERY I,1352.0,38
2017-06-12,1,GROCERY I,2601.0,45
2017-06-13,1,GROCERY I,2426.0,44
2017-06-14,1,GROCERY I,4411.0,65
2017-06-15,1,GROCERY I,3189.0,63
2017-06-16,1,GROCERY I,2991.0,53
2017-06-17,1,GROCERY I,3016.0,49
2017-06-18,1,GROCERY I,1223.0,40
2017-06-19,1,GROCERY I,3373.0,47
2017-06-20,1,GROCERY I,4575.0,48
2017-06-21,1,GROCERY I,2898.0,80
2017-06-22,1,GROCERY I,2499.0,56
2017-06-23,1,GROCERY I,2663.0,57
2017-06-24,1,GROCERY I,2877.0,55
2017-06-25,1,GROCERY I,1264.0,48
2017-06-26,1,GROCERY I,2812.0,45
2017-06-27,1,GROCERY I,2653.0,46
2017-06-28,1,GROCERY I,3003.0,53
2017-06-29,1,GROCERY I,2603.0,59
2017-06-30,1,GROCERY I,2916.0,70
2017-07-01,1,GROCERY I,2871.0,56
2017-07-02,1,GROCERY I,1222.0,54
2017-07-03,1,GROCERY I,2952.0,56
2017-07-04,1,GROCERY I,2759.0,60
2017-07-05,1,GROCERY I,3147.0,80
2017-07-06,1,GROCERY I,2550.0,58
2017-07-07,1,GROCERY I,2972.0,47
2017-07-08,1,GROCERY I,2561.0,45
2017-07-09,1,GROCERY I,1140.0,27
2017-07-10,1,GROCERY I,2849.0,46
2017-07-11,1,GROCERY I,2712.0,47
2017-07-12,1,GROCERY I,3185.0,59
2017-07-13,1,GROCERY I,2571.0,47
2017-07-14,1,GROCERY I,3182.0,58
2017-07-15,1,GROCERY I,2297.0,43
2017-07-16,1,GROCERY I,1028.0,39
2017-07-17,1,GROCERY I,2720.0,52
2017-07-18,1,GROCERY I,3370.0,54
2017-07-19,1,GROCERY I,3065.0,76
2017-07-20,1,GROCERY I,2592.0,64
2017-07-21,1,GROCERY I,2725.0,61
2017-07-22,1,GROCERY I,2576.0,65
2017-07-23,1,GROCERY I,1371.0,45
2017-07-24,1,GROCERY I,2612.0,55
2017-07-25,1,GROCERY I,2405.0,63
2017-07-26,1,GROCERY I,2878.0,69
2017-07-27,1,GROCERY I,2466.0,54
2017-07-28,1,GROCERY I,2622.0,44
2017-07-29,1,GROCERY I,2446.0,53
2017-07-30,1,GROCERY I,1086.0,42
2017-07-31,1,GROCERY I,2966.0,54
2017-01-01,1,GROCERY II,0.0,0
2017-01-02,1,GROCERY II,8.0,0
2017-01-03,1,GROCERY II,15.0,0
2017-01-04,1,GROCERY II,27.0,0
2017-01-05,1,GROCERY II,35.0,0
2017-01-06,1,GROCERY II,17.0,0
2017-01-07,1,GROCERY II,15.0,0
2017-01-08,1,GROCERY II,14.0,0
2017-01-09,1,GROCERY II,19.0,0
2017-01-10,1,GROCERY II,30.0,0
2017-01-11,1,GROCERY II,12.0,0
2017-01-12,1,GROCERY II,17.0,0
2017-01-13,1,GROCERY II,18.0,0
2017-01-14,1,GROCERY II,19.0,0
2017-01-15,1,GROCERY II,8.0,0
2017-01-16,1,GROCERY II,24.0,0
2017-01-17,1,GROCERY II,21.0,0
2017-01-18,1,GROCERY II,11.0,0
2017-01-19,1,GROCERY II,20.0,0
2017-01-20,1,GROCERY II,10.0,0
2017-01-21,1,GROCERY II,21.0,0
2017-01-22,1,GROCERY II,8.0,0
2017-01-23,1,GROCERY II,34.0,0
2017-01-24,1,GROCERY II,31.0,0
2017-01-25,1,GROCERY II,23.0,0
2017-01-26,1,GROCERY II,26.0,0
2017-01-27,1,GROCERY II,22.0,0
2017-01-28,1,GROCERY II,10.0,0
2017-01-29,1,GROCERY II,5.0,0
2017-01-30,1,GROCERY II,10.0,0
2017-01-31,1,GROCERY II,14.0,0
2017-02-01,1,GROCERY II,39.0,0
2017-02-02,1,GROCERY II,16.0,0
2017-02-03,1,GROCERY II,18.0,0
2017-02-04,1,GROCERY II,15.0,0
2017-02-05,1,GROCERY II,7.0,0
2017-02-06,1,GROCERY II,18.0,0
2017-02-07,1,GROCERY II,20.0,0
2017-02-08,1,GROCERY II,15.0,1
2017-02-09,1,GROCERY II,29.0,1
2017-02-10,1,GROCERY II,8.0,0
2017-02-11,1,GROCERY II,9.0,1
2017-02-12,1,GROCERY II,6.0,1
2017-02-13,1,GROCERY II,39.0,1
2017-02-14,1,GROCERY II,36.0,1
2017-02-15,1,GROCERY II,35.0,1
2017-02-16,1,GROCERY II,24.0,1
2017-02-17,1,GROCERY II,40.0,1
2017-02-18,1,GROCERY II,24.0,1
2017-02-19,1,GROCERY II,12.0,1
2017-02-20,1,GROCERY II,11.0,1
2017-02-21,1,GROCERY II,23.0,1
2017-02-22,1,GROCERY II,15.0,1
2017-02-23,1,GROCERY II,14.0,0
2017-02-24,1,GROCERY II,13.0,1
2017-02-25,1,GROCERY II,8.0,1
2017-02-26,1,GROCERY II,5.0,1
2017-02-27,1,GROCERY II,16.0,1
2017-02-28,1,GROCERY II,3.0,0
2017-03-01,1,GROCERY II,23.0,0
2017-03-02,1,GROCERY II,23.0,0
2017-03-03,1,GROCERY II,14.0,0
2017-03-04,1,GROCERY II,26.0,0
2017-03-05,1,GROCERY II,10.0,0
2017-03-06,1,GROCERY II,24.0,0
2017-03-07,1,GROCERY II,19.0,0
2017-03-08,1,GROCERY II,32.0,0
2017-03-09,1,GROCERY II,49.0,0
2017-03-10,1,GROCERY II,38.0,0
2017-03-11,1,GROCERY II,11.0,0
2017-03-12,1,GROCERY II,19.0,0
2017-03-13,1,GROCERY II,3.0,0
2017-03-14,1,GROCERY II,13.0,0
2017-03-15,1,GROCERY II,26.0,0
2017-03-16,1,GROCERY II,32.0,0
2017-03-17,1,GROCERY II,27.0,0
2017-03-18,1,GROCERY II,22.0,0
2017-03-19,1,GROCERY II,4.0,0
2017-03-20,1,GROCERY II,32.0,0
2017-03-21,1,GROCERY II,29.0,0
2017-03-22,1,GROCERY II,35.0,0
2017-03-23,1,GROCERY II,20.0,0
2017-03-24,1,GROCERY II,29.0,0
2017-03-25,1,GROCERY II,15.0,0
2017-03-26,1,GROCERY II,11.0,0
2017-03-27,1,GROCERY II,17.0,0
2017-03-28,1,GROCERY II,14.0,0
2017-03-29,1,GROCERY II,25.0,0
2017-03-30,1,GROCERY II,24.0,0
2017-03-31,1,GROCERY II,32.0,0
2017-04-01,1,GROCERY II,18.0,0
2017-04-02,1,GROCERY II,10.0,0
2017-04-03,1,GROCERY II,23.0,0
2017-04-04,1,GROCERY II,32.0,0
2017-04-05,1,GROCERY II,46.0,0
2017-04-06,1,GROCERY II,13.0,0
2017-04-07,1,GROCERY II,34.0,0
2017-04-08,1,GROCERY II,20.0,0
2017-04-09,1,GROCERY II,6.0,0
2017-04-10,1,GROCERY II,27.0,0
2017-04-11,1,GROCERY II,24.0,0
2017-04-12,1,GROCERY II,16.0,0
2017-04-13,1,GROCERY II,20.0,0
2017-04-14,1,GROCERY II,3.0,0
2017-04-15,1,GROCERY II,13.0,0
2017-04-16,1,GROCERY II,6.0,0
2017-04-17,1,GROCERY II,14.0,0
2017-04-18,1,GROCERY II,15.0,0
2017-04-19,1,GROCERY II,22.0,0
2017-04-20,1,GROCERY II,17.0,0
2017-04-21,1,GROCERY II,13.0,0
2017-04-22,1,GROCERY II,10.0,0
2017-04-23,1,GROCERY II,10.0,0
2017-04-24,1,GROCERY II,17.0,0
2017-04-25,1,GROCERY II,28.0,0
2017-04-26,1,GROCERY II,16.0,0
2017-04-27,1,GROCERY II,33.0,0
2017-04-28,1,GROCERY II,21.0,0
2017-04-29,1,GROCERY II,9.0,0
2017-04-30,1,GROCERY II,12.0,0
2017-05-01,1,GROCERY II,7.0,0
2017-05-02,1,GROCERY II,26.0,0
2017-05-03,1,GROCERY II,28.0,0
2017-05-04,1,GROCERY II,21.0,0
2017-05-05,1,GROCERY II,33.0,0
2017-05-06,1,GROCERY II,25.0,0
2017-05-07,1,GROCERY II,9.0,0
2017-05-08,1,GROCERY II,23.0,0
2017-05-09,1,GROCERY II,14.0,0
2017-05-10,1,GROCERY II,38.0,0
2017-05-11,1,GROCERY II,40.0,0
2017-05-12,1,GROCERY II,19.0,0
2017-05-13,1,GROCERY II,23.0,0
2017-05-14,1,GROCERY II,7.0,0
2017-05-15,1,GROCERY II,35.0,0
2017-05-16,1,GROCERY II,62.0,0
2017-05-17,1,GROCERY II,42.0,0
2017-05-18,1,GROCERY II,35.0,0
2017-05-19,1,GROCERY II,36.0,0
2017-05-20,1,GROCERY II,29.0,0
2017-05-21,1,GROCERY II,13.0,0
2017-05-22,1,GROCERY II,25.0,0
2017-05-23,1,GROCERY II,43.0,0
2017-05-24,1,GROCERY II,18.0,0
2017-05-25,1,GROCERY II,28.0,0
2017-05-26,1,GROCERY II,8.0,0
2017-05-27,1,GROCERY II,10.0,0
2017-05-28,1,GROCERY II,14.0,0
2017-05-29,1,GROCERY II,18.0,0
2017-05-30,1,GROCERY II,29.0,0
2017-05-31,1,GROCERY II,23.0,0
2017-06-01,1,GROCERY II,31.0,0
2017-06-02,1,GROCERY II,37.0,0
2017-06-03,1,GROCERY II,28.0,0
2017-06-04,1,GROCERY II,7.0,0
2017-06-05,1,GROCERY II,20.0,0
2017-06-06,1,GROCERY II,39.0,0
2017-06-07,1,GROCERY II,40.0,0
2017-06-08,1,GROCERY II,38.0,0
2017-06-09,1,GROCERY II,27.0,0
2017-06-10,1,GROCERY II,21.0,0
2017-06-11,1,GROCERY II,20.0,0
2017-06-12,1,GROCERY II,25.0,0
2017-06-13,1,GROCERY II,33.0,0
2017-06-14,1,GROCERY II,43.0,0
2017-06-15,1,GROCERY II,15.0,0
2017-06-16,1,GROCERY II,33.0,0
2017-06-17,1,GROCERY II,28.0,0
2017-06-18,1,GROCERY II,24.0,0
2017-06-19,1,GROCERY II,14.0,0
2017-06-20,1,GROCERY II,18.0,0
2017-06-21,1,GROCERY II,36.0,1
2017-06-22,1,GROCERY II,14.0,0
2017-06-23,1,GROCERY II,41.0,0
2017-06-24,1,GROCERY II,25.0,0
2017-06-25,1,GROCERY II,10.0,0
2017-06-26,1,GROCERY II,23.0,0
2017-06-27,1,GROCERY II,37.0,0
2017-06-28,1,GROCERY II,16.0,0
2017-06-29,1,GROCERY II,17.0,0
2017-06-30,1,GROCERY II,20.0,0
2017-07-01,1,GROCERY II,14.0,0
2017-07-02,1,GROCERY II,14.0,0
2017-07-03,1,GROCERY II,25.0,0
2017-07-04,1,GROCERY II,27.0,1
2017-07-05,1,GROCERY II,15.0,0
2017-07-06,1,GROCERY II,18.0,0
2017-07-07,1,GROCERY II,21.0,0
2017-07-08,1,GROCERY II,18.0,0
2017-07-09,1,GROCERY II,13.0,0
2017-07-10,1,GROCERY II,30.0,0
2017-07-11,1,GROCERY II,14.0,0
2017-07-12,1,GROCERY II,25.0,1
2017-07-13,1,GROCERY II,46.0,1
2017-07-14,1,GROCERY II,27.0,1
2017-07-15,1,GROCERY II,27.0,1
2017-07-16,1,GROCERY II,5.0,0
2017-07-17,1,GROCERY II,14.0,0
2017-07-18,1,GROCERY II,31.0,1
2017-07-19,1,GROCERY II,23.0,0
2017-07-20,1,GROCERY II,27.0,0
2017-07-21,1,GROCERY II,62.0,0
2017-07-22,1,GROCERY II,12.0,0
2017-07-23,1,GROCERY II,8.0,1
2017-07-24,1,GROCERY II,21.0,0
2017-07-25,1,GROCERY II,35.0,1
2017-07-26,1,GROCERY II,29.0,1
2017-07-27,1,GROCERY II,30.0,0
2017-07-28,1,GROCERY II,20.0,0
2017-07-29,1,GROCERY II,14.0,0
2017-07-30,1,GROCERY II,8.0,0
2017-07-31,1,GROCERY II,11.0,0
2017-01-01,1,HARDWARE,0.0,0
2017-01-02,1,HARDWARE,0.0,0
2017-01-03,1,HARDWARE,3.0,0
2017-01-04,1,HARDWARE,3.0,0
2017-01-05,1,HARDWARE,3.0,0
2017-01-06,1,HARDWARE,3.0,0
2017-01-07,1,HARDWARE,0.0,0
2017-01-08,1,HARDWARE,2.0,0
2017-01-09,1,HARDWARE,2.0,0
2017-01-10,1,HARDWARE,1.0,0
2017-01-11,1,HARDWARE,1.0,0
2017-01-12,1,HARDWARE,3.0,0
2017-01-13,1,HARDWARE,3.0,0
2017-01-14,1,HARDWARE,2.0,0
2017-01-15,1,HARDWARE,1.0,0
2017-01-16,1,HARDWARE,1.0,0
2017-01-17,1,HARDWARE,4.0,0
2017-01-18,1,HARDWARE,2.0,0
2017-01-19,1,HARDWARE,1.0,0
2017-01-20,1,HARDWARE,0.0,0
2017-01-21,1,HARDWARE,2.0,0
2017-01-22,1,HARDWARE,1.0,0
2017-01-23,1,HARDWARE,1.0,0
2017-01-24,1,HARDWARE,0.0,0
2017-01-25,1,HARDWARE,3.0,0
2017-01-26,1,HARDWARE,0.0,0
2017-01-27,1,HARDWARE,2.0,0
2017-01-28,1,HARDWARE,5.0,0
2017-01-29,1,HARDWARE,0.0,0
2017-01-30,1,HARDWARE,1.0,0
2017-01-31,1,HARDWARE,0.0,0
2017-02-01,1,HARDWARE,1.0,0
2017-02-02,1,HARDWARE,0.0,0
2017-02-03,1,HARDWARE,1.0,0
2017-02-04,1,HARDWARE,3.0,0
2017-02-05,1,HARDWARE,1.0,0
2017-02-06,1,HARDWARE,2.0,0
2017-02-07,1,HARDWARE,1.0,0
2017-02-08,1,HARDWARE,0.0,0
2017-02-09,1,HARDWARE,3.0,0
2017-02-10,1,HARDWARE,0.0,0
2017-02-11,1,HARDWARE,3.0,0
2017-02-12,1,HARDWARE,0.0,0
2017-02-13,1,HARDWARE,1.0,0
2017-02-14,1,HARDWARE,1.0,0
2017-02-15,1,HARDWARE,1.0,0
2017-02-16,1,HARDWARE,5.0,0
2017-02-17,1,HARDWARE,1.0,0
2017-02-18,1,HARDWARE,4.0,0
2017-02-19,1,HARDWARE,2.0,0
2017-02-20,1,HARDWARE,5.0,0
2017-02-21,1,HARDWARE,1.0,0
2017-02-22,1,HARDWARE,4.0,0
2017-02-23,1,HARDWARE,0.0,0
2017-02-24,1,HARDWARE,4.0,0
2017-02-25,1,HARDWARE,0.0,0
2017-02-26,1,HARDWARE,0.0,0
2017-02-27,1,HARDWARE,0.0,0
2017-02-28,1,HARDWARE,0.0,0
2017-03-01,1,HARDWARE,0.0,0
2017-03-02,1,HARDWARE,2.0,0
2017-03-03,1,HARDWARE,1.0,0
2017-03-04,1,HARDWARE,6.0,0
2017-03-05,1,HARDWARE,0.0,0
2017-03-06,1,HARDWARE,1.0,0
2017-03-07,1,HARDWARE,2.0,0
2017-03-08,1,HARDWARE,3.0,0
2017-03-09,1,HARDWARE,1.0,0
2017-03-10,1,HARDWARE,0.0,0
2017-03-11,1,HARDWARE,6.0,0
2017-03-12,1,HARDWARE,2.0,0
2017-03-13,1,HARDWARE,4.0,0
2017-03-14,1,HARDWARE,5.0,0
2017-03-15,1,HARDWARE,7.0,0
2017-03-16,1,HARDWARE,3.0,0
2017-03-17,1,HARDWARE,1.0,0
2017-03-18,1,HARDWARE,4.0,0
2017-03-19,1,HARDWARE,0.0,0
2017-03-20,1,HARDWARE,6.0,0
2017-03-21,1,HARDWARE,0.0,0
2017-03-22,1,HARDWARE,2.0,0
2017-03-23,1,HARDWARE,0.0,0
2017-03-24,1,HARDWARE,3.0,0
2017-03-25,1,HARDWARE,1.0,0
2017-03-26,1,HARDWARE,0.0,0
2017-03-27,1,HARDWARE,0.0,0
2017-03-28,1,HARDWARE,0.0,0
2017-03-29,1,HARDWARE,0.0,0
2017-03-30,1,HARDWARE,0.0,0
2017-03-31,1,HARDWARE,5.0,0
2017-04-01,1,HARDWARE,2.0,0
2017-04-02,1,HARDWARE,2.0,0
2017-04-03,1,HARDWARE,2.0,0
2017-04-04,1,HARDWARE,2.0,0
2017-04-05,1,HARDWARE,6.0,0
2017-04-06,1,HARDWARE,9.0,0
2017-04-07,1,HARDWARE,1.0,0
2017-04-08,1,HARDWARE,3.0,0
2017-04-09,1,HARDWARE,2.0,0
2017-04-10,1,HARDWARE,2.0,0
2017-04-11,1,HARDWARE,1.0,0
2017-04-12,1,HARDWARE,2.0,0
2017-04-13,1,HARDWARE,2.0,0
2017-04-14,1,HARDWARE,1.0,0
2017-04-15,1,HARDWARE,2.0,0
2017-04-16,1,HARDWARE,2.0,0
2017-04-17,1,HARDWARE,2.0,0
2017-04-18,1,HARDWARE,3.0,0
2017-04-19,1,HARDWARE,2.0,0
2017-04-20,1,HARDWARE,2.0,0
2017-04-21,1,HARDWARE,7.0,0
2017-04-22,1,HARDWARE,0.0,0
2017-04-23,1,HARDWARE,1.0,0
2017-04-24,1,HARDWARE,1.0,0
2017-04-25,1,HARDWARE,2.0,0
2017-04-26,1,HARDWARE,1.0,0
2017-04-27,1,HARDWARE,1.0,0
2017-04-28,1,HARDWARE,2.0,0
2017-04-29,1,HARDWARE,1.0,0
2017-04-30,1,HARDWARE,0.0,0
2017-05-01,1,HARDWARE,3.0,0
2017-05-02,1,HARDWARE,1.0,0
2017-05-03,1,HARDWARE,4.0,0
2017-05-04,1,HARDWARE,2.0,0
2017-05-05,1,HARDWARE,0.0,0
2017-05-06,1,HARDWARE,4.0,0
2017-05-07,1,HARDWARE,1.0,0
2017-05-08,1,HARDWARE,3.0,0
2017-05-09,1,HARDWARE,0.0,0
2017-05-10,1,HARDWARE,1.0,0
2017-05-11,1,HARDWARE,0.0,0
2017-05-12,1,HARDWARE,3.0,0
2017-05-13,1,HARDWARE,0.0,0
2017-05-14,1,HARDWARE,0.0,0
2017-05-15,1,HARDWARE,3.0,0
2017-05-16,1,HARDWARE,2.0,0
2017-05-17,1,HARDWARE,2.0,0
2017-05-18,1,HARDWARE,1.0,0
2017-05-19,1,HARDWARE,2.0,0
2017-05-20,1,HARDWARE,2.0,0
2017-05-21,1,HARDWARE,2.0,0
2017-05-22,1,HARDWARE,1.0,0
2017-05-23,1,HARDWARE,2.0,0
2017-05-24,1,HARDWARE,0.0,0
2017-05-25,1,HARDWARE,2.0,0
2017-05-26,1,HARDWARE,1.0,0
2017-05-27,1,HARDWARE,3.0,0
2017-05-28,1,HARDWARE,0.0,0
2017-05-29,1,HARDWARE,2.0,0
2017-05-30,1,HARDWARE,5.0,0
2017-05-31,1,HARDWARE,4.0,0
2017-06-01,1,HARDWARE,3.0,0
2017-06-02,1,HARDWARE,4.0,0
2017-06-03,1,HARDWARE,3.0,0
2017-06-04,1,HARDWARE,1.0,0
2017-06-05,1,HARDWARE,2.0,0
2017-06-06,1,HARDWARE,2.0,0
2017-06-07,1,HARDWARE,1.0,0
2017-06-08,1,HARDWARE,3.0,0
2017-06-09,1,HARDWARE,0.0,0
2017-06-10,1,HARDWARE,2.0,0
2017-06-11,1,HARDWARE,0.0,0
2017-06-12,1,HARDWARE,3.0,0
2017-06-13,1,HARDWARE,1.0,0
2017-06-14,1,HARDWARE,4.0,0
2017-06-15,1,HARDWARE,3.0,0
2017-06-16,1,HARDWARE,2.0,0
2017-06-17,1,HARDWARE,4.0,0
2017-06-18,1,HARDWARE,0.0,0
2017-06-19,1,HARDWARE,2.0,0
2017-06-20,1,HARDWARE,7.0,0
2017-06-21,1,HARDWARE,5.0,0
2017-06-22,1,HARDWARE,2.0,0
2017-06-23,1,HARDWARE,3.0,0
2017-06-24,1,HARDWARE,0.0,0
2017-06-25,1,HARDWARE,2.0,0
2017-06-26,1,HARDWARE,3.0,0
2017-06-27,1,HARDWARE,2.0,0
2017-06-28,1,HARDWARE,2.0,0
2017-06-29,1,HARDWARE,3.0,0
2017-06-30,1,HARDWARE,0.0,0
2017-07-01,1,HARDWARE,2.0,0
2017-07-02,1,HARDWARE,2.0,0
2017-07-03,1,HARDWARE,0.0,0
2017-07-04,1,HARDWARE,3.0,0
2017-07-05,1,HARDWARE,1.0,0
2017-07-06,1,HARDWARE,3.0,0
2017-07-07,1,HARDWARE,1.0,0
2017-07-08,1,HARDWARE,2.0,0
2017-07-09,1,HARDWARE,0.0,0
2017-07-10,1,HARDWARE,0.0,0
2017-07-11,1,HARDWARE,3.0,0
2017-07-12,1,HARDWARE,2.0,0
2017-07-13,1,HARDWARE,2.0,0
2017-07-14,1,HARDWARE,1.0,0
2017-07-15,1,HARDWARE,1.0,0
2017-07-16,1,HARDWARE,2.0,0
2017-07-17,1,HARDWARE,4.0,0
2017-07-18,1,HARDWARE,3.0,0
2017-07-19,1,HARDWARE,0.0,0
2017-07-20,1,HARDWARE,1.0,0
2017-07-21,1,HARDWARE,1.0,0
2017-07-22,1,HARDWARE,2.0,0
2017-07-23,1,HARDWARE,0.0,0
2017-07-24,1,HARDWARE,1.0,0
2017-07-25,1,HARDWARE,5.0,0
2017-07-26,1,HARDWARE,1.0,0
2017-07-27,1,HARDWARE,6.0,0
2017-07-28,1,HARDWARE,2.0,0
2017-07-29,1,HARDWARE,2.0,0
2017-07-30,1,HARDWARE,0.0,0
2017-07-31,1,HARDWARE,1.0,0
2017-01-01,1,HOME AND KITCHEN I,0.0,0
2017-01-02,1,HOME AND KITCHEN I,4.0,3
2017-01-03,1,HOME AND KITCHEN I,36.0,8
2017-01-04,1,HOME AND KITCHEN I,36.0,7
2017-01-05,1,HOME AND KITCHEN I,30.0,7
2017-01-06,1,HOME AND KITCHEN I,38.0,6
2017-01-07,1,HOME AND KITCHEN I,21.0,9
2017-01-08,1,HOME AND KITCHEN I,16.0,4
2017-01-09,1,HOME AND KITCHEN I,20.0,6
2017-01-10,1,HOME AND KITCHEN I,35.0,8
2017-01-11,1,HOME AND KITCHEN I,33.0,9
2017-01-12,1,HOME AND KITCHEN I,32.0,4
2017-01-13,1,HOME AND KITCHEN I,13.0,7
2017-01-14,1,HOME AND KITCHEN I,14.0,4
2017-01-15,1,HOME AND KITCHEN I,8.0,3
2017-01-16,1,HOME AND KITCHEN I,111.0,6
2017-01-17,1,HOME AND KITCHEN I,27.0,3
2017-01-18,1,HOME AND KITCHEN I,53.0,9
2017-01-19,1,HOME AND KITCHEN I,72.0,1
2017-01-20,1,HOME AND KITCHEN I,14.0,2
2017-01-21,1,HOME AND KITCHEN I,29.0,2
2017-01-22,1,HOME AND KITCHEN I,20.0,2
2017-01-23,1,HOME AND KITCHEN I,22.0,2
2017-01-24,1,HOME AND KITCHEN I,25.0,2
2017-01-25,1,HOME AND KITCHEN I,32.0,0
2017-01-26,1,HOME AND KITCHEN I,8.0,1
2017-01-27,1,HOME AND KITCHEN I,34.0,0
2017-01-28,1,HOME AND KITCHEN I,22.0,0
2017-01-29,1,HOME AND KITCHEN I,7.0,1
2017-01-30,1,HOME AND KITCHEN I,13.0,1
2017-01-31,1,HOME AND KITCHEN I,5.0,1
2017-02-01,1,HOME AND KITCHEN I,69.0,2
2017-02-02,1,HOME AND KITCHEN I,40.0,1
2017-02-03,1,HOME AND KITCHEN I,19.0,1
2017-02-04,1,HOME AND KITCHEN I,28.0,1
2017-02-05,1,HOME AND KITCHEN I,0.0,0
2017-02-06,1,HOME AND KITCHEN I,14.0,1
2017-02-07,1,HOME AND KITCHEN I,19.0,1
2017-02-08,1,HOME AND KITCHEN I,23.0,0
2017-02-09,1,HOME AND KITCHEN I,30.0,2
2017-02-10,1,HOME AND KITCHEN I,17.0,2
2017-02-11,1,HOME AND KITCHEN I,12.0,0
2017-02-12,1,HOME AND KITCHEN I,11.0,3
2017-02-13,1,HOME AND KITCHEN I,20.0,2
2017-02-14,1,HOME AND KITCHEN I,18.0,2
2017-02-15,1,HOME AND KITCHEN I,11.0,1
2017-02-16,1,HOME AND KITCHEN I,56.0,2
2017-02-17,1,HOME AND KITCHEN I,18.0,2
2017-02-18,1,HOME AND KITCHEN I,12.0,1
2017-02-19,1,HOME AND KITCHEN I,17.0,0
2017-02-20,1,HOME AND KITCHEN I,22.0,2
2017-02-21,1,HOME AND KITCHEN I,13.0,1
2017-02-22,1,HOME AND KITCHEN I,7.0,0
2017-02-23,1,HOME AND KITCHEN I,11.0,1
2017-02-24,1,HOME AND KITCHEN I,9.0,0
2017-02-25,1,HOME AND KITCHEN I,12.0,1
2017-02-26,1,HOME AND KITCHEN I,4.0,0
2017-02-27,1,HOME AND KITCHEN I,0.0,0
2017-02-28,1,HOME AND KITCHEN I,7.0,0
2017-03-01,1,HOME AND KITCHEN I,7.0,2
2017-03-02,1,HOME AND KITCHEN I,24.0,2
2017-03-03,1,HOME AND KITCHEN I,43.0,2
2017-03-04,1,HOME AND KITCHEN I,43.0,1
2017-03-05,1,HOME AND KITCHEN I,11.0,0
2017-03-06,1,HOME AND KITCHEN I,6.0,2
2017-03-07,1,HOME AND KITCHEN I,6.0,1
2017-03-08,1,HOME AND KITCHEN I,13.0,0
2017-03-09,1,HOME AND KITCHEN I,13.0,0
2017-03-10,1,HOME AND KITCHEN I,9.0,0
2017-03-11,1,HOME AND KITCHEN I,9.0,0
2017-03-12,1,HOME AND KITCHEN I,4.0,0
2017-03-13,1,HOME AND KITCHEN I,31.0,0
2017-03-14,1,HOME AND KITCHEN I,8.0,2
2017-03-15,1,HOME AND KITCHEN I,14.0,1
2017-03-16,1,HOME AND KITCHEN I,11.0,4
2017-03-17,1,HOME AND KITCHEN I,28.0,2
2017-03-18,1,HOME AND KITCHEN I,26.0,1
2017-03-19,1,HOME AND KITCHEN I,5.0,1
2017-03-20,1,HOME AND KITCHEN I,4.0,1
2017-03-21,1,HOME AND KITCHEN I,5.0,2
2017-03-22,1,HOME AND KITCHEN I,18.0,1
2017-03-23,1,HOME AND KITCHEN I,17.0,1
2017-03-24,1,HOME AND KITCHEN I,20.0,1
2017-03-25,1,HOME AND KITCHEN I,21.0,1
2017-03-26,1,HOME AND KITCHEN I,13.0,0
2017-03-27,1,HOME AND KITCHEN I,6.0,1
2017-03-28,1,HOME AND KITCHEN I,6.0,0
2017-03-29,1,HOME AND KITCHEN I,22.0,1
2017-03-30,1,HOME AND KITCHEN I,20.0,0
2017-03-31,1,HOME AND KITCHEN I,20.0,0
2017-04-01,1,HOME AND KITCHEN I,18.0,0
2017-04-02,1,HOME AND KITCHEN I,7.0,0
2017-04-03,1,HOME AND KITCHEN I,4.0,0
2017-04-04,1,HOME AND KITCHEN I,16.0,1
2017-04-05,1,HOME AND KITCHEN I,13.0,1
2017-04-06,1,HOME AND KITCHEN I,21.0,0
2017-04-07,1,HOME AND KITCHEN I,35.0,1
2017-04-08,1,HOME AND KITCHEN I,39.0,1
2017-04-09,1,HOME AND KITCHEN I,5.0,0
2017-04-10,1,HOME AND KITCHEN I,7.0,0
2017-04-11,1,HOME AND KITCHEN I,17.0,1
2017-04-12,1,HOME AND KITCHEN I,16.0,2
2017-04-13,1,HOME AND KITCHEN I,42.0,1
2017-04-14,1,HOME AND KITCHEN I,5.0,1
2017-04-15,1,HOME AND KITCHEN I,19.0,1
2017-04-16,1,HOME AND KITCHEN I,5.0,1
2017-04-17,1,HOME AND KITCHEN I,42.0,1
2017-04-18,1,HOME AND KITCHEN I,16.0,2
2017-04-19,1,HOME AND KITCHEN I,8.0,2
2017-04-20,1,HOME AND KITCHEN I,36.0,1
2017-04-21,1,HOME AND KITCHEN I,49.0,3
2017-04-22,1,HOME AND KITCHEN I,21.0,2
2017-04-23,1,HOME AND KITCHEN I,2.0,0
2017-04-24,1,HOME AND KITCHEN I,8.0,2
2017-04-25,1,HOME AND KITCHEN I,3.0,0
2017-04-26,1,HOME AND KITCHEN I,25.0,3
2017-04-27,1,HOME AND KITCHEN I,19.0,1
2017-04-28,1,HOME AND KITCHEN I,26.0,1
2017-04-29,1,HOME AND KITCHEN I,9.0,0
2017-04-30,1,HOME AND KITCHEN I,3.0,1
2017-05-01,1,HOME AND KITCHEN I,7.0,0
2017-05-02,1,HOME AND KITCHEN I,12.0,3
2017-05-03,1,HOME AND KITCHEN I,12.0,1
2017-05-04,1,HOME AND KITCHEN I,19.0,1
2017-05-05,1,HOME AND KITCHEN I,52.0,2
2017-05-06,1,HOME AND KITCHEN I,43.0,1
2017-05-07,1,HOME AND KITCHEN I,5.0,0
2017-05-08,1,HOME AND KITCHEN I,36.0,2
2017-05-09,1,HOME AND KITCHEN I,10.0,0
2017-05-10,1,HOME AND KITCHEN I,22.0,2
2017-05-11,1,HOME AND KITCHEN I,9.0,0
2017-05-12,1,HOME AND KITCHEN I,12.0,0
2017-05-13,1,HOME AND KITCHEN I,18.0,1
2017-05-14,1,HOME AND KITCHEN I,3.0,0
2017-05-15,1,HOME AND KITCHEN I,8.0,0
2017-05-16,1,HOME AND KITCHEN I,22.0,2
2017-05-17,1,HOME AND KITCHEN I,14.0,0
2017-05-18,1,HOME AND KITCHEN I,58.0,0
2017-05-19,1,HOME AND KITCHEN I,13.0,1
2017-05-20,1,HOME AND KITCHEN I,21.0,0
2017-05-21,1,HOME AND KITCHEN I,5.0,0
2017-05-22,1,HOME AND KITCHEN I,19.0,0
2017-05-23,1,HOME AND KITCHEN I,42.0,1
2017-05-24,1,HOME AND KITCHEN I,13.0,0
2017-05-25,1,HOME AND KITCHEN I,21.0,0
2017-05-26,1,HOME AND KITCHEN I,26.0,1
2017-05-27,1,HOME AND KITCHEN I,11.0,0
2017-05-28,1,HOME AND KITCHEN I,7.0,0
2017-05-29,1,HOME AND KITCHEN I,13.0,0
2017-05-30,1,HOME AND KITCHEN I,5.0,0
2017-05-31,1,HOME AND KITCHEN I,11.0,1
2017-06-01,1,HOME AND KITCHEN I,16.0,0
2017-06-02,1,HOME AND KITCHEN I,13.0,3
2017-06-03,1,HOME AND KITCHEN I,14.0,2
2017-06-04,1,HOME AND KITCHEN I,14.0,3
2017-06-05,1,HOME AND KITCHEN I,20.0,3
2017-06-06,1,HOME AND KITCHEN I,13.0,3
2017-06-07,1,HOME AND KITCHEN I,29.0,3
2017-06-08,1,HOME AND KITCHEN I,9.0,2
2017-06-09,1,HOME AND KITCHEN I,12.0,3
2017-06-10,1,HOME AND KITCHEN I,16.0,6
2017-06-11,1,HOME AND KITCHEN I,4.0,1
2017-06-12,1,HOME AND KITCHEN I,20.0,5
2017-06-13,1,HOME AND KITCHEN I,30.0,5
2017-06-14,1,HOME AND KITCHEN I,59.0,3
2017-06-15,1,HOME AND KITCHEN I,69.0,2
2017-06-16,1,HOME AND KITCHEN I,15.0,3
2017-06-17,1,HOME AND KITCHEN I,57.0,4
2017-06-18,1,HOME AND KITCHEN I,9.0,3
2017-06-19,1,HOME AND KITCHEN I,14.0,4
2017-06-20,1,HOME AND KITCHEN I,19.0,2
2017-06-21,1,HOME AND KITCHEN I,35.0,1
2017-06-22,1,HOME AND KITCHEN I,21.0,1
2017-06-23,1,HOME AND KITCHEN I,38.0,1
2017-06-24,1,HOME AND KITCHEN I,42.0,3
2017-06-25,1,HOME AND KITCHEN I,6.0,5
2017-06-26,1,HOME AND KITCHEN I,16.0,2
2017-06-27,1,HOME AND KITCHEN I,18.0,1
2017-06-28,1,HOME AND KITCHEN I,27.0,4
2017-06-29,1,HOME AND KITCHEN I,26.0,1
2017-06-30,1,HOME AND KITCHEN I,28.0,3
2017-07-01,1,HOME AND KITCHEN I,56.0,9
2017-07-02,1,HOME AND KITCHEN I,14.0,2
2017-07-03,1,HOME AND KITCHEN I,33.0,5
2017-07-04,1,HOME AND KITCHEN I,22.0,5
2017-07-05,1,HOME AND KITCHEN I,71.0,7
2017-07-06,1,HOME AND KITCHEN I,35.0,8
2017-07-07,1,HOME AND KITCHEN I,35.0,7
2017-07-08,1,HOME AND KITCHEN I,29.0,7
2017-07-09,1,HOME AND KITCHEN I,6.0,1
2017-07-10,1,HOME AND KITCHEN I,31.0,6
2017-07-11,1,HOME AND KITCHEN I,25.0,5
2017-07-12,1,HOME AND KITCHEN I,27.0,5
2017-07-13,1,HOME AND KITCHEN I,20.0,2
2017-07-14,1,HOME AND KITCHEN I,11.0,3
2017-07-15,1,HOME AND KITCHEN I,11.0,0
2017-07-16,1,HOME AND KITCHEN I,11.0,3
2017-07-17,1,HOME AND KITCHEN I,21.0,7
2017-07-18,1,HOME AND KITCHEN I,30.0,9
2017-07-19,1,HOME AND KITCHEN I,16.0,1
2017-07-20,1,HOME AND KITCHEN I,25.0,3
2017-07-21,1,HOME AND KITCHEN I,47.0,6
2017-07-22,1,HOME AND KITCHEN I,15.0,1
2017-07-23,1,HOME AND KITCHEN I,6.0,2
2017-07-24,1,HOME AND KITCHEN I,13.0,3
2017-07-25,1,HOME AND KITCHEN I,34.0,3
2017-07-26,1,HOME AND KITCHEN I,15.0,4
2017-07-27,1,HOME AND KITCHEN I,7.0,2
2017-07-28,1,HOME AND KITCHEN I,22.0,4
2017-07-29,1,HOME AND KITCHEN I,12.0,2
2017-07-30,1,HOME AND KITCHEN I,2.0,0
2017-07-31,1,HOME AND KITCHEN I,24.0,2
2017-01-01,1,HOME AND KITCHEN II,0.0,0
2017-01-02,1,HOME AND KITCHEN II,2.0,1
2017-01-03,1,HOME AND KITCHEN II,40.0,3
2017-01-04,1,HOME AND KITCHEN II,31.0,3
2017-01-05,1,HOME AND KITCHEN II,19.0,0
2017-01-06,1,HOME AND KITCHEN II,25.0,0
2017-01-07,1,HOME AND KITCHEN II,28.0,2
2017-01-08,1,HOME AND KITCHEN II,7.0,0
2017-01-09,1,HOME AND KITCHEN II,10.0,1
2017-01-10,1,HOME AND KITCHEN II,19.0,1
2017-01-11,1,HOME AND KITCHEN II,25.0,1
2017-01-12,1,HOME AND KITCHEN II,20.0,0
2017-01-13,1,HOME AND KITCHEN II,24.0,0
2017-01-14,1,HOME AND KITCHEN II,17.0,0
2017-01-15,1,HOME AND KITCHEN II,6.0,0
2017-01-16,1,HOME AND KITCHEN II,12.0,0
2017-01-17,1,HOME AND KITCHEN II,25.0,1
2017-01-18,1,HOME AND KITCHEN II,21.0,1
2017-01-19,1,HOME AND KITCHEN II,15.0,0
2017-01-20,1,HOME AND KITCHEN II,18.0,0
2017-01-21,1,HOME AND KITCHEN II,29.0,0
2017-01-22,1,HOME AND KITCHEN II,8.0,0
2017-01-23,1,HOME AND KITCHEN II,20.0,0
2017-01-24,1,HOME AND KITCHEN II,29.0,0
2017-01-25,1,HOME AND KITCHEN II,27.0,0
2017-01-26,1,HOME AND KITCHEN II,21.0,0
2017-01-27,1,HOME AND KITCHEN II,22.0,0
2017-01-28,1,HOME AND KITCHEN II,25.0,0
2017-01-29,1,HOME AND KITCHEN II,9.0,0
2017-01-30,1,HOME AND KITCHEN II,28.0,1
2017-01-31,1,HOME AND KITCHEN II,19.0,0
2017-02-01,1,HOME AND KITCHEN II,36.0,1
2017-02-02,1,HOME AND KITCHEN II,41.0,1
2017-02-03,1,HOME AND KITCHEN II,50.0,1
2017-02-04,1,HOME AND KITCHEN II,60.0,1
2017-02-05,1,HOME AND KITCHEN II,10.0,0
2017-02-06,1,HOME AND KITCHEN II,38.0,1
2017-02-07,1,HOME AND KITCHEN II,23.0,1
2017-02-08,1,HOME AND KITCHEN II,23.0,1
2017-02-09,1,HOME AND KITCHEN II,34.0,2
2017-02-10,1,HOME AND KITCHEN II,22.0,2
2017-02-11,1,HOME AND KITCHEN II,29.0,1
2017-02-12,1,HOME AND KITCHEN II,10.0,1
2017-02-13,1,HOME AND KITCHEN II,45.0,2
2017-02-14,1,HOME AND KITCHEN II,28.0,2
2017-02-15,1,HOME AND KITCHEN II,27.0,2
2017-02-16,1,HOME AND KITCHEN II,25.0,2
2017-02-17,1,HOME AND KITCHEN II,32.0,2
2017-02-18,1,HOME AND KITCHEN II,21.0,3
2017-02-19,1,HOME AND KITCHEN II,15.0,2
2017-02-20,1,HOME AND KITCHEN II,17.0,1
2017-02-21,1,HOME AND KITCHEN II,36.0,1
2017-02-22,1,HOME AND KITCHEN II,23.0,2
2017-02-23,1,HOME AND KITCHEN II,22.0,2
2017-02-24,1,HOME AND KITCHEN II,43.0,1
2017-02-25,1,HOME AND KITCHEN II,32.0,2
2017-02-26,1,HOME AND KITCHEN II,0.0,0
2017-02-27,1,HOME AND KITCHEN II,3.0,0
2017-02-28,1,HOME AND KITCHEN II,6.0,1
2017-03-01,1,HOME AND KITCHEN II,30.0,1
2017-03-02,1,HOME AND KITCHEN II,17.0,1
2017-03-03,1,HOME AND KITCHEN II,28.0,3
2017-03-04,1,HOME AND KITCHEN II,55.0,2
2017-03-05,1,HOME AND KITCHEN II,3.0,0
2017-03-06,1,HOME AND KITCHEN II,26.0,3
2017-03-07,1,HOME AND KITCHEN II,52.0,2
2017-03-08,1,HOME AND KITCHEN II,27.0,3
2017-03-09,1,HOME AND KITCHEN II,25.0,2
2017-03-10,1,HOME AND KITCHEN II,21.0,2
2017-03-11,1,HOME AND KITCHEN II,37.0,2
2017-03-12,1,HOME AND KITCHEN II,14.0,2
2017-03-13,1,HOME AND KITCHEN II,28.0,2
2017-03-14,1,HOME AND KITCHEN II,26.0,2
2017-03-15,1,HOME AND KITCHEN II,43.0,3
2017-03-16,1,HOME AND KITCHEN II,15.0,3
2017-03-17,1,HOME AND KITCHEN II,32.0,2
2017-03-18,1,HOME AND KITCHEN II,17.0,2
2017-03-19,1,HOME AND KITCHEN II,10.0,2
2017-03-20,1,HOME AND KITCHEN II,13.0,1
2017-03-21,1,HOME AND KITCHEN II,28.0,1
2017-03-22,1,HOME AND KITCHEN II,42.0,1
2017-03-23,1,HOME AND KITCHEN II,28.0,2
2017-03-24,1,HOME AND KITCHEN II,16.0,2
2017-03-25,1,HOME AND KITCHEN II,14.0,0
2017-03-26,1,HOME AND KITCHEN II,2.0,0
2017-03-27,1,HOME AND KITCHEN II,25.0,2
2017-03-28,1,HOME AND KITCHEN II,26.0,1
2017-03-29,1,HOME AND KITCHEN II,15.0,0
2017-03-30,1,HOME AND KITCHEN II,27.0,0
2017-03-31,1,HOME AND KITCHEN II,22.0,1
2017-04-01,1,HOME AND KITCHEN II,22.0,1
2017-04-02,1,HOME AND KITCHEN II,2.0,0
2017-04-03,1,HOME AND KITCHEN II,19.0,1
2017-04-04,1,HOME AND KITCHEN II,21.0,1
2017-04-05,1,HOME AND KITCHEN II,34.0,1
2017-04-06,1,HOME AND KITCHEN II,30.0,1
2017-04-07,1,HOME AND KITCHEN II,13.0,0
2017-04-08,1,HOME AND KITCHEN II,22.0,1
2017-04-09,1,HOME AND KITCHEN II,18.0,1
2017-04-10,1,HOME AND KITCHEN II,20.0,1
2017-04-11,1,HOME AND KITCHEN II,23.0,1
2017-04-12,1,HOME AND KITCHEN II,15.0,2
2017-04-13,1,HOME AND KITCHEN II,21.0,4
2017-04-14,1,HOME AND KITCHEN II,3.0,0
2017-04-15,1,HOME AND KITCHEN II,17.0,2
2017-04-16,1,HOME AND KITCHEN II,8.0,1
2017-04-17,1,HOME AND KITCHEN II,26.0,3
2017-04-18,1,HOME AND KITCHEN II,12.0,1
2017-04-19,1,HOME AND KITCHEN II,18.0,3
2017-04-20,1,HOME AND KITCHEN II,30.0,2
2017-04-21,1,HOME AND KITCHEN II,18.0,1
2017-04-22,1,HOME AND KITCHEN II,18.0,3
2017-04-23,1,HOME AND KITCHEN II,9.0,0
2017-04-24,1,HOME AND KITCHEN II,21.0,1
2017-04-25,1,HOME AND KITCHEN II,17.0,1
2017-04-26,1,HOME AND KITCHEN II,30.0,1
2017-04-27,1,HOME AND KITCHEN II,15.0,3
2017-04-28,1,HOME AND KITCHEN II,25.0,1
2017-04-29,1,HOME AND KITCHEN II,19.0,3
2017-04-30,1,HOME AND KITCHEN II,2.0,0
2017-05-01,1,HOME AND KITCHEN II,5.0,2
2017-05-02,1,HOME AND KITCHEN II,25.0,2
2017-05-03,1,HOME AND KITCHEN II,23.0,0
2017-05-04,1,HOME AND KITCHEN II,15.0,3
2017-05-05,1,HOME AND KITCHEN II,18.0,1
2017-05-06,1,HOME AND KITCHEN II,22.0,1
2017-05-07,1,HOME AND KITCHEN II,9.0,3
2017-05-08,1,HOME AND KITCHEN II,15.0,1
2017-05-09,1,HOME AND KITCHEN II,19.0,2
2017-05-10,1,HOME AND KITCHEN II,18.0,2
2017-05-11,1,HOME AND KITCHEN II,7.0,2
2017-05-12,1,HOME AND KITCHEN II,26.0,1
2017-05-13,1,HOME AND KITCHEN II,12.0,0
2017-05-14,1,HOME AND KITCHEN II,4.0,0
2017-05-15,1,HOME AND KITCHEN II,35.0,3
2017-05-16,1,HOME AND KITCHEN II,36.0,3
2017-05-17,1,HOME AND KITCHEN II,22.0,3
2017-05-18,1,HOME AND KITCHEN II,30.0,3
2017-05-19,1,HOME AND KITCHEN II,9.0,1
2017-05-20,1,HOME AND KITCHEN II,22.0,4
2017-05-21,1,HOME AND KITCHEN II,17.0,2
2017-05-22,1,HOME AND KITCHEN II,20.0,3
2017-05-23,1,HOME AND KITCHEN II,35.0,4
2017-05-24,1,HOME AND KITCHEN II,41.0,4
2017-05-25,1,HOME AND KITCHEN II,30.0,4
2017-05-26,1,HOME AND KITCHEN II,11.0,2
2017-05-27,1,HOME AND KITCHEN II,11.0,4
2017-05-28,1,HOME AND KITCHEN II,8.0,1
2017-05-29,1,HOME AND KITCHEN II,22.0,3
2017-05-30,1,HOME AND KITCHEN II,11.0,2
2017-05-31,1,HOME AND KITCHEN II,31.0,5
2017-06-01,1,HOME AND KITCHEN II,34.0,1
2017-06-02,1,HOME AND KITCHEN II,31.0,3
2017-06-03,1,HOME AND KITCHEN II,33.0,2
2017-06-04,1,HOME AND KITCHEN II,17.0,2
2017-06-05,1,HOME AND KITCHEN II,50.0,2
2017-06-06,1,HOME AND KITCHEN II,36.0,1
2017-06-07,1,HOME AND KITCHEN II,30.0,3
2017-06-08,1,HOME AND KITCHEN II,24.0,2
2017-06-09,1,HOME AND KITCHEN II,31.0,3
2017-06-10,1,HOME AND KITCHEN II,16.0,1
2017-06-11,1,HOME AND KITCHEN II,14.0,2
2017-06-12,1,HOME AND KITCHEN II,24.0,3
2017-06-13,1,HOME AND KITCHEN II,32.0,2
2017-06-14,1,HOME AND KITCHEN II,40.0,0
2017-06-15,1,HOME AND KITCHEN II,20.0,2
2017-06-16,1,HOME AND KITCHEN II,24.0,2
2017-06-17,1,HOME AND KITCHEN II,23.0,2
2017-06-18,1,HOME AND KITCHEN II,8.0,1
2017-06-19,1,HOME AND KITCHEN II,25.0,1
2017-06-20,1,HOME AND KITCHEN II,27.0,1
2017-06-21,1,HOME AND KITCHEN II,34.0,2
2017-06-22,1,HOME AND KITCHEN II,31.0,1
2017-06-23,1,HOME AND KITCHEN II,37.0,2
2017-06-24,1,HOME AND KITCHEN II,25.0,0
2017-06-25,1,HOME AND KITCHEN II,13.0,0
2017-06-26,1,HOME AND KITCHEN II,35.0,2
2017-06-27,1,HOME AND KITCHEN II,35.0,2
2017-06-28,1,HOME AND KITCHEN II,20.0,1
2017-06-29,1,HOME AND KITCHEN II,23.0,1
2017-06-30,1,HOME AND KITCHEN II,31.0,1
2017-07-01,1,HOME AND KITCHEN II,18.0,1
2017-07-02,1,HOME AND KITCHEN II,13.0,1
2017-07-03,1,HOME AND KITCHEN II,32.0,1
2017-07-04,1,HOME AND KITCHEN II,28.0,2
2017-07-05,1,HOME AND KITCHEN II,33.0,2
2017-07-06,1,HOME AND KITCHEN II,23.0,2
2017-07-07,1,HOME AND KITCHEN II,11.0,1
2017-07-08,1,HOME AND KITCHEN II,14.0,1
2017-07-09,1,HOME AND KITCHEN II,7.0,0
2017-07-10,1,HOME AND KITCHEN II,42.0,3
2017-07-11,1,HOME AND KITCHEN II,13.0,1
2017-07-12,1,HOME AND KITCHEN II,30.0,2
2017-07-13,1,HOME AND KITCHEN II,33.0,2
2017-07-14,1,HOME AND KITCHEN II,48.0,2
2017-07-15,1,HOME AND KITCHEN II,43.0,1
2017-07-16,1,HOME AND KITCHEN II,7.0,1
2017-07-17,1,HOME AND KITCHEN II,21.0,0
2017-07-18,1,HOME AND KITCHEN II,29.0,2
2017-07-19,1,HOME AND KITCHEN II,25.0,0
2017-07-20,1,HOME AND KITCHEN II,29.0,1
2017-07-21,1,HOME AND KITCHEN II,22.0,1
2017-07-22,1,HOME AND KITCHEN II,22.0,2
2017-07-23,1,HOME AND KITCHEN II,7.0,0
2017-07-24,1,HOME AND KITCHEN II,15.0,1
2017-07-25,1,HOME AND KITCHEN II,30.0,0
2017-07-26,1,HOME AND KITCHEN II,19.0,0
2017-07-27,1,HOME AND KITCHEN II,24.0,1
2017-07-28,1,HOME AND KITCHEN II,12.0,0
2017-07-29,1,HOME AND KITCHEN II,27.0,1
2017-07-30,1,HOME AND KITCHEN II,8.0,1
2017-07-31,1,HOME AND KITCHEN II,39.0,2
2017-01-01,1,HOME APPLIANCES,0.0,0
2017-01-02,1,HOME APPLIANCES,0.0,0
2017-01-03,1,HOME APPLIANCES,0.0,0
2017-01-04,1,HOME APPLIANCES,0.0,0
2017-01-05,1,HOME APPLIANCES,0.0,0
2017-01-06,1,HOME APPLIANCES,0.0,0
2017-01-07,1,HOME APPLIANCES,0.0,0
2017-01-08,1,HOME APPLIANCES,0.0,0
2017-01-09,1,HOME APPLIANCES,0.0,0
2017-01-10,1,HOME APPLIANCES,0.0,0
2017-01-11,1,HOME APPLIANCES,0.0,0
2017-01-12,1,HOME APPLIANCES,0.0,0
2017-01-13,1,HOME APPLIANCES,0.0,0
2017-01-14,1,HOME APPLIANCES,0.0,0
2017-01-15,1,HOME APPLIANCES,0.0,0
2017-01-16,1,HOME APPLIANCES,0.0,0
2017-01-17,1,HOME APPLIANCES,0.0,0
2017-01-18,1,HOME APPLIANCES,0.0,0
2017-01-19,1,HOME APPLIANCES,1.0,0
2017-01-20,1,HOME APPLIANCES,1.0,0
2017-01-21,1,HOME APPLIANCES,1.0,0
2017-01-22,1,HOME APPLIANCES,0.0,0
2017-01-23,1,HOME APPLIANCES,3.0,0
2017-01-24,1,HOME APPLIANCES,2.0,0
2017-01-25,1,HOME APPLIANCES,1.0,0
2017-01-26,1,HOME APPLIANCES,2.0,0
2017-01-27,1,HOME APPLIANCES,0.0,0
2017-01-28,1,HOME APPLIANCES,1.0,0
2017-01-29,1,HOME APPLIANCES,0.0,0
2017-01-30,1,HOME APPLIANCES,2.0,0
2017-01-31,1,HOME APPLIANCES,2.0,0
2017-02-01,1,HOME APPLIANCES,1.0,0
2017-02-02,1,HOME APPLIANCES,1.0,0
2017-02-03,1,HOME APPLIANCES,0.0,0
2017-02-04,1,HOME APPLIANCES,0.0,0
2017-02-05,1,HOME APPLIANCES,1.0,0
2017-02-06,1,HOME APPLIANCES,2.0,0
2017-02-07,1,HOME APPLIANCES,0.0,0
2017-02-08,1,HOME APPLIANCES,0.0,0
2017-02-09,1,HOME APPLIANCES,1.0,0
2017-02-10,1,HOME APPLIANCES,1.0,0
2017-02-11,1,HOME APPLIANCES,0.0,0
2017-02-12,1,HOME APPLIANCES,1.0,0
2017-02-13,1,HOME APPLIANCES,0.0,0
2017-02-14,1,HOME APPLIANCES,0.0,0
2017-02-15,1,HOME APPLIANCES,1.0,0
2017-02-16,1,HOME APPLIANCES,1.0,0
2017-02-17,1,HOME APPLIANCES,1.0,0
2017-02-18,1,HOME APPLIANCES,3.0,0
2017-02-19,1,HOME APPLIANCES,0.0,0
2017-02-20,1,HOME APPLIANCES,0.0,0
2017-02-21,1,HOME APPLIANCES,1.0,0
2017-02-22,1,HOME APPLIANCES,0.0,0
2017-02-23,1,HOME APPLIANCES,1.0,0
2017-02-24,1,HOME APPLIANCES,1.0,0
2017-02-25,1,HOME APPLIANCES,1.0,0
2017-02-26,1,HOME APPLIANCES,0.0,0
2017-02-27,1,HOME APPLIANCES,2.0,0
2017-02-28,1,HOME APPLIANCES,0.0,0
2017-03-01,1,HOME APPLIANCES,0.0,0
2017-03-02,1,HOME APPLIANCES,0.0,0
2017-03-03,1,HOME APPLIANCES,0.0,0
2017-03-04,1,HOME APPLIANCES,0.0,0
2017-03-05,1,HOME APPLIANCES,0.0,0
2017-03-06,1,HOME APPLIANCES,0.0,0
2017-03-07,1,HOME APPLIANCES,0.0,0
2017-03-08,1,HOME APPLIANCES,1.0,0
2017-03-09,1,HOME APPLIANCES,1.0,0
2017-03-10,1,HOME APPLIANCES,1.0,0
2017-03-11,1,HOME APPLIANCES,0.0,0
2017-03-12,1,HOME APPLIANCES,0.0,0
2017-03-13,1,HOME APPLIANCES,0.0,0
2017-03-14,1,HOME APPLIANCES,0.0,0
2017-03-15,1,HOME APPLIANCES,0.0,0
2017-03-16,1,HOME APPLIANCES,0.0,0
2017-03-17,1,HOME APPLIANCES,1.0,0
2017-03-18,1,HOME APPLIANCES,0.0,0
2017-03-19,1,HOME APPLIANCES,0.0,0
2017-03-20,1,HOME APPLIANCES,2.0,0
2017-03-21,1,HOME APPLIANCES,0.0,0
2017-03-22,1,HOME APPLIANCES,0.0,0
2017-03-23,1,HOME APPLIANCES,1.0,0
2017-03-24,1,HOME APPLIANCES,1.0,0
2017-03-25,1,HOME APPLIANCES,0.0,0
2017-03-26,1,HOME APPLIANCES,3.0,0
2017-03-27,1,HOME APPLIANCES,0.0,0
2017-03-28,1,HOME APPLIANCES,0.0,0
2017-03-29,1,HOME APPLIANCES,1.0,0
2017-03-30,1,HOME APPLIANCES,0.0,0
2017-03-31,1,HOME APPLIANCES,0.0,0
2017-04-01,1,HOME APPLIANCES,0.0,0
2017-04-02,1,HOME APPLIANCES,2.0,0
2017-04-03,1,HOME APPLIANCES,0.0,0
2017-04-04,1,HOME APPLIANCES,0.0,0
2017-04-05,1,HOME APPLIANCES,2.0,0
2017-04-06,1,HOME APPLIANCES,0.0,0
2017-04-07,1,HOME APPLIANCES,0.0,0
2017-04-08,1,HOME APPLIANCES,0.0,0
2017-04-09,1,HOME APPLIANCES,0.0,0
2017-04-10,1,HOME APPLIANCES,0.0,0
2017-04-11,1,HOME APPLIANCES,0.0,0
2017-04-12,1,HOME APPLIANCES,2.0,0
2017-04-13,1,HOME APPLIANCES,1.0,0
2017-04-14,1,HOME APPLIANCES,0.0,0
2017-04-15,1,HOME APPLIANCES,1.0,0
2017-04-16,1,HOME APPLIANCES,0.0,0
2017-04-17,1,HOME APPLIANCES,0.0,0
2017-04-18,1,HOME APPLIANCES,1.0,0
2017-04-19,1,HOME APPLIANCES,1.0,0
2017-04-20,1,HOME APPLIANCES,1.0,0
2017-04-21,1,HOME APPLIANCES,0.0,0
2017-04-22,1,HOME APPLIANCES,0.0,0
2017-04-23,1,HOME APPLIANCES,0.0,0
2017-04-24,1,HOME APPLIANCES,0.0,0
2017-04-25,1,HOME APPLIANCES,0.0,0
2017-04-26,1,HOME APPLIANCES,1.0,0
2017-04-27,1,HOME APPLIANCES,1.0,0
2017-04-28,1,HOME APPLIANCES,0.0,0
2017-04-29,1,HOME APPLIANCES,0.0,0
2017-04-30,1,HOME APPLIANCES,0.0,0
2017-05-01,1,HOME APPLIANCES,0.0,0
2017-05-02,1,HOME APPLIANCES,0.0,0
2017-05-03,1,HOME APPLIANCES,0.0,0
2017-05-04,1,HOME APPLIANCES,0.0,0
2017-05-05,1,HOME APPLIANCES,1.0,0
2017-05-06,1,HOME APPLIANCES,1.0,0
2017-05-07,1,HOME APPLIANCES,1.0,0
2017-05-08,1,HOME APPLIANCES,0.0,0
2017-05-09,1,HOME APPLIANCES,0.0,0
2017-05-10,1,HOME APPLIANCES,1.0,0
2017-05-11,1,HOME APPLIANCES,0.0,0
2017-05-12,1,HOME APPLIANCES,0.0,0
2017-05-13,1,HOME APPLIANCES,0.0,0
2017-05-14,1,HOME APPLIANCES,0.0,0
2017-05-15,1,HOME APPLIANCES,1.0,0
2017-05-16,1,HOME APPLIANCES,2.0,0
2017-05-17,1,HOME APPLIANCES,0.0,0
2017-05-18,1,HOME APPLIANCES,1.0,0
2017-05-19,1,HOME APPLIANCES,0.0,0
2017-05-20,1,HOME APPLIANCES,0.0,0
2017-05-21,1,HOME APPLIANCES,0.0,0
2017-05-22,1,HOME APPLIANCES,2.0,0
2017-05-23,1,HOME APPLIANCES,0.0,0
2017-05-24,1,HOME APPLIANCES,1.0,0
2017-05-25,1,HOME APPLIANCES,3.0,0
2017-05-26,1,HOME APPLIANCES,0.0,0
2017-05-27,1,HOME APPLIANCES,1.0,0
2017-05-28,1,HOME APPLIANCES,1.0,0
2017-05-29,1,HOME APPLIANCES,0.0,0
2017-05-30,1,HOME APPLIANCES,1.0,0
2017-05-31,1,HOME APPLIANCES,0.0,0
2017-06-01,1,HOME APPLIANCES,0.0,0
2017-06-02,1,HOME APPLIANCES,1.0,0
2017-06-03,1,HOME APPLIANCES,2.0,0
2017-06-04,1,HOME APPLIANCES,0.0,0
2017-06-05,1,HOME APPLIANCES,1.0,0
2017-06-06,1,HOME APPLIANCES,0.0,0
2017-06-07,1,HOME APPLIANCES,0.0,0
2017-06-08,1,HOME APPLIANCES,1.0,0
2017-06-09,1,HOME APPLIANCES,0.0,0
2017-06-10,1,HOME APPLIANCES,1.0,0
2017-06-11,1,HOME APPLIANCES,0.0,0
2017-06-12,1,HOME APPLIANCES,1.0,0
2017-06-13,1,HOME APPLIANCES,1.0,0
2017-06-14,1,HOME APPLIANCES,0.0,0
2017-06-15,1,HOME APPLIANCES,3.0,0
2017-06-16,1,HOME APPLIANCES,1.0,0
2017-06-17,1,HOME APPLIANCES,1.0,0
2017-06-18,1,HOME APPLIANCES,1.0,0
2017-06-19,1,HOME APPLIANCES,0.0,0
2017-06-20,1,HOME APPLIANCES,1.0,0
2017-06-21,1,HOME APPLIANCES,0.0,0
2017-06-22,1,HOME APPLIANCES,0.0,0
2017-06-23,1,HOME APPLIANCES,1.0,0
2017-06-24,1,HOME APPLIANCES,2.0,0
2017-06-25,1,HOME APPLIANCES,0.0,0
2017-06-26,1,HOME APPLIANCES,0.0,0
2017-06-27,1,HOME APPLIANCES,0.0,0
2017-06-28,1,HOME APPLIANCES,2.0,0
2017-06-29,1,HOME APPLIANCES,1.0,0
2017-06-30,1,HOME APPLIANCES,1.0,0
2017-07-01,1,HOME APPLIANCES,1.0,0
2017-07-02,1,HOME APPLIANCES,0.0,0
2017-07-03,1,HOME APPLIANCES,1.0,0
2017-07-04,1,HOME APPLIANCES,0.0,0
2017-07-05,1,HOME APPLIANCES,0.0,0
2017-07-06,1,HOME APPLIANCES,0.0,0
2017-07-07,1,HOME APPLIANCES,1.0,0
2017-07-08,1,HOME APPLIANCES,0.0,0
2017-07-09,1,HOME APPLIANCES,0.0,0
2017-07-10,1,HOME APPLIANCES,0.0,0
2017-07-11,1,HOME APPLIANCES,0.0,0
2017-07-12,1,HOME APPLIANCES,0.0,0
2017-07-13,1,HOME APPLIANCES,1.0,0
2017-07-14,1,HOME APPLIANCES,1.0,0
2017-07-15,1,HOME APPLIANCES,0.0,0
2017-07-16,1,HOME APPLIANCES,0.0,0
2017-07-17,1,HOME APPLIANCES,1.0,0
2017-07-18,1,HOME APPLIANCES,0.0,0
2017-07-19,1,HOME APPLIANCES,0.0,0
2017-07-20,1,HOME APPLIANCES,3.0,0
2017-07-21,1,HOME APPLIANCES,0.0,0
2017-07-22,1,HOME APPLIANCES,0.0,0
2017-07-23,1,HOME APPLIANCES,0.0,0
2017-07-24,1,HOME APPLIANCES,2.0,0
2017-07-25,1,HOME APPLIANCES,1.0,0
2017-07-26,1,HOME APPLIANCES,0.0,0
2017-07-27,1,HOME APPLIANCES,4.0,0
2017-07-28,1,HOME APPLIANCES,0.0,0
2017-07-29,1,HOME APPLIANCES,2.0,0
2017-07-30,1,HOME APPLIANCES,0.0,0
2017-07-31,1,HOME APPLIANCES,2.0,0
2017-01-01,1,HOME CARE,0.0,0
2017-01-02,1,HOME CARE,108.0,2
2017-01-03,1,HOME CARE,294.0,4
2017-01-04,1,HOME CARE,274.0,6
2017-01-05,1,HOME CARE,242.0,4
2017-01-06,1,HOME CARE,240.0,8
2017-01-07,1,HOME CARE,227.0,5
2017-01-08,1,HOME CARE,115.0,7
2017-01-09,1,HOME CARE,203.0,8
2017-01-10,1,HOME CARE,241.0,6
2017-01-11,1,HOME CARE,222.0,5
2017-01-12,1,HOME CARE,166.0,7
2017-01-13,1,HOME CARE,190.0,8
2017-01-14,1,HOME CARE,242.0,9
2017-01-15,1,HOME CARE,105.0,5
2017-01-16,1,HOME CARE,222.0,10
2017-01-17,1,HOME CARE,244.0,8
2017-01-18,1,HOME CARE,226.0,8
2017-01-19,1,HOME CARE,173.0,7
2017-01-20,1,HOME CARE,129.0,5
2017-01-21,1,HOME CARE,255.0,8
2017-01-22,1,HOME CARE,100.0,5
2017-01-23,1,HOME CARE,224.0,9
2017-01-24,1,HOME CARE,204.0,10
2017-01-25,1,HOME CARE,200.0,10
2017-01-26,1,HOME CARE,181.0,5
2017-01-27,1,HOME CARE,182.0,8
2017-01-28,1,HOME CARE,205.0,6
2017-01-29,1,HOME CARE,88.0,6
2017-01-30,1,HOME CARE,177.0,7
2017-01-31,1,HOME CARE,184.0,6
2017-02-01,1,HOME CARE,249.0,6
2017-02-02,1,HOME CARE,178.0,4
2017-02-03,1,HOME CARE,174.0,4
2017-02-04,1,HOME CARE,227.0,5
2017-02-05,1,HOME CARE,87.0,7
2017-02-06,1,HOME CARE,202.0,5
2017-02-07,1,HOME CARE,216.0,4
2017-02-08,1,HOME CARE,171.0,7
2017-02-09,1,HOME CARE,141.0,3
2017-02-10,1,HOME CARE,180.0,3
2017-02-11,1,HOME CARE,196.0,3
2017-02-12,1,HOME CARE,81.0,3
2017-02-13,1,HOME CARE,212.0,3
2017-02-14,1,HOME CARE,151.0,3
2017-02-15,1,HOME CARE,180.0,8
2017-02-16,1,HOME CARE,215.0,5
2017-02-17,1,HOME CARE,163.0,4
2017-02-18,1,HOME CARE,256.0,3
2017-02-19,1,HOME CARE,68.0,3
2017-02-20,1,HOME CARE,183.0,6
2017-02-21,1,HOME CARE,240.0,6
2017-02-22,1,HOME CARE,178.0,5
2017-02-23,1,HOME CARE,182.0,3
2017-02-24,1,HOME CARE,177.0,4
2017-02-25,1,HOME CARE,194.0,3
2017-02-26,1,HOME CARE,55.0,3
2017-02-27,1,HOME CARE,39.0,2
2017-02-28,1,HOME CARE,77.0,1
2017-03-01,1,HOME CARE,258.0,5
2017-03-02,1,HOME CARE,259.0,5
2017-03-03,1,HOME CARE,221.0,4
2017-03-04,1,HOME CARE,211.0,6
2017-03-05,1,HOME CARE,79.0,4
2017-03-06,1,HOME CARE,221.0,6
2017-03-07,1,HOME CARE,261.0,5
2017-03-08,1,HOME CARE,203.0,4
2017-03-09,1,HOME CARE,159.0,3
2017-03-10,1,HOME CARE,173.0,4
2017-03-11,1,HOME CARE,209.0,3
2017-03-12,1,HOME CARE,108.0,2
2017-03-13,1,HOME CARE,197.0,3
2017-03-14,1,HOME CARE,163.0,2
2017-03-15,1,HOME CARE,235.0,3
2017-03-16,1,HOME CARE,186.0,3
2017-03-17,1,HOME CARE,244.0,4
2017-03-18,1,HOME CARE,193.0,3
2017-03-19,1,HOME CARE,90.0,1
2017-03-20,1,HOME CARE,211.0,4
2017-03-21,1,HOME CARE,206.0,1
2017-03-22,1,HOME CARE,208.0,3
2017-03-23,1,HOME CARE,200.0,5
2017-03-24,1,HOME CARE,184.0,6
2017-03-25,1,HOME CARE,208.0,5
2017-03-26,1,HOME CARE,86.0,5
2017-03-27,1,HOME CARE,233.0,7
2017-03-28,1,HOME CARE,178.0,5
2017-03-29,1,HOME CARE,220.0,4
2017-03-30,1,HOME CARE,174.0,2
2017-03-31,1,HOME CARE,164.0,4
2017-04-01,1,HOME CARE,260.0,4
2017-04-02,1,HOME CARE,88.0,3
2017-04-03,1,HOME CARE,209.0,4
2017-04-04,1,HOME CARE,210.0,7
2017-04-05,1,HOME CARE,249.0,5
2017-04-06,1,HOME CARE,167.0,5
2017-04-07,1,HOME CARE,175.0,4
2017-04-08,1,HOME CARE,181.0,6
2017-04-09,1,HOME CARE,90.0,3
2017-04-10,1,HOME CARE,171.0,3
2017-04-11,1,HOME CARE,185.0,4
2017-04-12,1,HOME CARE,184.0,9
2017-04-13,1,HOME CARE,161.0,7
2017-04-14,1,HOME CARE,44.0,3
2017-04-15,1,HOME CARE,116.0,7
2017-04-16,1,HOME CARE,90.0,5
2017-04-17,1,HOME CARE,209.0,4
2017-04-18,1,HOME CARE,178.0,3
2017-04-19,1,HOME CARE,197.0,4
2017-04-20,1,HOME CARE,122.0,3
2017-04-21,1,HOME CARE,190.0,5
2017-04-22,1,HOME CARE,174.0,5
2017-04-23,1,HOME CARE,67.0,2
2017-04-24,1,HOME CARE,179.0,4
2017-04-25,1,HOME CARE,138.0,7
2017-04-26,1,HOME CARE,157.0,7
2017-04-27,1,HOME CARE,150.0,5
2017-04-28,1,HOME CARE,165.0,5
2017-04-29,1,HOME CARE,170.0,8
2017-04-30,1,HOME CARE,57.0,5
2017-05-01,1,HOME CARE,62.0,3
2017-05-02,1,HOME CARE,271.0,5
2017-05-03,1,HOME CARE,228.0,8
2017-05-04,1,HOME CARE,194.0,5
2017-05-05,1,HOME CARE,165.0,4
2017-05-06,1,HOME CARE,200.0,5
2017-05-07,1,HOME CARE,68.0,4
2017-05-08,1,HOME CARE,201.0,5
2017-05-09,1,HOME CARE,188.0,6
2017-05-10,1,HOME CARE,212.0,7
2017-05-11,1,HOME CARE,134.0,11
2017-05-12,1,HOME CARE,178.0,6
2017-05-13,1,HOME CARE,199.0,8
2017-05-14,1,HOME CARE,69.0,4
2017-05-15,1,HOME CARE,203.0,9
2017-05-16,1,HOME CARE,222.0,10
2017-05-17,1,HOME CARE,216.0,7
2017-05-18,1,HOME CARE,164.0,10
2017-05-19,1,HOME CARE,224.0,9
2017-05-20,1,HOME CARE,211.0,9
2017-05-21,1,HOME CARE,77.0,5
2017-05-22,1,HOME CARE,206.0,11
2017-05-23,1,HOME CARE,182.0,12
2017-05-24,1,HOME CARE,212.0,9
2017-05-25,1,HOME CARE,163.0,12
2017-05-26,1,HOME CARE,84.0,5
2017-05-27,1,HOME CARE,160.0,11
2017-05-28,1,HOME CARE,56.0,6
2017-05-29,1,HOME CARE,219.0,10
2017-05-30,1,HOME CARE,217.0,11
2017-05-31,1,HOME CARE,194.0,10
2017-06-01,1,HOME CARE,187.0,3
2017-06-02,1,HOME CARE,191.0,3
2017-06-03,1,HOME CARE,207.0,3
2017-06-04,1,HOME CARE,79.0,2
2017-06-05,1,HOME CARE,207.0,4
2017-06-06,1,HOME CARE,210.0,4
2017-06-07,1,HOME CARE,181.0,5
2017-06-08,1,HOME CARE,145.0,8
2017-06-09,1,HOME CARE,205.0,9
2017-06-10,1,HOME CARE,176.0,11
2017-06-11,1,HOME CARE,84.0,5
2017-06-12,1,HOME CARE,151.0,7
2017-06-13,1,HOME CARE,149.0,9
2017-06-14,1,HOME CARE,202.0,9
2017-06-15,1,HOME CARE,123.0,9
2017-06-16,1,HOME CARE,161.0,10
2017-06-17,1,HOME CARE,149.0,12
2017-06-18,1,HOME CARE,74.0,5
2017-06-19,1,HOME CARE,181.0,9
2017-06-20,1,HOME CARE,174.0,8
2017-06-21,1,HOME CARE,194.0,15
2017-06-22,1,HOME CARE,188.0,13
2017-06-23,1,HOME CARE,174.0,12
2017-06-24,1,HOME CARE,190.0,16
2017-06-25,1,HOME CARE,91.0,8
2017-06-26,1,HOME CARE,170.0,11
2017-06-27,1,HOME CARE,182.0,12
2017-06-28,1,HOME CARE,216.0,11
2017-06-29,1,HOME CARE,145.0,13
2017-06-30,1,HOME CARE,178.0,13
2017-07-01,1,HOME CARE,199.0,12
2017-07-02,1,HOME CARE,107.0,11
2017-07-03,1,HOME CARE,205.0,14
2017-07-04,1,HOME CARE,202.0,13
2017-07-05,1,HOME CARE,257.0,12
2017-07-06,1,HOME CARE,162.0,11
2017-07-07,1,HOME CARE,198.0,10
2017-07-08,1,HOME CARE,169.0,11
2017-07-09,1,HOME CARE,66.0,10
2017-07-10,1,HOME CARE,195.0,9
2017-07-11,1,HOME CARE,164.0,12
2017-07-12,1,HOME CARE,193.0,11
2017-07-13,1,HOME CARE,140.0,8
2017-07-14,1,HOME CARE,212.0,11
2017-07-15,1,HOME CARE,206.0,10
2017-07-16,1,HOME CARE,93.0,10
2017-07-17,1,HOME CARE,240.0,11
2017-07-18,1,HOME CARE,193.0,12
2017-07-19,1,HOME CARE,221.0,12
2017-07-20,1,HOME CARE,195.0,11
2017-07-21,1,HOME CARE,196.0,6
2017-07-22,1,HOME CARE,189.0,6
2017-07-23,1,HOME CARE,101.0,4
2017-07-24,1,HOME CARE,246.0,7
2017-07-25,1,HOME CARE,229.0,6
2017-07-26,1,HOME CARE,228.0,5
2017-07-27,1,HOME CARE,169.0,7
2017-07-28,1,HOME CARE,161.0,6
2017-07-29,1,HOME CARE,193.0,5
2017-07-30,1,HOME CARE,98.0,5
2017-07-31,1,HOME CARE,227.0,8
2017-01-01,1,LADIESWEAR,0.0,0
2017-01-02,1,LADIESWEAR,4.0,0
2017-01-03,1,LADIESWEAR,19.0,0
2017-01-04,1,LADIESWEAR,18.0,0
2017-01-05,1,LADIESWEAR,11.0,0
2017-01-06,1,LADIESWEAR,12.0,0
2017-01-07,1,LADIESWEAR,10.0,0
2017-01-08,1,LADIESWEAR,3.0,0
2017-01-09,1,LADIESWEAR,5.0,0
2017-01-10,1,LADIESWEAR,6.0,0
2017-01-11,1,LADIESWEAR,19.0,0
2017-01-12,1,LADIESWEAR,12.0,0
2017-01-13,1,LADIESWEAR,19.0,0
2017-01-14,1,LADIESWEAR,23.0,0
2017-01-15,1,LADIESWEAR,5.0,0
2017-01-16,1,LADIESWEAR,20.0,0
2017-01-17,1,LADIESWEAR,8.0,0
2017-01-18,1,LADIESWEAR,13.0,0
2017-01-19,1,LADIESWEAR,12.0,0
2017-01-20,1,LADIESWEAR,2.0,0
2017-01-21,1,LADIESWEAR,16.0,0
2017-01-22,1,LADIESWEAR,7.0,0
2017-01-23,1,LADIESWEAR,24.0,0
2017-01-24,1,LADIESWEAR,21.0,0
2017-01-25,1,LADIESWEAR,22.0,0
2017-01-26,1,LADIESWEAR,23.0,0
2017-01-27,1,LADIESWEAR,14.0,0
2017-01-28,1,LADIESWEAR,14.0,0
2017-01-29,1,LADIESWEAR,5.0,0
2017-01-30,1,LADIESWEAR,14.0,0
2017-01-31,1,LADIESWEAR,17.0,0
2017-02-01,1,LADIESWEAR,24.0,0
2017-02-02,1,LADIESWEAR,14.0,0
2017-02-03,1,LADIESWEAR,17.0,0
2017-02-04,1,LADIESWEAR,23.0,0
2017-02-05,1,LADIESWEAR,18.0,0
2017-02-06,1,LADIESWEAR,23.0,0
2017-02-07,1,LADIESWEAR,11.0,0
2017-02-08,1,LADIESWEAR,8.0,0
2017-02-09,1,LADIESWEAR,24.0,0
2017-02-10,1,LADIESWEAR,18.0,0
2017-02-11,1,LADIESWEAR,19.0,0
2017-02-12,1,LADIESWEAR,7.0,0
2017-02-13,1,LADIESWEAR,14.0,0
2017-02-14,1,LADIESWEAR,19.0,0
2017-02-15,1,LADIESWEAR,27.0,0
2017-02-16,1,LADIESWEAR,16.0,0
2017-02-17,1,LADIESWEAR,5.0,0
2017-02-18,1,LADIESWEAR,29.0,0
2017-02-19,1,LADIESWEAR,12.0,0
2017-02-20,1,LADIESWEAR,29.0,0
2017-02-21,1,LADIESWEAR,18.0,0
2017-02-22,1,LADIESWEAR,20.0,0
2017-02-23,1,LADIESWEAR,9.0,0
2017-02-24,1,LADIESWEAR,17.0,0
2017-02-25,1,LADIESWEAR,9.0,0
2017-02-26,1,LADIESWEAR,5.0,0
2017-02-27,1,LADIESWEAR,4.0,0
2017-02-28,1,LADIESWEAR,8.0,0
2017-03-01,1,LADIESWEAR,22.0,0
2017-03-02,1,LADIESWEAR,17.0,0
2017-03-03,1,LADIESWEAR,9.0,0
2017-03-04,1,LADIESWEAR,18.0,0
2017-03-05,1,LADIESWEAR,7.0,0
2017-03-06,1,LADIESWEAR,17.0,0
2017-03-07,1,LADIESWEAR,16.0,0
2017-03-08,1,LADIESWEAR,18.0,0
2017-03-09,1,LADIESWEAR,8.0,0
2017-03-10,1,LADIESWEAR,13.0,0
2017-03-11,1,LADIESWEAR,13.0,0
2017-03-12,1,LADIESWEAR,15.0,0
2017-03-13,1,LADIESWEAR,21.0,0
2017-03-14,1,LADIESWEAR,19.0,0
2017-03-15,1,LADIESWEAR,24.0,0
2017-03-16,1,LADIESWEAR,5.0,0
2017-03-17,1,LADIESWEAR,9.0,0
2017-03-18,1,LADIESWEAR,18.0,0
2017-03-19,1,LADIESWEAR,3.0,0
2017-03-20,1,LADIESWEAR,13.0,0
2017-03-21,1,LADIESWEAR,11.0,0
2017-03-22,1,LADIESWEAR,11.0,0
2017-03-23,1,LADIESWEAR,14.0,0
2017-03-24,1,LADIESWEAR,15.0,0
2017-03-25,1,LADIESWEAR,11.0,0
2017-03-26,1,LADIESWEAR,11.0,0
2017-03-27,1,LADIESWEAR,19.0,0
2017-03-28,1,LADIESWEAR,10.0,0
2017-03-29,1,LADIESWEAR,15.0,0
2017-03-30,1,LADIESWEAR,21.0,0
2017-03-31,1,LADIESWEAR,16.0,0
2017-04-01,1,LADIESWEAR,13.0,0
2017-04-02,1,LADIESWEAR,2.0,0
2017-04-03,1,LADIESWEAR,17.0,0
2017-04-04,1,LADIESWEAR,29.0,0
2017-04-05,1,LADIESWEAR,21.0,0
2017-04-06,1,LADIESWEAR,7.0,0
2017-04-07,1,LADIESWEAR,15.0,0
2017-04-08,1,LADIESWEAR,24.0,0
2017-04-09,1,LADIESWEAR,8.0,0
2017-04-10,1,LADIESWEAR,23.0,0
2017-04-11,1,LADIESWEAR,11.0,0
2017-04-12,1,LADIESWEAR,5.0,0
2017-04-13,1,LADIESWEAR,10.0,0
2017-04-14,1,LADIESWEAR,2.0,0
2017-04-15,1,LADIESWEAR,10.0,0
2017-04-16,1,LADIESWEAR,3.0,0
2017-04-17,1,LADIESWEAR,25.0,0
2017-04-18,1,LADIESWEAR,11.0,0
2017-04-19,1,LADIESWEAR,18.0,0
2017-04-20,1,LADIESWEAR,11.0,0
2017-04-21,1,LADIESWEAR,23.0,0
2017-04-22,1,LADIESWEAR,28.0,0
2017-04-23,1,LADIESWEAR,4.0,0
2017-04-24,1,LADIESWEAR,9.0,0
2017-04-25,1,LADIESWEAR,17.0,0
2017-04-26,1,LADIESWEAR,9.0,0
2017-04-27,1,LADIESWEAR,13.0,0
2017-04-28,1,LADIESWEAR,7.0,0
2017-04-29,1,LADIESWEAR,7.0,0
2017-04-30,1,LADIESWEAR,4.0,0
2017-05-01,1,LADIESWEAR,4.0,0
2017-05-02,1,LADIESWEAR,9.0,0
2017-05-03,1,LADIESWEAR,17.0,0
2017-05-04,1,LADIESWEAR,10.0,0
2017-05-05,1,LADIESWEAR,18.0,0
2017-05-06,1,LADIESWEAR,20.0,0
2017-05-07,1,LADIESWEAR,7.0,0
2017-05-08,1,LADIESWEAR,24.0,0
2017-05-09,1,LADIESWEAR,12.0,0
2017-05-10,1,LADIESWEAR,11.0,0
2017-05-11,1,LADIESWEAR,13.0,0
2017-05-12,1,LADIESWEAR,13.0,0
2017-05-13,1,LADIESWEAR,15.0,0
2017-05-14,1,LADIESWEAR,8.0,0
2017-05-15,1,LADIESWEAR,14.0,0
2017-05-16,1,LADIESWEAR,24.0,0
2017-05-17,1,LADIESWEAR,20.0,0
2017-05-18,1,LADIESWEAR,15.0,0
2017-05-19,1,LADIESWEAR,10.0,0
2017-05-20,1,LADIESWEAR,15.0,0
2017-05-21,1,LADIESWEAR,12.0,0
2017-05-22,1,LADIESWEAR,19.0,0
2017-05-23,1,LADIESWEAR,20.0,0
2017-05-24,1,LADIESWEAR,10.0,0
2017-05-25,1,LADIESWEAR,12.0,0
2017-05-26,1,LADIESWEAR,13.0,0
2017-05-27,1,LADIESWEAR,10.0,0
2017-05-28,1,LADIESWEAR,4.0,0
2017-05-29,1,LADIESWEAR,15.0,0
2017-05-30,1,LADIESWEAR,16.0,0
2017-05-31,1,LADIESWEAR,13.0,0
2017-06-01,1,LADIESWEAR,8.0,0
2017-06-02,1,LADIESWEAR,13.0,0
2017-06-03,1,LADIESWEAR,24.0,0
2017-06-04,1,LADIESWEAR,11.0,0
2017-06-05,1,LADIESWEAR,20.0,0
2017-06-06,1,LADIESWEAR,17.0,0
2017-06-07,1,LADIESWEAR,23.0,0
2017-06-08,1,LADIESWEAR,7.0,0
2017-06-09,1,LADIESWEAR,10.0,0
2017-06-10,1,LADIESWEAR,15.0,0
2017-06-11,1,LADIESWEAR,19.0,0
2017-06-12,1,LADIESWEAR,21.0,0
2017-06-13,1,LADIESWEAR,5.0,0
2017-06-14,1,LADIESWEAR,12.0,0
2017-06-15,1,LADIESWEAR,11.0,0
2017-06-16,1,LADIESWEAR,19.0,0
2017-06-17,1,LADIESWEAR,20.0,0
2017-06-18,1,LADIESWEAR,4.0,0
2017-06-19,1,LADIESWEAR,11.0,0
2017-06-20,1,LADIESWEAR,14.0,0
2017-06-21,1,LADIESWEAR,10.0,0
2017-06-22,1,LADIESWEAR,18.0,0
2017-06-23,1,LADIESWEAR,8.0,0
2017-06-24,1,LADIESWEAR,20.0,0
2017-06-25,1,LADIESWEAR,6.0,0
2017-06-26,1,LADIESWEAR,9.0,0
2017-06-27,1,LADIESWEAR,11.0,0
2017-06-28,1,LADIESWEAR,22.0,0
2017-06-29,1,LADIESWEAR,11.0,0
2017-06-30,1,LADIESWEAR,10.0,0
2017-07-01,1,LADIESWEAR,7.0,0
2017-07-02,1,LADIESWEAR,16.0,0
2017-07-03,1,LADIESWEAR,16.0,0
2017-07-04,1,LADIESWEAR,12.0,0
2017-07-05,1,LADIESWEAR,19.0,0
2017-07-06,1,LADIESWEAR,6.0,0
2017-07-07,1,LADIESWEAR,10.0,0
2017-07-08,1,LADIESWEAR,15.0,0
2017-07-09,1,LADIESWEAR,10.0,0
2017-07-10,1,LADIESWEAR,14.0,0
2017-07-11,1,LADIESWEAR,7.0,0
2017-07-12,1,LADIESWEAR,18.0,0
2017-07-13,1,LADIESWEAR,9.0,0
2017-07-14,1,LADIESWEAR,9.0,0
2017-07-15,1,LADIESWEAR,11.0,0
2017-07-16,1,LADIESWEAR,10.0,0
2017-07-17,1,LADIESWEAR,13.0,0
2017-07-18,1,LADIESWEAR,19.0,0
2017-07-19,1,LADIESWEAR,20.0,0
2017-07-20,1,LADIESWEAR,21.0,0
2017-07-21,1,LADIESWEAR,13.0,0
2017-07-22,1,LADIESWEAR,18.0,0
2017-07-23,1,LADIESWEAR,5.0,0
2017-07-24,1,LADIESWEAR,13.0,0
2017-07-25,1,LADIESWEAR,12.0,0
2017-07-26,1,LADIESWEAR,16.0,0
2017-07-27,1,LADIESWEAR,17.0,0
2017-07-28,1,LADIESWEAR,16.0,0
2017-07-29,1,LADIESWEAR,13.0,0
2017-07-30,1,LADIESWEAR,2.0,0
2017-07-31,1,LADIESWEAR,21.0,0
2017-01-01,1,LAWN AND GARDEN,0.0,0
2017-01-02,1,LAWN AND GARDEN,4.0,0
2017-01-03,1,LAWN AND GARDEN,16.0,0
2017-01-04,1,LAWN AND GARDEN,12.0,4
2017-01-05,1,LAWN AND GARDEN,9.0,0
2017-01-06,1,LAWN AND GARDEN,18.0,0
2017-01-07,1,LAWN AND GARDEN,20.0,0
2017-01-08,1,LAWN AND GARDEN,17.0,0
2017-01-09,1,LAWN AND GARDEN,14.0,0
2017-01-10,1,LAWN AND GARDEN,19.0,0
2017-01-11,1,LAWN AND GARDEN,24.0,5
2017-01-12,1,LAWN AND GARDEN,6.0,0
2017-01-13,1,LAWN AND GARDEN,36.0,0
2017-01-14,1,LAWN AND GARDEN,25.0,0
2017-01-15,1,LAWN AND GARDEN,16.0,0
2017-01-16,1,LAWN AND GARDEN,14.0,0
2017-01-17,1,LAWN AND GARDEN,20.0,0
2017-01-18,1,LAWN AND GARDEN,19.0,6
2017-01-19,1,LAWN AND GARDEN,13.0,0
2017-01-20,1,LAWN AND GARDEN,24.0,0
2017-01-21,1,LAWN AND GARDEN,31.0,0
2017-01-22,1,LAWN AND GARDEN,10.0,0
2017-01-23,1,LAWN AND GARDEN,17.0,0
2017-01-24,1,LAWN AND GARDEN,24.0,0
2017-01-25,1,LAWN AND GARDEN,19.0,5
2017-01-26,1,LAWN AND GARDEN,19.0,0
2017-01-27,1,LAWN AND GARDEN,24.0,0
2017-01-28,1,LAWN AND GARDEN,28.0,0
2017-01-29,1,LAWN AND GARDEN,12.0,0
2017-01-30,1,LAWN AND GARDEN,18.0,0
2017-01-31,1,LAWN AND GARDEN,17.0,0
2017-02-01,1,LAWN AND GARDEN,27.0,2
2017-02-02,1,LAWN AND GARDEN,9.0,0
2017-02-03,1,LAWN AND GARDEN,19.0,0
2017-02-04,1,LAWN AND GARDEN,16.0,0
2017-02-05,1,LAWN AND GARDEN,2.0,0
2017-02-06,1,LAWN AND GARDEN,24.0,0
2017-02-07,1,LAWN AND GARDEN,19.0,0
2017-02-08,1,LAWN AND GARDEN,10.0,5
2017-02-09,1,LAWN AND GARDEN,22.0,0
2017-02-10,1,LAWN AND GARDEN,31.0,0
2017-02-11,1,LAWN AND GARDEN,18.0,0
2017-02-12,1,LAWN AND GARDEN,16.0,0
2017-02-13,1,LAWN AND GARDEN,49.0,0
2017-02-14,1,LAWN AND GARDEN,105.0,0
2017-02-15,1,LAWN AND GARDEN,20.0,5
2017-02-16,1,LAWN AND GARDEN,2.0,0
2017-02-17,1,LAWN AND GARDEN,4.0,0
2017-02-18,1,LAWN AND GARDEN,21.0,0
2017-02-19,1,LAWN AND GARDEN,1.0,0
2017-02-20,1,LAWN AND GARDEN,12.0,0
2017-02-21,1,LAWN AND GARDEN,15.0,0
2017-02-22,1,LAWN AND GARDEN,23.0,3
2017-02-23,1,LAWN AND GARDEN,9.0,0
2017-02-24,1,LAWN AND GARDEN,18.0,0
2017-02-25,1,LAWN AND GARDEN,8.0,0
2017-02-26,1,LAWN AND GARDEN,9.0,0
2017-02-27,1,LAWN AND GARDEN,3.0,0
2017-02-28,1,LAWN AND GARDEN,4.0,0
2017-03-01,1,LAWN AND GARDEN,28.0,5
2017-03-02,1,LAWN AND GARDEN,9.0,0
2017-03-03,1,LAWN AND GARDEN,18.0,0
2017-03-04,1,LAWN AND GARDEN,22.0,0
2017-03-05,1,LAWN AND GARDEN,5.0,0
2017-03-06,1,LAWN AND GARDEN,16.0,0
2017-03-07,1,LAWN AND GARDEN,18.0,0
2017-03-08,1,LAWN AND GARDEN,23.0,7
2017-03-09,1,LAWN AND GARDEN,21.0,0
2017-03-10,1,LAWN AND GARDEN,31.0,0
2017-03-11,1,LAWN AND GARDEN,10.0,0
2017-03-12,1,LAWN AND GARDEN,13.0,0
2017-03-13,1,LAWN AND GARDEN,16.0,0
2017-03-14,1,LAWN AND GARDEN,21.0,0
2017-03-15,1,LAWN AND GARDEN,25.0,7
2017-03-16,1,LAWN AND GARDEN,12.0,0
2017-03-17,1,LAWN AND GARDEN,26.0,0
2017-03-18,1,LAWN AND GARDEN,11.0,0
2017-03-19,1,LAWN AND GARDEN,20.0,0
2017-03-20,1,LAWN AND GARDEN,16.0,0
2017-03-21,1,LAWN AND GARDEN,16.0,0
2017-03-22,1,LAWN AND GARDEN,12.0,4
2017-03-23,1,LAWN AND GARDEN,11.0,0
2017-03-24,1,LAWN AND GARDEN,29.0,0
2017-03-25,1,LAWN AND GARDEN,15.0,0
2017-03-26,1,LAWN AND GARDEN,12.0,0
2017-03-27,1,LAWN AND GARDEN,21.0,0
2017-03-28,1,LAWN AND GARDEN,18.0,0
2017-03-29,1,LAWN AND GARDEN,20.0,8
2017-03-30,1,LAWN AND GARDEN,18.0,0
2017-03-31,1,LAWN AND GARDEN,35.0,0
2017-04-01,1,LAWN AND GARDEN,28.0,0
2017-04-02,1,LAWN AND GARDEN,10.0,0
2017-04-03,1,LAWN AND GARDEN,22.0,0
2017-04-04,1,LAWN AND GARDEN,14.0,0
2017-04-05,1,LAWN AND GARDEN,17.0,5
2017-04-06,1,LAWN AND GARDEN,26.0,0
2017-04-07,1,LAWN AND GARDEN,23.0,0
2017-04-08,1,LAWN AND GARDEN,19.0,0
2017-04-09,1,LAWN AND GARDEN,8.0,0
2017-04-10,1,LAWN AND GARDEN,29.0,0
2017-04-11,1,LAWN AND GARDEN,5.0,0
2017-04-12,1,LAWN AND GARDEN,33.0,7
2017-04-13,1,LAWN AND GARDEN,23.0,0
2017-04-14,1,LAWN AND GARDEN,16.0,0
2017-04-15,1,LAWN AND GARDEN,16.0,0
2017-04-16,1,LAWN AND GARDEN,7.0,0
2017-04-17,1,LAWN AND GARDEN,16.0,0
2017-04-18,1,LAWN AND GARDEN,15.0,0
2017-04-19,1,LAWN AND GARDEN,26.0,9
2017-04-20,1,LAWN AND GARDEN,23.0,0
2017-04-21,1,LAWN AND GARDEN,13.0,0
2017-04-22,1,LAWN AND GARDEN,25.0,0
2017-04-23,1,LAWN AND GARDEN,7.0,0
2017-04-24,1,LAWN AND GARDEN,14.0,1
2017-04-25,1,LAWN AND GARDEN,29.0,0
2017-04-26,1,LAWN AND GARDEN,26.0,7
2017-04-27,1,LAWN AND GARDEN,19.0,0
2017-04-28,1,LAWN AND GARDEN,18.0,0
2017-04-29,1,LAWN AND GARDEN,16.0,0
2017-04-30,1,LAWN AND GARDEN,20.0,0
2017-05-01,1,LAWN AND GARDEN,6.0,0
2017-05-02,1,LAWN AND GARDEN,11.0,0
2017-05-03,1,LAWN AND GARDEN,42.0,8
2017-05-04,1,LAWN AND GARDEN,22.0,0
2017-05-05,1,LAWN AND GARDEN,35.0,0
2017-05-06,1,LAWN AND GARDEN,16.0,0
2017-05-07,1,LAWN AND GARDEN,9.0,0
2017-05-08,1,LAWN AND GARDEN,16.0,0
2017-05-09,1,LAWN AND GARDEN,9.0,0
2017-05-10,1,LAWN AND GARDEN,27.0,7
2017-05-11,1,LAWN AND GARDEN,19.0,0
2017-05-12,1,LAWN AND GARDEN,38.0,0
2017-05-13,1,LAWN AND GARDEN,93.0,0
2017-05-14,1,LAWN AND GARDEN,24.0,0
2017-05-15,1,LAWN AND GARDEN,9.0,0
2017-05-16,1,LAWN AND GARDEN,15.0,0
2017-05-17,1,LAWN AND GARDEN,20.0,6
2017-05-18,1,LAWN AND GARDEN,6.0,0
2017-05-19,1,LAWN AND GARDEN,42.0,0
2017-05-20,1,LAWN AND GARDEN,9.0,0
2017-05-21,1,LAWN AND GARDEN,5.0,0
2017-05-22,1,LAWN AND GARDEN,14.0,0
2017-05-23,1,LAWN AND GARDEN,26.0,0
2017-05-24,1,LAWN AND GARDEN,13.0,5
2017-05-25,1,LAWN AND GARDEN,21.0,0
2017-05-26,1,LAWN AND GARDEN,23.0,1
2017-05-27,1,LAWN AND GARDEN,12.0,0
2017-05-28,1,LAWN AND GARDEN,14.0,0
2017-05-29,1,LAWN AND GARDEN,23.0,0
2017-05-30,1,LAWN AND GARDEN,28.0,0
2017-05-31,1,LAWN AND GARDEN,24.0,6
2017-06-01,1,LAWN AND GARDEN,27.0,0
2017-06-02,1,LAWN AND GARDEN,32.0,0
2017-06-03,1,LAWN AND GARDEN,19.0,0
2017-06-04,1,LAWN AND GARDEN,9.0,0
2017-06-05,1,LAWN AND GARDEN,6.0,0
2017-06-06,1,LAWN AND GARDEN,23.0,0
2017-06-07,1,LAWN AND GARDEN,22.0,7
2017-06-08,1,LAWN AND GARDEN,16.0,0
2017-06-09,1,LAWN AND GARDEN,26.0,0
2017-06-10,1,LAWN AND GARDEN,17.0,0
2017-06-11,1,LAWN AND GARDEN,5.0,0
2017-06-12,1,LAWN AND GARDEN,19.0,0
2017-06-13,1,LAWN AND GARDEN,16.0,0
2017-06-14,1,LAWN AND GARDEN,28.0,7
2017-06-15,1,LAWN AND GARDEN,14.0,0
2017-06-16,1,LAWN AND GARDEN,36.0,0
2017-06-17,1,LAWN AND GARDEN,11.0,0
2017-06-18,1,LAWN AND GARDEN,8.0,0
2017-06-19,1,LAWN AND GARDEN,8.0,0
2017-06-20,1,LAWN AND GARDEN,25.0,0
2017-06-21,1,LAWN AND GARDEN,21.0,5
2017-06-22,1,LAWN AND GARDEN,10.0,0
2017-06-23,1,LAWN AND GARDEN,35.0,0
2017-06-24,1,LAWN AND GARDEN,22.0,0
2017-06-25,1,LAWN AND GARDEN,8.0,0
2017-06-26,1,LAWN AND GARDEN,22.0,0
2017-06-27,1,LAWN AND GARDEN,13.0,0
2017-06-28,1,LAWN AND GARDEN,24.0,6
2017-06-29,1,LAWN AND GARDEN,18.0,0
2017-06-30,1,LAWN AND GARDEN,13.0,0
2017-07-01,1,LAWN AND GARDEN,20.0,0
2017-07-02,1,LAWN AND GARDEN,12.0,0
2017-07-03,1,LAWN AND GARDEN,28.0,0
2017-07-04,1,LAWN AND GARDEN,9.0,0
2017-07-05,1,LAWN AND GARDEN,35.0,7
2017-07-06,1,LAWN AND GARDEN,12.0,0
2017-07-07,1,LAWN AND GARDEN,16.0,0
2017-07-08,1,LAWN AND GARDEN,14.0,0
2017-07-09,1,LAWN AND GARDEN,18.0,0
2017-07-10,1,LAWN AND GARDEN,33.0,0
2017-07-11,1,LAWN AND GARDEN,26.0,0
2017-07-12,1,LAWN AND GARDEN,38.0,7
2017-07-13,1,LAWN AND GARDEN,17.0,0
2017-07-14,1,LAWN AND GARDEN,30.0,0
2017-07-15,1,LAWN AND GARDEN,14.0,0
2017-07-16,1,LAWN AND GARDEN,6.0,0
2017-07-17,1,LAWN AND GARDEN,6.0,0
2017-07-18,1,LAWN AND GARDEN,16.0,0
2017-07-19,1,LAWN AND GARDEN,17.0,5
2017-07-20,1,LAWN AND GARDEN,17.0,0
2017-07-21,1,LAWN AND GARDEN,29.0,0
2017-07-22,1,LAWN AND GARDEN,21.0,0
2017-07-23,1,LAWN AND GARDEN,12.0,0
2017-07-24,1,LAWN AND GARDEN,22.0,0
2017-07-25,1,LAWN AND GARDEN,29.0,0
2017-07-26,1,LAWN AND GARDEN,30.0,5
2017-07-27,1,LAWN AND GARDEN,26.0,0
2017-07-28,1,LAWN AND GARDEN,32.0,0
2017-07-29,1,LAWN AND GARDEN,6.0,0
2017-07-30,1,LAWN AND GARDEN,18.0,0
2017-07-31,1,LAWN AND GARDEN,15.0,0
2017-01-01,1,LINGERIE,0.0,0
2017-01-02,1,LINGERIE,4.0,0
2017-01-03,1,LINGERIE,13.0,0
2017-01-04,1,LINGERIE,7.0,0
2017-01-05,1,LINGERIE,5.0,0
2017-01-06,1,LINGERIE,17.0,0
2017-01-07,1,LINGERIE,6.0,0
2017-01-08,1,LINGERIE,0.0,0
2017-01-09,1,LINGERIE,1.0,0
2017-01-10,1,LINGERIE,2.0,0
2017-01-11,1,LINGERIE,1.0,0
2017-01-12,1,LINGERIE,16.0,0
2017-01-13,1,LINGERIE,1.0,0
2017-01-14,1,LINGERIE,3.0,0
2017-01-15,1,LINGERIE,0.0,0
2017-01-16,1,LINGERIE,9.0,0
2017-01-17,1,LINGERIE,3.0,0
2017-01-18,1,LINGERIE,15.0,0
2017-01-19,1,LINGERIE,0.0,0
2017-01-20,1,LINGERIE,1.0,0
2017-01-21,1,LINGERIE,1.0,0
2017-01-22,1,LINGERIE,0.0,0
2017-01-23,1,LINGERIE,2.0,0
2017-01-24,1,LINGERIE,8.0,0
2017-01-25,1,LINGERIE,3.0,0
2017-01-26,1,LINGERIE,4.0,0
2017-01-27,1,LINGERIE,5.0,0
2017-01-28,1,LINGERIE,7.0,0
2017-01-29,1,LINGERIE,2.0,0
2017-01-30,1,LINGERIE,5.0,0
2017-01-31,1,LINGERIE,5.0,0
2017-02-01,1,LINGERIE,4.0,0
2017-02-02,1,LINGERIE,2.0,0
2017-02-03,1,LINGERIE,5.0,0
2017-02-04,1,LINGERIE,9.0,0
2017-02-05,1,LINGERIE,0.0,0
2017-02-06,1,LINGERIE,4.0,0
2017-02-07,1,LINGERIE,19.0,0
2017-02-08,1,LINGERIE,4.0,0
2017-02-09,1,LINGERIE,3.0,0
2017-02-10,1,LINGERIE,2.0,0
2017-02-11,1,LINGERIE,2.0,0
2017-02-12,1,LINGERIE,3.0,0
2017-02-13,1,LINGERIE,4.0,0
2017-02-14,1,LINGERIE,5.0,0
2017-02-15,1,LINGERIE,11.0,0
2017-02-16,1,LINGERIE,25.0,0
2017-02-17,1,LINGERIE,2.0,0
2017-02-18,1,LINGERIE,7.0,0
2017-02-19,1,LINGERIE,3.0,0
2017-02-20,1,LINGERIE,5.0,0
2017-02-21,1,LINGERIE,0.0,0
2017-02-22,1,LINGERIE,7.0,0
2017-02-23,1,LINGERIE,5.0,0
2017-02-24,1,LINGERIE,10.0,0
2017-02-25,1,LINGERIE,7.0,0
2017-02-26,1,LINGERIE,2.0,0
2017-02-27,1,LINGERIE,2.0,0
2017-02-28,1,LINGERIE,3.0,0
2017-03-01,1,LINGERIE,10.0,0
2017-03-02,1,LINGERIE,5.0,0
2017-03-03,1,LINGERIE,14.0,0
2017-03-04,1,LINGERIE,14.0,0
2017-03-05,1,LINGERIE,1.0,0
2017-03-06,1,LINGERIE,0.0,0
2017-03-07,1,LINGERIE,16.0,0
2017-03-08,1,LINGERIE,4.0,0
2017-03-09,1,LINGERIE,12.0,0
2017-03-10,1,LINGERIE,6.0,0
2017-03-11,1,LINGERIE,7.0,0
2017-03-12,1,LINGERIE,7.0,0
2017-03-13,1,LINGERIE,9.0,0
2017-03-14,1,LINGERIE,8.0,0
2017-03-15,1,LINGERIE,6.0,0
2017-03-16,1,LINGERIE,14.0,0
2017-03-17,1,LINGERIE,9.0,0
2017-03-18,1,LINGERIE,9.0,0
2017-03-19,1,LINGERIE,1.0,0
2017-03-20,1,LINGERIE,10.0,0
2017-03-21,1,LINGERIE,12.0,0
2017-03-22,1,LINGERIE,5.0,0
2017-03-23,1,LINGERIE,4.0,0
2017-03-24,1,LINGERIE,7.0,0
2017-03-25,1,LINGERIE,7.0,0
2017-03-26,1,LINGERIE,3.0,0
2017-03-27,1,LINGERIE,20.0,0
2017-03-28,1,LINGERIE,13.0,0
2017-03-29,1,LINGERIE,6.0,0
2017-03-30,1,LINGERIE,14.0,0
2017-03-31,1,LINGERIE,18.0,0
2017-04-01,1,LINGERIE,5.0,0
2017-04-02,1,LINGERIE,0.0,0
2017-04-03,1,LINGERIE,10.0,0
2017-04-04,1,LINGERIE,11.0,0
2017-04-05,1,LINGERIE,15.0,0
2017-04-06,1,LINGERIE,8.0,0
2017-04-07,1,LINGERIE,6.0,0
2017-04-08,1,LINGERIE,7.0,0
2017-04-09,1,LINGERIE,3.0,0
2017-04-10,1,LINGERIE,16.0,0
2017-04-11,1,LINGERIE,12.0,0
2017-04-12,1,LINGERIE,11.0,0
2017-04-13,1,LINGERIE,6.0,0
2017-04-14,1,LINGERIE,4.0,0
2017-04-15,1,LINGERIE,7.0,0
2017-04-16,1,LINGERIE,2.0,0
2017-04-17,1,LINGERIE,10.0,0
2017-04-18,1,LINGERIE,3.0,0
2017-04-19,1,LINGERIE,16.0,0
2017-04-20,1,LINGERIE,14.0,1
2017-04-21,1,LINGERIE,6.0,0
2017-04-22,1,LINGERIE,22.0,1
2017-04-23,1,LINGERIE,5.0,0
2017-04-24,1,LINGERIE,21.0,1
2017-04-25,1,LINGERIE,4.0,0
2017-04-26,1,LINGERIE,4.0,0
2017-04-27,1,LINGERIE,7.0,1
2017-04-28,1,LINGERIE,11.0,0
2017-04-29,1,LINGERIE,8.0,1
2017-04-30,1,LINGERIE,2.0,1
2017-05-01,1,LINGERIE,5.0,1
2017-05-02,1,LINGERIE,10.0,1
2017-05-03,1,LINGERIE,17.0,1
2017-05-04,1,LINGERIE,8.0,1
2017-05-05,1,LINGERIE,9.0,0
2017-05-06,1,LINGERIE,14.0,1
2017-05-07,1,LINGERIE,6.0,0
2017-05-08,1,LINGERIE,9.0,1
2017-05-09,1,LINGERIE,21.0,1
2017-05-10,1,LINGERIE,19.0,1
2017-05-11,1,LINGERIE,7.0,1
2017-05-12,1,LINGERIE,3.0,1
2017-05-13,1,LINGERIE,18.0,1
2017-05-14,1,LINGERIE,2.0,0
2017-05-15,1,LINGERIE,10.0,0
2017-05-16,1,LINGERIE,24.0,1
2017-05-17,1,LINGERIE,21.0,1
2017-05-18,1,LINGERIE,6.0,0
2017-05-19,1,LINGERIE,12.0,0
2017-05-20,1,LINGERIE,8.0,0
2017-05-21,1,LINGERIE,1.0,0
2017-05-22,1,LINGERIE,1.0,0
2017-05-23,1,LINGERIE,21.0,0
2017-05-24,1,LINGERIE,6.0,0
2017-05-25,1,LINGERIE,1.0,0
2017-05-26,1,LINGERIE,4.0,0
2017-05-27,1,LINGERIE,4.0,0
2017-05-28,1,LINGERIE,2.0,0
2017-05-29,1,LINGERIE,8.0,0
2017-05-30,1,LINGERIE,14.0,0
2017-05-31,1,LINGERIE,11.0,0
2017-06-01,1,LINGERIE,5.0,0
2017-06-02,1,LINGERIE,11.0,0
2017-06-03,1,LINGERIE,6.0,0
2017-06-04,1,LINGERIE,6.0,0
2017-06-05,1,LINGERIE,3.0,0
2017-06-06,1,LINGERIE,12.0,0
2017-06-07,1,LINGERIE,7.0,0
2017-06-08,1,LINGERIE,4.0,0
2017-06-09,1,LINGERIE,18.0,0
2017-06-10,1,LINGERIE,6.0,0
2017-06-11,1,LINGERIE,1.0,0
2017-06-12,1,LINGERIE,3.0,0
2017-06-13,1,LINGERIE,15.0,0
2017-06-14,1,LINGERIE,4.0,0
2017-06-15,1,LINGERIE,7.0,0
2017-06-16,1,LINGERIE,6.0,0
2017-06-17,1,LINGERIE,6.0,0
2017-06-18,1,LINGERIE,2.0,0
2017-06-19,1,LINGERIE,15.0,0
2017-06-20,1,LINGERIE,12.0,0
2017-06-21,1,LINGERIE,15.0,0
2017-06-22,1,LINGERIE,5.0,0
2017-06-23,1,LINGERIE,3.0,0
2017-06-24,1,LINGERIE,2.0,0
2017-06-25,1,LINGERIE,1.0,0
2017-06-26,1,LINGERIE,9.0,0
2017-06-27,1,LINGERIE,11.0,0
2017-06-28,1,LINGERIE,9.0,0
2017-06-29,1,LINGERIE,19.0,0
2017-06-30,1,LINGERIE,21.0,0
2017-07-01,1,LINGERIE,14.0,0
2017-07-02,1,LINGERIE,1.0,0
2017-07-03,1,LINGERIE,18.0,0
2017-07-04,1,LINGERIE,20.0,0
2017-07-05,1,LINGERIE,14.0,0
2017-07-06,1,LINGERIE,3.0,0
2017-07-07,1,LINGERIE,8.0,0
2017-07-08,1,LINGERIE,6.0,0
2017-07-09,1,LINGERIE,4.0,0
2017-07-10,1,LINGERIE,7.0,0
2017-07-11,1,LINGERIE,2.0,0
2017-07-12,1,LINGERIE,12.0,0
2017-07-13,1,LINGERIE,4.0,0
2017-07-14,1,LINGERIE,10.0,0
2017-07-15,1,LINGERIE,10.0,0
2017-07-16,1,LINGERIE,0.0,0
2017-07-17,1,LINGERIE,6.0,0
2017-07-18,1,LINGERIE,6.0,0
2017-07-19,1,LINGERIE,3.0,0
2017-07-20,1,LINGERIE,2.0,0
2017-07-21,1,LINGERIE,2.0,0
2017-07-22,1,LINGERIE,4.0,0
2017-07-23,1,LINGERIE,1.0,0
2017-07-24,1,LINGERIE,7.0,0
2017-07-25,1,LINGERIE,7.0,0
2017-07-26,1,LINGERIE,8.0,0
2017-07-27,1,LINGERIE,4.0,0
2017-07-28,1,LINGERIE,5.0,0
2017-07-29,1,LINGERIE,0.0,0
2017-07-30,1,LINGERIE,0.0,0
2017-07-31,1,LINGERIE,4.0,0
2017-01-01,1,"LIQUOR,WINE,BEER",0.0,0
2017-01-02,1,"LIQUOR,WINE,BEER",25.0,0
2017-01-03,1,"LIQUOR,WINE,BEER",104.0,2
2017-01-04,1,"LIQUOR,WINE,BEER",115.0,2
2017-01-05,1,"LIQUOR,WINE,BEER",79.0,2
2017-01-06,1,"LIQUOR,WINE,BEER",114.0,6
2017-01-07,1,"LIQUOR,WINE,BEER",169.0,2
2017-01-08,1,"LIQUOR,WINE,BEER",37.0,2
2017-01-09,1,"LIQUOR,WINE,BEER",58.0,2
2017-01-10,1,"LIQUOR,WINE,BEER",139.0,1
2017-01-11,1,"LIQUOR,WINE,BEER",73.0,1
2017-01-12,1,"LIQUOR,WINE,BEER",86.0,2
2017-01-13,1,"LIQUOR,WINE,BEER",161.0,3
2017-01-14,1,"LIQUOR,WINE,BEER",113.0,2
2017-01-15,1,"LIQUOR,WINE,BEER",32.0,2
2017-01-16,1,"LIQUOR,WINE,BEER",63.0,1
2017-01-17,1,"LIQUOR,WINE,BEER",57.0,2
2017-01-18,1,"LIQUOR,WINE,BEER",76.0,3
2017-01-19,1,"LIQUOR,WINE,BEER",65.0,1
2017-01-20,1,"LIQUOR,WINE,BEER",118.0,3
2017-01-21,1,"LIQUOR,WINE,BEER",144.0,4
2017-01-22,1,"LIQUOR,WINE,BEER",26.0,2
2017-01-23,1,"LIQUOR,WINE,BEER",43.0,2
2017-01-24,1,"LIQUOR,WINE,BEER",79.0,4
2017-01-25,1,"LIQUOR,WINE,BEER",103.0,3
2017-01-26,1,"LIQUOR,WINE,BEER",82.0,3
2017-01-27,1,"LIQUOR,WINE,BEER",163.0,2
2017-01-28,1,"LIQUOR,WINE,BEER",141.0,2
2017-01-29,1,"LIQUOR,WINE,BEER",45.0,1
2017-01-30,1,"LIQUOR,WINE,BEER",44.0,1
2017-01-31,1,"LIQUOR,WINE,BEER",60.0,0
2017-02-01,1,"LIQUOR,WINE,BEER",119.0,3
2017-02-02,1,"LIQUOR,WINE,BEER",90.0,1
2017-02-03,1,"LIQUOR,WINE,BEER",167.0,2
2017-02-04,1,"LIQUOR,WINE,BEER",153.0,2
2017-02-05,1,"LIQUOR,WINE,BEER",42.0,1
2017-02-06,1,"LIQUOR,WINE,BEER",59.0,1
2017-02-07,1,"LIQUOR,WINE,BEER",77.0,1
2017-02-08,1,"LIQUOR,WINE,BEER",79.0,1
2017-02-09,1,"LIQUOR,WINE,BEER",93.0,1
2017-02-10,1,"LIQUOR,WINE,BEER",117.0,1
2017-02-11,1,"LIQUOR,WINE,BEER",185.0,2
2017-02-12,1,"LIQUOR,WINE,BEER",32.0,2
2017-02-13,1,"LIQUOR,WINE,BEER",60.0,2
2017-02-14,1,"LIQUOR,WINE,BEER",124.0,2
2017-02-15,1,"LIQUOR,WINE,BEER",85.0,3
2017-02-16,1,"LIQUOR,WINE,BEER",110.0,1
2017-02-17,1,"LIQUOR,WINE,BEER",59.0,0
2017-02-18,1,"LIQUOR,WINE,BEER",0.0,0
2017-02-19,1,"LIQUOR,WINE,BEER",0.0,0
2017-02-20,1,"LIQUOR,WINE,BEER",43.0,1
2017-02-21,1,"LIQUOR,WINE,BEER",97.0,1
2017-02-22,1,"LIQUOR,WINE,BEER",79.0,0
2017-02-23,1,"LIQUOR,WINE,BEER",109.0,0
2017-02-24,1,"LIQUOR,WINE,BEER",126.0,1
2017-02-25,1,"LIQUOR,WINE,BEER",123.0,1
2017-02-26,1,"LIQUOR,WINE,BEER",41.0,0
2017-02-27,1,"LIQUOR,WINE,BEER",42.0,0
2017-02-28,1,"LIQUOR,WINE,BEER",62.0,1
2017-03-01,1,"LIQUOR,WINE,BEER",92.0,1
2017-03-02,1,"LIQUOR,WINE,BEER",102.0,1
2017-03-03,1,"LIQUOR,WINE,BEER",132.0,3
2017-03-04,1,"LIQUOR,WINE,BEER",115.0,4
2017-03-05,1,"LIQUOR,WINE,BEER",39.0,0
2017-03-06,1,"LIQUOR,WINE,BEER",68.0,1
2017-03-07,1,"LIQUOR,WINE,BEER",85.0,1
2017-03-08,1,"LIQUOR,WINE,BEER",119.0,0
2017-03-09,1,"LIQUOR,WINE,BEER",63.0,0
2017-03-10,1,"LIQUOR,WINE,BEER",125.0,4
2017-03-11,1,"LIQUOR,WINE,BEER",133.0,3
2017-03-12,1,"LIQUOR,WINE,BEER",26.0,1
2017-03-13,1,"LIQUOR,WINE,BEER",74.0,2
2017-03-14,1,"LIQUOR,WINE,BEER",88.0,1
2017-03-15,1,"LIQUOR,WINE,BEER",90.0,2
2017-03-16,1,"LIQUOR,WINE,BEER",95.0,2
2017-03-17,1,"LIQUOR,WINE,BEER",155.0,4
2017-03-18,1,"LIQUOR,WINE,BEER",125.0,4
2017-03-19,1,"LIQUOR,WINE,BEER",39.0,2
2017-03-20,1,"LIQUOR,WINE,BEER",79.0,3
2017-03-21,1,"LIQUOR,WINE,BEER",75.0,1
2017-03-22,1,"LIQUOR,WINE,BEER",132.0,4
2017-03-23,1,"LIQUOR,WINE,BEER",167.0,4
2017-03-24,1,"LIQUOR,WINE,BEER",153.0,7
2017-03-25,1,"LIQUOR,WINE,BEER",140.0,6
2017-03-26,1,"LIQUOR,WINE,BEER",39.0,2
2017-03-27,1,"LIQUOR,WINE,BEER",71.0,2
2017-03-28,1,"LIQUOR,WINE,BEER",161.0,5
2017-03-29,1,"LIQUOR,WINE,BEER",135.0,3
2017-03-30,1,"LIQUOR,WINE,BEER",130.0,2
2017-03-31,1,"LIQUOR,WINE,BEER",65.0,2
2017-04-01,1,"LIQUOR,WINE,BEER",0.0,0
2017-04-02,1,"LIQUOR,WINE,BEER",0.0,0
2017-04-03,1,"LIQUOR,WINE,BEER",113.0,0
2017-04-04,1,"LIQUOR,WINE,BEER",84.0,0
2017-04-05,1,"LIQUOR,WINE,BEER",140.0,0
2017-04-06,1,"LIQUOR,WINE,BEER",90.0,0
2017-04-07,1,"LIQUOR,WINE,BEER",151.0,1
2017-04-08,1,"LIQUOR,WINE,BEER",181.0,1
2017-04-09,1,"LIQUOR,WINE,BEER",58.0,0
2017-04-10,1,"LIQUOR,WINE,BEER",54.0,0
2017-04-11,1,"LIQUOR,WINE,BEER",91.0,0
2017-04-12,1,"LIQUOR,WINE,BEER",114.0,0
2017-04-13,1,"LIQUOR,WINE,BEER",143.0,3
2017-04-14,1,"LIQUOR,WINE,BEER",54.0,2
2017-04-15,1,"LIQUOR,WINE,BEER",116.0,4
2017-04-16,1,"LIQUOR,WINE,BEER",28.0,2
2017-04-17,1,"LIQUOR,WINE,BEER",75.0,2
2017-04-18,1,"LIQUOR,WINE,BEER",57.0,2
2017-04-19,1,"LIQUOR,WINE,BEER",121.0,5
2017-04-20,1,"LIQUOR,WINE,BEER",84.0,5
2017-04-21,1,"LIQUOR,WINE,BEER",156.0,6
2017-04-22,1,"LIQUOR,WINE,BEER",164.0,6
2017-04-23,1,"LIQUOR,WINE,BEER",38.0,2
2017-04-24,1,"LIQUOR,WINE,BEER",70.0,3
2017-04-25,1,"LIQUOR,WINE,BEER",112.0,4
2017-04-26,1,"LIQUOR,WINE,BEER",86.0,5
2017-04-27,1,"LIQUOR,WINE,BEER",127.0,5
2017-04-28,1,"LIQUOR,WINE,BEER",162.0,7
2017-04-29,1,"LIQUOR,WINE,BEER",188.0,6
2017-04-30,1,"LIQUOR,WINE,BEER",46.0,4
2017-05-01,1,"LIQUOR,WINE,BEER",43.0,3
2017-05-02,1,"LIQUOR,WINE,BEER",225.0,1
2017-05-03,1,"LIQUOR,WINE,BEER",77.0,1
2017-05-04,1,"LIQUOR,WINE,BEER",83.0,0
2017-05-05,1,"LIQUOR,WINE,BEER",167.0,3
2017-05-06,1,"LIQUOR,WINE,BEER",154.0,4
2017-05-07,1,"LIQUOR,WINE,BEER",34.0,2
2017-05-08,1,"LIQUOR,WINE,BEER",47.0,1
2017-05-09,1,"LIQUOR,WINE,BEER",79.0,3
2017-05-10,1,"LIQUOR,WINE,BEER",108.0,2
2017-05-11,1,"LIQUOR,WINE,BEER",67.0,3
2017-05-12,1,"LIQUOR,WINE,BEER",174.0,5
2017-05-13,1,"LIQUOR,WINE,BEER",149.0,3
2017-05-14,1,"LIQUOR,WINE,BEER",51.0,2
2017-05-15,1,"LIQUOR,WINE,BEER",63.0,2
2017-05-16,1,"LIQUOR,WINE,BEER",75.0,3
2017-05-17,1,"LIQUOR,WINE,BEER",75.0,2
2017-05-18,1,"LIQUOR,WINE,BEER",86.0,4
2017-05-19,1,"LIQUOR,WINE,BEER",187.0,5
2017-05-20,1,"LIQUOR,WINE,BEER",146.0,4
2017-05-21,1,"LIQUOR,WINE,BEER",37.0,2
2017-05-22,1,"LIQUOR,WINE,BEER",32.0,2
2017-05-23,1,"LIQUOR,WINE,BEER",68.0,3
2017-05-24,1,"LIQUOR,WINE,BEER",154.0,4
2017-05-25,1,"LIQUOR,WINE,BEER",149.0,2
2017-05-26,1,"LIQUOR,WINE,BEER",63.0,2
2017-05-27,1,"LIQUOR,WINE,BEER",120.0,3
2017-05-28,1,"LIQUOR,WINE,BEER",38.0,1
2017-05-29,1,"LIQUOR,WINE,BEER",45.0,4
2017-05-30,1,"LIQUOR,WINE,BEER",50.0,3
2017-05-31,1,"LIQUOR,WINE,BEER",88.0,5
2017-06-01,1,"LIQUOR,WINE,BEER",76.0,1
2017-06-02,1,"LIQUOR,WINE,BEER",180.0,2
2017-06-03,1,"LIQUOR,WINE,BEER",235.0,2
2017-06-04,1,"LIQUOR,WINE,BEER",25.0,1
2017-06-05,1,"LIQUOR,WINE,BEER",71.0,2
2017-06-06,1,"LIQUOR,WINE,BEER",73.0,2
2017-06-07,1,"LIQUOR,WINE,BEER",91.0,1
2017-06-08,1,"LIQUOR,WINE,BEER",85.0,3
2017-06-09,1,"LIQUOR,WINE,BEER",204.0,2
2017-06-10,1,"LIQUOR,WINE,BEER",111.0,3
2017-06-11,1,"LIQUOR,WINE,BEER",32.0,2
2017-06-12,1,"LIQUOR,WINE,BEER",80.0,2
2017-06-13,1,"LIQUOR,WINE,BEER",68.0,3
2017-06-14,1,"LIQUOR,WINE,BEER",131.0,4
2017-06-15,1,"LIQUOR,WINE,BEER",94.0,3
2017-06-16,1,"LIQUOR,WINE,BEER",177.0,4
2017-06-17,1,"LIQUOR,WINE,BEER",188.0,5
2017-06-18,1,"LIQUOR,WINE,BEER",67.0,3
2017-06-19,1,"LIQUOR,WINE,BEER",50.0,2
2017-06-20,1,"LIQUOR,WINE,BEER",89.0,5
2017-06-21,1,"LIQUOR,WINE,BEER",106.0,4
2017-06-22,1,"LIQUOR,WINE,BEER",93.0,2
2017-06-23,1,"LIQUOR,WINE,BEER",115.0,1
2017-06-24,1,"LIQUOR,WINE,BEER",128.0,2
2017-06-25,1,"LIQUOR,WINE,BEER",45.0,0
2017-06-26,1,"LIQUOR,WINE,BEER",55.0,1
2017-06-27,1,"LIQUOR,WINE,BEER",46.0,0
2017-06-28,1,"LIQUOR,WINE,BEER",68.0,1
2017-06-29,1,"LIQUOR,WINE,BEER",60.0,2
2017-06-30,1,"LIQUOR,WINE,BEER",120.0,2
2017-07-01,1,"LIQUOR,WINE,BEER",121.0,2
2017-07-02,1,"LIQUOR,WINE,BEER",48.0,1
2017-07-03,1,"LIQUOR,WINE,BEER",57.0,1
2017-07-04,1,"LIQUOR,WINE,BEER",74.0,4
2017-07-05,1,"LIQUOR,WINE,BEER",70.0,2
2017-07-06,1,"LIQUOR,WINE,BEER",93.0,3
2017-07-07,1,"LIQUOR,WINE,BEER",128.0,4
2017-07-08,1,"LIQUOR,WINE,BEER",113.0,4
2017-07-09,1,"LIQUOR,WINE,BEER",45.0,1
2017-07-10,1,"LIQUOR,WINE,BEER",48.0,3
2017-07-11,1,"LIQUOR,WINE,BEER",75.0,2
2017-07-12,1,"LIQUOR,WINE,BEER",70.0,5
2017-07-13,1,"LIQUOR,WINE,BEER",98.0,6
2017-07-14,1,"LIQUOR,WINE,BEER",114.0,3
2017-07-15,1,"LIQUOR,WINE,BEER",126.0,5
2017-07-16,1,"LIQUOR,WINE,BEER",47.0,3
2017-07-17,1,"LIQUOR,WINE,BEER",42.0,2
2017-07-18,1,"LIQUOR,WINE,BEER",88.0,2
2017-07-19,1,"LIQUOR,WINE,BEER",69.0,4
2017-07-20,1,"LIQUOR,WINE,BEER",90.0,4
2017-07-21,1,"LIQUOR,WINE,BEER",140.0,5
2017-07-22,1,"LIQUOR,WINE,BEER",128.0,5
2017-07-23,1,"LIQUOR,WINE,BEER",49.0,3
2017-07-24,1,"LIQUOR,WINE,BEER",50.0,4
2017-07-25,1,"LIQUOR,WINE,BEER",72.0,3
2017-07-26,1,"LIQUOR,WINE,BEER",110.0,5
2017-07-27,1,"LIQUOR,WINE,BEER",75.0,3
2017-07-28,1,"LIQUOR,WINE,BEER",136.0,3
2017-07-29,1,"LIQUOR,WINE,BEER",142.0,5
2017-07-30,1,"LIQUOR,WINE,BEER",37.0,4
2017-07-31,1,"LIQUOR,WINE,BEER",71.0,5
2017-01-01,1,MAGAZINES,0.0,0
2017-01-02,1,MAGAZINES,1.0,0
2017-01-03,1,MAGAZINES,1.0,0
2017-01-04,1,MAGAZINES,6.0,0
2017-01-05,1,MAGAZINES,6.0,0
2017-01-06,1,MAGAZINES,4.0,0
2017-01-07,1,MAGAZINES,12.0,0
2017-01-08,1,MAGAZINES,9.0,0
2017-01-09,1,MAGAZINES,5.0,0
2017-01-10,1,MAGAZINES,6.0,0
2017-01-11,1,MAGAZINES,8.0,0
2017-01-12,1,MAGAZINES,12.0,0
2017-01-13,1,MAGAZINES,10.0,0
2017-01-14,1,MAGAZINES,10.0,0
2017-01-15,1,MAGAZINES,4.0,0
2017-01-16,1,MAGAZINES,10.0,0
2017-01-17,1,MAGAZINES,6.0,0
2017-01-18,1,MAGAZINES,6.0,0
2017-01-19,1,MAGAZINES,3.0,0
2017-01-20,1,MAGAZINES,3.0,0
2017-01-21,1,MAGAZINES,11.0,0
2017-01-22,1,MAGAZINES,4.0,0
2017-01-23,1,MAGAZINES,14.0,0
2017-01-24,1,MAGAZINES,13.0,0
2017-01-25,1,MAGAZINES,10.0,0
2017-01-26,1,MAGAZINES,5.0,0
2017-01-27,1,MAGAZINES,8.0,0
2017-01-28,1,MAGAZINES,11.0,0
2017-01-29,1,MAGAZINES,2.0,0
2017-01-30,1,MAGAZINES,6.0,0
2017-01-31,1,MAGAZINES,8.0,0
2017-02-01,1,MAGAZINES,13.0,0
2017-02-02,1,MAGAZINES,4.0,0
2017-02-03,1,MAGAZINES,12.0,0
2017-02-04,1,MAGAZINES,6.0,0
2017-02-05,1,MAGAZINES,1.0,0
2017-02-06,1,MAGAZINES,2.0,0
2017-02-07,1,MAGAZINES,8.0,0
2017-02-08,1,MAGAZINES,1.0,0
2017-02-09,1,MAGAZINES,3.0,0
2017-02-10,1,MAGAZINES,6.0,0
2017-02-11,1,MAGAZINES,6.0,0
2017-02-12,1,MAGAZINES,1.0,0
2017-02-13,1,MAGAZINES,6.0,0
2017-02-14,1,MAGAZINES,5.0,0
2017-02-15,1,MAGAZINES,11.0,0
2017-02-16,1,MAGAZINES,6.0,0
2017-02-17,1,MAGAZINES,10.0,0
2017-02-18,1,MAGAZINES,11.0,0
2017-02-19,1,MAGAZINES,3.0,0
2017-02-20,1,MAGAZINES,1.0,0
2017-02-21,1,MAGAZINES,7.0,0
2017-02-22,1,MAGAZINES,4.0,0
2017-02-23,1,MAGAZINES,9.0,0
2017-02-24,1,MAGAZINES,18.0,0
2017-02-25,1,MAGAZINES,14.0,0
2017-02-26,1,MAGAZINES,3.0,0
2017-02-27,1,MAGAZINES,4.0,0
2017-02-28,1,MAGAZINES,4.0,0
2017-03-01,1,MAGAZINES,11.0,0
2017-03-02,1,MAGAZINES,11.0,0
2017-03-03,1,MAGAZINES,4.0,0
2017-03-04,1,MAGAZINES,5.0,0
2017-03-05,1,MAGAZINES,5.0,0
2017-03-06,1,MAGAZINES,5.0,0
2017-03-07,1,MAGAZINES,3.0,0
2017-03-08,1,MAGAZINES,6.0,0
2017-03-09,1,MAGAZINES,4.0,0
2017-03-10,1,MAGAZINES,10.0,0
2017-03-11,1,MAGAZINES,15.0,0
2017-03-12,1,MAGAZINES,5.0,0
2017-03-13,1,MAGAZINES,10.0,0
2017-03-14,1,MAGAZINES,12.0,0
2017-03-15,1,MAGAZINES,9.0,0
2017-03-16,1,MAGAZINES,5.0,0
2017-03-17,1,MAGAZINES,11.0,0
2017-03-18,1,MAGAZINES,7.0,0
2017-03-19,1,MAGAZINES,4.0,0
2017-03-20,1,MAGAZINES,6.0,0
2017-03-21,1,MAGAZINES,3.0,0
2017-03-22,1,MAGAZINES,6.0,0
2017-03-23,1,MAGAZINES,7.0,0
2017-03-24,1,MAGAZINES,8.0,0
2017-03-25,1,MAGAZINES,8.0,0
2017-03-26,1,MAGAZINES,7.0,0
2017-03-27,1,MAGAZINES,6.0,0
2017-03-28,1,MAGAZINES,4.0,0
2017-03-29,1,MAGAZINES,18.0,0
2017-03-30,1,MAGAZINES,9.0,0
2017-03-31,1,MAGAZINES,14.0,0
2017-04-01,1,MAGAZINES,5.0,0
2017-04-02,1,MAGAZINES,3.0,0
2017-04-03,1,MAGAZINES,0.0,0
2017-04-04,1,MAGAZINES,4.0,0
2017-04-05,1,MAGAZINES,2.0,0
2017-04-06,1,MAGAZINES,6.0,0
2017-04-07,1,MAGAZINES,7.0,0
2017-04-08,1,MAGAZINES,5.0,0
2017-04-09,1,MAGAZINES,0.0,0
2017-04-10,1,MAGAZINES,2.0,0
2017-04-11,1,MAGAZINES,15.0,0
2017-04-12,1,MAGAZINES,25.0,0
2017-04-13,1,MAGAZINES,17.0,0
2017-04-14,1,MAGAZINES,9.0,0
2017-04-15,1,MAGAZINES,4.0,0
2017-04-16,1,MAGAZINES,2.0,0
2017-04-17,1,MAGAZINES,8.0,0
2017-04-18,1,MAGAZINES,3.0,0
2017-04-19,1,MAGAZINES,9.0,0
2017-04-20,1,MAGAZINES,6.0,0
2017-04-21,1,MAGAZINES,22.0,0
2017-04-22,1,MAGAZINES,13.0,0
2017-04-23,1,MAGAZINES,2.0,0
2017-04-24,1,MAGAZINES,10.0,0
2017-04-25,1,MAGAZINES,7.0,0
2017-04-26,1,MAGAZINES,10.0,0
2017-04-27,1,MAGAZINES,8.0,0
2017-04-28,1,MAGAZINES,6.0,0
2017-04-29,1,MAGAZINES,11.0,0
2017-04-30,1,MAGAZINES,2.0,0
2017-05-01,1,MAGAZINES,1.0,0
2017-05-02,1,MAGAZINES,3.0,0
2017-05-03,1,MAGAZINES,12.0,0
2017-05-04,1,MAGAZINES,3.0,0
2017-05-05,1,MAGAZINES,12.0,0
2017-05-06,1,MAGAZINES,12.0,0
2017-05-07,1,MAGAZINES,8.0,0
2017-05-08,1,MAGAZINES,9.0,0
2017-05-09,1,MAGAZINES,13.0,0
2017-05-10,1,MAGAZINES,9.0,0
2017-05-11,1,MAGAZINES,7.0,0
2017-05-12,1,MAGAZINES,6.0,0
2017-05-13,1,MAGAZINES,8.0,0
2017-05-14,1,MAGAZINES,10.0,0
2017-05-15,1,MAGAZINES,6.0,0
2017-05-16,1,MAGAZINES,4.0,0
2017-05-17,1,MAGAZINES,5.0,0
2017-05-18,1,MAGAZINES,9.0,0
2017-05-19,1,MAGAZINES,12.0,0
2017-05-20,1,MAGAZINES,11.0,0
2017-05-21,1,MAGAZINES,6.0,0
2017-05-22,1,MAGAZINES,7.0,0
2017-05-23,1,MAGAZINES,8.0,0
2017-05-24,1,MAGAZINES,7.0,0
2017-05-25,1,MAGAZINES,9.0,0
2017-05-26,1,MAGAZINES,2.0,0
2017-05-27,1,MAGAZINES,8.0,0
2017-05-28,1,MAGAZINES,3.0,0
2017-05-29,1,MAGAZINES,3.0,0
2017-05-30,1,MAGAZINES,3.0,0
2017-05-31,1,MAGAZINES,4.0,0
2017-06-01,1,MAGAZINES,4.0,0
2017-06-02,1,MAGAZINES,4.0,0
2017-06-03,1,MAGAZINES,5.0,0
2017-06-04,1,MAGAZINES,1.0,0
2017-06-05,1,MAGAZINES,3.0,0
2017-06-06,1,MAGAZINES,6.0,0
2017-06-07,1,MAGAZINES,6.0,0
2017-06-08,1,MAGAZINES,7.0,0
2017-06-09,1,MAGAZINES,5.0,0
2017-06-10,1,MAGAZINES,7.0,0
2017-06-11,1,MAGAZINES,4.0,0
2017-06-12,1,MAGAZINES,6.0,0
2017-06-13,1,MAGAZINES,10.0,0
2017-06-14,1,MAGAZINES,10.0,0
2017-06-15,1,MAGAZINES,10.0,0
2017-06-16,1,MAGAZINES,14.0,0
2017-06-17,1,MAGAZINES,13.0,0
2017-06-18,1,MAGAZINES,2.0,0
2017-06-19,1,MAGAZINES,5.0,0
2017-06-20,1,MAGAZINES,4.0,0
2017-06-21,1,MAGAZINES,7.0,0
2017-06-22,1,MAGAZINES,5.0,0
2017-06-23,1,MAGAZINES,5.0,0
2017-06-24,1,MAGAZINES,6.0,0
2017-06-25,1,MAGAZINES,4.0,0
2017-06-26,1,MAGAZINES,6.0,0
2017-06-27,1,MAGAZINES,6.0,0
2017-06-28,1,MAGAZINES,6.0,0
2017-06-29,1,MAGAZINES,7.0,0
2017-06-30,1,MAGAZINES,2.0,0
2017-07-01,1,MAGAZINES,9.0,0
2017-07-02,1,MAGAZINES,4.0,0
2017-07-03,1,MAGAZINES,2.0,0
2017-07-04,1,MAGAZINES,0.0,0
2017-07-05,1,MAGAZINES,8.0,0
2017-07-06,1,MAGAZINES,12.0,0
2017-07-07,1,MAGAZINES,7.0,0
2017-07-08,1,MAGAZINES,11.0,0
2017-07-09,1,MAGAZINES,2.0,0
2017-07-10,1,MAGAZINES,8.0,0
2017-07-11,1,MAGAZINES,13.0,0
2017-07-12,1,MAGAZINES,15.0,0
2017-07-13,1,MAGAZINES,6.0,0
2017-07-14,1,MAGAZINES,4.0,0
2017-07-15,1,MAGAZINES,3.0,0
2017-07-16,1,MAGAZINES,0.0,0
2017-07-17,1,MAGAZINES,4.0,0
2017-07-18,1,MAGAZINES,4.0,0
2017-07-19,1,MAGAZINES,3.0,0
2017-07-20,1,MAGAZINES,5.0,0
2017-07-21,1,MAGAZINES,8.0,0
2017-07-22,1,MAGAZINES,13.0,0
2017-07-23,1,MAGAZINES,2.0,0
2017-07-24,1,MAGAZINES,9.0,0
2017-07-25,1,MAGAZINES,9.0,0
2017-07-26,1,MAGAZINES,5.0,0
2017-07-27,1,MAGAZINES,6.0,0
2017-07-28,1,MAGAZINES,7.0,0
2017-07-29,1,MAGAZINES,3.0,0
2017-07-30,1,MAGAZINES,3.0,0
2017-07-31,1,MAGAZINES,7.0,0
2017-01-01,1,MEATS,0.0,0
2017-01-02,1,MEATS,116.724,0
2017-01-03,1,MEATS,344.583,0
2017-01-04,1,MEATS,326.203,0
2017-01-05,1,MEATS,274.205,0
2017-01-06,1,MEATS,720.991,49
2017-01-07,1,MEATS,254.636,0
2017-01-08,1,MEATS,122.859,0
2017-01-09,1,MEATS,274.457,0
2017-01-10,1,MEATS,354.819,0
2017-01-11,1,MEATS,335.086,1
2017-01-12,1,MEATS,253.676,0
2017-01-13,1,MEATS,768.371,48
2017-01-14,1,MEATS,258.474,2
2017-01-15,1,MEATS,119.443,1
2017-01-16,1,MEATS,263.016,1
2017-01-17,1,MEATS,241.312,0
2017-01-18,1,MEATS,277.846,0
2017-01-19,1,MEATS,259.604,0
2017-01-20,1,MEATS,733.804,46
2017-01-21,1,MEATS,281.905,0
2017-01-22,1,MEATS,95.406,0
2017-01-23,1,MEATS,243.851,0
2017-01-24,1,MEATS,248.489,0
2017-01-25,1,MEATS,315.459,0
2017-01-26,1,MEATS,256.342,0
2017-01-27,1,MEATS,685.893,47
2017-01-28,1,MEATS,238.377,0
2017-01-29,1,MEATS,99.83,0
2017-01-30,1,MEATS,302.193,0
2017-01-31,1,MEATS,362.781,0
2017-02-01,1,MEATS,285.026,0
2017-02-02,1,MEATS,193.863,0
2017-02-03,1,MEATS,655.744,50
2017-02-04,1,MEATS,259.958,0
2017-02-05,1,MEATS,81.72,0
2017-02-06,1,MEATS,273.241,0
2017-02-07,1,MEATS,249.838,0
2017-02-08,1,MEATS,309.3,2
2017-02-09,1,MEATS,197.32901,0
2017-02-10,1,MEATS,609.167,47
2017-02-11,1,MEATS,306.706,1
2017-02-12,1,MEATS,114.379,0
2017-02-13,1,MEATS,274.905,0
2017-02-14,1,MEATS,259.894,0
2017-02-15,1,MEATS,341.423,1
2017-02-16,1,MEATS,307.091,0
2017-02-17,1,MEATS,792.446,46
2017-02-18,1,MEATS,388.552,0
2017-02-19,1,MEATS,101.986,0
2017-02-20,1,MEATS,298.638,0
2017-02-21,1,MEATS,339.413,0
2017-02-22,1,MEATS,221.786,0
2017-02-23,1,MEATS,264.777,0
2017-02-24,1,MEATS,701.473,50
2017-02-25,1,MEATS,314.033,1
2017-02-26,1,MEATS,82.119,0
2017-02-27,1,MEATS,66.156,0
2017-02-28,1,MEATS,111.985,1
2017-03-01,1,MEATS,367.102,0
2017-03-02,1,MEATS,379.065,0
2017-03-03,1,MEATS,562.386,49
2017-03-04,1,MEATS,256.888,0
2017-03-05,1,MEATS,101.709,0
2017-03-06,1,MEATS,245.266,0
2017-03-07,1,MEATS,299.861,1
2017-03-08,1,MEATS,275.203,0
2017-03-09,1,MEATS,446.685,0
2017-03-10,1,MEATS,613.192,51
2017-03-11,1,MEATS,279.109,0
2017-03-12,1,MEATS,118.355,0
2017-03-13,1,MEATS,265.276,0
2017-03-14,1,MEATS,236.247,0
2017-03-15,1,MEATS,320.413,0
2017-03-16,1,MEATS,227.29,0
2017-03-17,1,MEATS,1080.291,50
2017-03-18,1,MEATS,298.406,0
2017-03-19,1,MEATS,121.816,0
2017-03-20,1,MEATS,223.134,0
2017-03-21,1,MEATS,302.965,0
2017-03-22,1,MEATS,362.22,0
2017-03-23,1,MEATS,269.38,0
2017-03-24,1,MEATS,697.56,49
2017-03-25,1,MEATS,274.622,0
2017-03-26,1,MEATS,97.512,0
2017-03-27,1,MEATS,306.909,0
2017-03-28,1,MEATS,318.93298,0
2017-03-29,1,MEATS,299.498,1
2017-03-30,1,MEATS,304.513,1
2017-03-31,1,MEATS,641.74097,50
2017-04-01,1,MEATS,377.372,0
2017-04-02,1,MEATS,111.819,0
2017-04-03,1,MEATS,216.484,0
2017-04-04,1,MEATS,337.462,0
2017-04-05,1,MEATS,327.654,0
2017-04-06,1,MEATS,322.112,0
2017-04-07,1,MEATS,666.137,48
2017-04-08,1,MEATS,501.245,0
2017-04-09,1,MEATS,107.984,0
2017-04-10,1,MEATS,331.989,0
2017-04-11,1,MEATS,249.95,1
2017-04-12,1,MEATS,193.187,1
2017-04-13,1,MEATS,231.898,1
2017-04-14,1,MEATS,357.443,31
2017-04-15,1,MEATS,112.284,1
2017-04-16,1,MEATS,92.188,1
2017-04-17,1,MEATS,283.699,0
2017-04-18,1,MEATS,303.303,3
2017-04-19,1,MEATS,241.91,2
2017-04-20,1,MEATS,335.495,1
2017-04-21,1,MEATS,659.54297,48
2017-04-22,1,MEATS,292.12,0
2017-04-23,1,MEATS,122.285,0
2017-04-24,1,MEATS,330.03,0
2017-04-25,1,MEATS,218.86101,0
2017-04-26,1,MEATS,270.26,0
2017-04-27,1,MEATS,246.371,1
2017-04-28,1,MEATS,797.58704,49
2017-04-29,1,MEATS,300.507,0
2017-04-30,1,MEATS,87.319,0
2017-05-01,1,MEATS,70.039,0
2017-05-02,1,MEATS,378.861,0
2017-05-03,1,MEATS,408.748,0
2017-05-04,1,MEATS,279.7,1
2017-05-05,1,MEATS,893.13,49
2017-05-06,1,MEATS,285.99,0
2017-05-07,1,MEATS,118.398,0
2017-05-08,1,MEATS,262.865,0
2017-05-09,1,MEATS,329.262,0
2017-05-10,1,MEATS,263.566,0
2017-05-11,1,MEATS,250.201,0
2017-05-12,1,MEATS,685.932,46
2017-05-13,1,MEATS,249.904,0
2017-05-14,1,MEATS,121.785,3
2017-05-15,1,MEATS,259.611,0
2017-05-16,1,MEATS,218.047,1
2017-05-17,1,MEATS,300.755,0
2017-05-18,1,MEATS,418.99402,0
2017-05-19,1,MEATS,749.32,45
2017-05-20,1,MEATS,245.686,0
2017-05-21,1,MEATS,134.231,0
2017-05-22,1,MEATS,220.85,0
2017-05-23,1,MEATS,297.33,0
2017-05-24,1,MEATS,305.392,0
2017-05-25,1,MEATS,240.719,0
2017-05-26,1,MEATS,363.216,33
2017-05-27,1,MEATS,212.681,0
2017-05-28,1,MEATS,91.293,0
2017-05-29,1,MEATS,462.486,0
2017-05-30,1,MEATS,228.297,0
2017-05-31,1,MEATS,343.43298,0
2017-06-01,1,MEATS,264.052,1
2017-06-02,1,MEATS,645.513,41
2017-06-03,1,MEATS,529.893,37
2017-06-04,1,MEATS,112.665,32
2017-06-05,1,MEATS,248.552,36
2017-06-06,1,MEATS,253.407,36
2017-06-07,1,MEATS,315.24802,35
2017-06-08,1,MEATS,284.958,38
2017-06-09,1,MEATS,709.002,46
2017-06-10,1,MEATS,161.372,35
2017-06-11,1,MEATS,169.877,28
2017-06-12,1,MEATS,197.80501,37
2017-06-13,1,MEATS,284.787,34
2017-06-14,1,MEATS,259.078,41
2017-06-15,1,MEATS,315.79,35
2017-06-16,1,MEATS,741.206,44
2017-06-17,1,MEATS,314.448,38
2017-06-18,1,MEATS,82.618,29
2017-06-19,1,MEATS,226.78,39
2017-06-20,1,MEATS,574.981,40
2017-06-21,1,MEATS,293.84,38
2017-06-22,1,MEATS,316.308,0
2017-06-23,1,MEATS,575.063,47
2017-06-24,1,MEATS,273.322,0
2017-06-25,1,MEATS,84.392,0
2017-06-26,1,MEATS,253.579,0
2017-06-27,1,MEATS,239.53,0
2017-06-28,1,MEATS,276.242,0
2017-06-29,1,MEATS,275.604,0
2017-06-30,1,MEATS,873.484,50
2017-07-01,1,MEATS,332.281,0
2017-07-02,1,MEATS,112.194,0
2017-07-03,1,MEATS,269.704,0
2017-07-04,1,MEATS,319.655,3
2017-07-05,1,MEATS,269.724,3
2017-07-06,1,MEATS,271.036,0
2017-07-07,1,MEATS,589.263,49
2017-07-08,1,MEATS,253.448,0
2017-07-09,1,MEATS,100.701004,0
2017-07-10,1,MEATS,253.422,0
2017-07-11,1,MEATS,275.343,0
2017-07-12,1,MEATS,252.378,0
2017-07-13,1,MEATS,230.967,0
2017-07-14,1,MEATS,569.363,50
2017-07-15,1,MEATS,262.277,0
2017-07-16,1,MEATS,90.05,0
2017-07-17,1,MEATS,224.84999,0
2017-07-18,1,MEATS,327.487,0
2017-07-19,1,MEATS,284.469,0
2017-07-20,1,MEATS,247.424,0
2017-07-21,1,MEATS,743.928,46
2017-07-22,1,MEATS,470.419,0
2017-07-23,1,MEATS,143.506,0
2017-07-24,1,MEATS,417.179,0
2017-07-25,1,MEATS,248.94301,0
2017-07-26,1,MEATS,284.578,0
2017-07-27,1,MEATS,269.968,0
2017-07-28,1,MEATS,546.222,45
2017-07-29,1,MEATS,204.293,0
2017-07-30,1,MEATS,165.56999,0
2017-07-31,1,MEATS,254.116,0
2017-01-01,1,PERSONAL CARE,0.0,0
2017-01-02,1,PERSONAL CARE,81.0,4
2017-01-03,1,PERSONAL CARE,258.0,8
2017-01-04,1,PERSONAL CARE,243.0,10
2017-01-05,1,PERSONAL CARE,188.0,4
2017-01-06,1,PERSONAL CARE,178.0,6
2017-01-07,1,PERSONAL CARE,165.0,5
2017-01-08,1,PERSONAL CARE,91.0,3
2017-01-09,1,PERSONAL CARE,798.0,4
2017-01-10,1,PERSONAL CARE,179.0,6
2017-01-11,1,PERSONAL CARE,188.0,5
2017-01-12,1,PERSONAL CARE,148.0,4
2017-01-13,1,PERSONAL CARE,153.0,6
2017-01-14,1,PERSONAL CARE,159.0,5
2017-01-15,1,PERSONAL CARE,91.0,4
2017-01-16,1,PERSONAL CARE,155.0,5
2017-01-17,1,PERSONAL CARE,232.0,6
2017-01-18,1,PERSONAL CARE,188.0,6
2017-01-19,1,PERSONAL CARE,132.0,3
2017-01-20,1,PERSONAL CARE,77.0,4
2017-01-21,1,PERSONAL CARE,191.0,5
2017-01-22,1,PERSONAL CARE,83.0,4
2017-01-23,1,PERSONAL CARE,153.0,5
2017-01-24,1,PERSONAL CARE,287.0,4
2017-01-25,1,PERSONAL CARE,323.0,7
2017-01-26,1,PERSONAL CARE,295.0,4
2017-01-27,1,PERSONAL CARE,119.0,4
2017-01-28,1,PERSONAL CARE,153.0,3
2017-01-29,1,PERSONAL CARE,84.0,4
2017-01-30,1,PERSONAL CARE,179.0,3
2017-01-31,1,PERSONAL CARE,136.0,3
2017-02-01,1,PERSONAL CARE,231.0,6
2017-02-02,1,PERSONAL CARE,326.0,5
2017-02-03,1,PERSONAL CARE,169.0,5
2017-02-04,1,PERSONAL CARE,177.0,5
2017-02-05,1,PERSONAL CARE,74.0,6
2017-02-06,1,PERSONAL CARE,174.0,7
2017-02-07,1,PERSONAL CARE,209.0,5
2017-02-08,1,PERSONAL CARE,130.0,7
2017-02-09,1,PERSONAL CARE,153.0,8
2017-02-10,1,PERSONAL CARE,164.0,6
2017-02-11,1,PERSONAL CARE,181.0,7
2017-02-12,1,PERSONAL CARE,82.0,7
2017-02-13,1,PERSONAL CARE,177.0,9
2017-02-14,1,PERSONAL CARE,110.0,7
2017-02-15,1,PERSONAL CARE,167.0,5
2017-02-16,1,PERSONAL CARE,118.0,5
2017-02-17,1,PERSONAL CARE,155.0,6
2017-02-18,1,PERSONAL CARE,188.0,6
2017-02-19,1,PERSONAL CARE,66.0,6
2017-02-20,1,PERSONAL CARE,164.0,6
2017-02-21,1,PERSONAL CARE,198.0,6
2017-02-22,1,PERSONAL CARE,135.0,8
2017-02-23,1,PERSONAL CARE,167.0,8
2017-02-24,1,PERSONAL CARE,143.0,7
2017-02-25,1,PERSONAL CARE,135.0,6
2017-02-26,1,PERSONAL CARE,43.0,2
2017-02-27,1,PERSONAL CARE,32.0,3
2017-02-28,1,PERSONAL CARE,64.0,6
2017-03-01,1,PERSONAL CARE,188.0,8
2017-03-02,1,PERSONAL CARE,201.0,7
2017-03-03,1,PERSONAL CARE,169.0,7
2017-03-04,1,PERSONAL CARE,133.0,5
2017-03-05,1,PERSONAL CARE,70.0,5
2017-03-06,1,PERSONAL CARE,147.0,4
2017-03-07,1,PERSONAL CARE,200.0,4
2017-03-08,1,PERSONAL CARE,142.0,5
2017-03-09,1,PERSONAL CARE,131.0,2
2017-03-10,1,PERSONAL CARE,118.0,2
2017-03-11,1,PERSONAL CARE,178.0,3
2017-03-12,1,PERSONAL CARE,76.0,3
2017-03-13,1,PERSONAL CARE,152.0,3
2017-03-14,1,PERSONAL CARE,124.0,4
2017-03-15,1,PERSONAL CARE,184.0,4
2017-03-16,1,PERSONAL CARE,150.0,4
2017-03-17,1,PERSONAL CARE,178.0,3
2017-03-18,1,PERSONAL CARE,149.0,3
2017-03-19,1,PERSONAL CARE,82.0,2
2017-03-20,1,PERSONAL CARE,159.0,3
2017-03-21,1,PERSONAL CARE,172.0,3
2017-03-22,1,PERSONAL CARE,183.0,4
2017-03-23,1,PERSONAL CARE,131.0,3
2017-03-24,1,PERSONAL CARE,159.0,3
2017-03-25,1,PERSONAL CARE,172.0,2
2017-03-26,1,PERSONAL CARE,84.0,3
2017-03-27,1,PERSONAL CARE,153.0,3
2017-03-28,1,PERSONAL CARE,147.0,4
2017-03-29,1,PERSONAL CARE,183.0,4
2017-03-30,1,PERSONAL CARE,108.0,6
2017-03-31,1,PERSONAL CARE,137.0,3
2017-04-01,1,PERSONAL CARE,263.0,5
2017-04-02,1,PERSONAL CARE,79.0,2
2017-04-03,1,PERSONAL CARE,170.0,6
2017-04-04,1,PERSONAL CARE,178.0,4
2017-04-05,1,PERSONAL CARE,196.0,6
2017-04-06,1,PERSONAL CARE,163.0,6
2017-04-07,1,PERSONAL CARE,138.0,5
2017-04-08,1,PERSONAL CARE,138.0,6
2017-04-09,1,PERSONAL CARE,87.0,4
2017-04-10,1,PERSONAL CARE,113.0,1
2017-04-11,1,PERSONAL CARE,158.0,6
2017-04-12,1,PERSONAL CARE,145.0,8
2017-04-13,1,PERSONAL CARE,131.0,6
2017-04-14,1,PERSONAL CARE,30.0,3
2017-04-15,1,PERSONAL CARE,103.0,4
2017-04-16,1,PERSONAL CARE,41.0,3
2017-04-17,1,PERSONAL CARE,149.0,6
2017-04-18,1,PERSONAL CARE,161.0,7
2017-04-19,1,PERSONAL CARE,141.0,6
2017-04-20,1,PERSONAL CARE,131.0,5
2017-04-21,1,PERSONAL CARE,177.0,8
2017-04-22,1,PERSONAL CARE,183.0,8
2017-04-23,1,PERSONAL CARE,69.0,6
2017-04-24,1,PERSONAL CARE,120.0,6
2017-04-25,1,PERSONAL CARE,124.0,7
2017-04-26,1,PERSONAL CARE,166.0,5
2017-04-27,1,PERSONAL CARE,121.0,5
2017-04-28,1,PERSONAL CARE,120.0,10
2017-04-29,1,PERSONAL CARE,157.0,8
2017-04-30,1,PERSONAL CARE,54.0,4
2017-05-01,1,PERSONAL CARE,43.0,3
2017-05-02,1,PERSONAL CARE,259.0,9
2017-05-03,1,PERSONAL CARE,230.0,7
2017-05-04,1,PERSONAL CARE,136.0,2
2017-05-05,1,PERSONAL CARE,153.0,4
2017-05-06,1,PERSONAL CARE,185.0,5
2017-05-07,1,PERSONAL CARE,69.0,5
2017-05-08,1,PERSONAL CARE,186.0,3
2017-05-09,1,PERSONAL CARE,145.0,1
2017-05-10,1,PERSONAL CARE,134.0,5
2017-05-11,1,PERSONAL CARE,93.0,5
2017-05-12,1,PERSONAL CARE,128.0,6
2017-05-13,1,PERSONAL CARE,153.0,8
2017-05-14,1,PERSONAL CARE,37.0,3
2017-05-15,1,PERSONAL CARE,138.0,7
2017-05-16,1,PERSONAL CARE,163.0,7
2017-05-17,1,PERSONAL CARE,147.0,8
2017-05-18,1,PERSONAL CARE,135.0,8
2017-05-19,1,PERSONAL CARE,135.0,8
2017-05-20,1,PERSONAL CARE,208.0,9
2017-05-21,1,PERSONAL CARE,73.0,4
2017-05-22,1,PERSONAL CARE,176.0,9
2017-05-23,1,PERSONAL CARE,150.0,7
2017-05-24,1,PERSONAL CARE,134.0,4
2017-05-25,1,PERSONAL CARE,105.0,5
2017-05-26,1,PERSONAL CARE,57.0,2
2017-05-27,1,PERSONAL CARE,123.0,5
2017-05-28,1,PERSONAL CARE,55.0,4
2017-05-29,1,PERSONAL CARE,178.0,8
2017-05-30,1,PERSONAL CARE,141.0,7
2017-05-31,1,PERSONAL CARE,167.0,6
2017-06-01,1,PERSONAL CARE,158.0,0
2017-06-02,1,PERSONAL CARE,181.0,10
2017-06-03,1,PERSONAL CARE,221.0,11
2017-06-04,1,PERSONAL CARE,72.0,5
2017-06-05,1,PERSONAL CARE,179.0,6
2017-06-06,1,PERSONAL CARE,240.0,9
2017-06-07,1,PERSONAL CARE,191.0,9
2017-06-08,1,PERSONAL CARE,164.0,10
2017-06-09,1,PERSONAL CARE,170.0,12
2017-06-10,1,PERSONAL CARE,187.0,10
2017-06-11,1,PERSONAL CARE,81.0,7
2017-06-12,1,PERSONAL CARE,138.0,8
2017-06-13,1,PERSONAL CARE,176.0,10
2017-06-14,1,PERSONAL CARE,154.0,9
2017-06-15,1,PERSONAL CARE,130.0,8
2017-06-16,1,PERSONAL CARE,119.0,7
2017-06-17,1,PERSONAL CARE,163.0,8
2017-06-18,1,PERSONAL CARE,90.0,7
2017-06-19,1,PERSONAL CARE,186.0,8
2017-06-20,1,PERSONAL CARE,179.0,6
2017-06-21,1,PERSONAL CARE,175.0,8
2017-06-22,1,PERSONAL CARE,111.0,6
2017-06-23,1,PERSONAL CARE,117.0,3
2017-06-24,1,PERSONAL CARE,158.0,7
2017-06-25,1,PERSONAL CARE,75.0,6
2017-06-26,1,PERSONAL CARE,154.0,8
2017-06-27,1,PERSONAL CARE,125.0,5
2017-06-28,1,PERSONAL CARE,143.0,5
2017-06-29,1,PERSONAL CARE,96.0,6
2017-06-30,1,PERSONAL CARE,127.0,5
2017-07-01,1,PERSONAL CARE,153.0,5
2017-07-02,1,PERSONAL CARE,75.0,4
2017-07-03,1,PERSONAL CARE,175.0,4
2017-07-04,1,PERSONAL CARE,181.0,7
2017-07-05,1,PERSONAL CARE,160.0,5
2017-07-06,1,PERSONAL CARE,128.0,1
2017-07-07,1,PERSONAL CARE,143.0,3
2017-07-08,1,PERSONAL CARE,160.0,1
2017-07-09,1,PERSONAL CARE,55.0,3
2017-07-10,1,PERSONAL CARE,180.0,2
2017-07-11,1,PERSONAL CARE,124.0,3
2017-07-12,1,PERSONAL CARE,171.0,2
2017-07-13,1,PERSONAL CARE,120.0,3
2017-07-14,1,PERSONAL CARE,183.0,4
2017-07-15,1,PERSONAL CARE,130.0,3
2017-07-16,1,PERSONAL CARE,63.0,2
2017-07-17,1,PERSONAL CARE,178.0,4
2017-07-18,1,PERSONAL CARE,140.0,5
2017-07-19,1,PERSONAL CARE,128.0,4
2017-07-20,1,PERSONAL CARE,176.0,5
2017-07-21,1,PERSONAL CARE,121.0,4
2017-07-22,1,PERSONAL CARE,160.0,5
2017-07-23,1,PERSONAL CARE,83.0,5
2017-07-24,1,PERSONAL CARE,177.0,5
2017-07-25,1,PERSONAL CARE,152.0,6
2017-07-26,1,PERSONAL CARE,167.0,4
2017-07-27,1,PERSONAL CARE,137.0,6
2017-07-28,1,PERSONAL CARE,140.0,6
2017-07-29,1,PERSONAL CARE,134.0,4
2017-07-30,1,PERSONAL CARE,62.0,3
2017-07-31,1,PERSONAL CARE,194.0,3
2017-01-01,1,PET SUPPLIES,0.0,0
2017-01-02,1,PET SUPPLIES,5.0,0
2017-01-03,1,PET SUPPLIES,10.0,1
2017-01-04,1,PET SUPPLIES,6.0,1
2017-01-05,1,PET SUPPLIES,8.0,0
2017-01-06,1,PET SUPPLIES,9.0,0
2017-01-07,1,PET SUPPLIES,12.0,0
2017-01-08,1,PET SUPPLIES,4.0,0
2017-01-09,1,PET SUPPLIES,8.0,0
2017-01-10,1,PET SUPPLIES,6.0,0
2017-01-11,1,PET SUPPLIES,12.0,0
2017-01-12,1,PET SUPPLIES,7.0,0
2017-01-13,1,PET SUPPLIES,7.0,0
2017-01-14,1,PET SUPPLIES,8.0,0
2017-01-15,1,PET SUPPLIES,1.0,0
2017-01-16,1,PET SUPPLIES,5.0,0
2017-01-17,1,PET SUPPLIES,9.0,0
2017-01-18,1,PET SUPPLIES,8.0,0
2017-01-19,1,PET SUPPLIES,5.0,0
2017-01-20,1,PET SUPPLIES,4.0,0
2017-01-21,1,PET SUPPLIES,6.0,0
2017-01-22,1,PET SUPPLIES,4.0,0
2017-01-23,1,PET SUPPLIES,6.0,0
2017-01-24,1,PET SUPPLIES,8.0,0
2017-01-25,1,PET SUPPLIES,5.0,0
2017-01-26,1,PET SUPPLIES,6.0,0
2017-01-27,1,PET SUPPLIES,8.0,0
2017-01-28,1,PET SUPPLIES,5.0,0
2017-01-29,1,PET SUPPLIES,2.0,0
2017-01-30,1,PET SUPPLIES,4.0,0
2017-01-31,1,PET SUPPLIES,8.0,0
2017-02-01,1,PET SUPPLIES,7.0,0
2017-02-02,1,PET SUPPLIES,5.0,0
2017-02-03,1,PET SUPPLIES,9.0,0
2017-02-04,1,PET SUPPLIES,8.0,0
2017-02-05,1,PET SUPPLIES,0.0,0
2017-02-06,1,PET SUPPLIES,3.0,0
2017-02-07,1,PET SUPPLIES,5.0,0
2017-02-08,1,PET SUPPLIES,3.0,0
2017-02-09,1,PET SUPPLIES,6.0,0
2017-02-10,1,PET SUPPLIES,5.0,0
2017-02-11,1,PET SUPPLIES,15.0,0
2017-02-12,1,PET SUPPLIES,3.0,0
2017-02-13,1,PET SUPPLIES,7.0,0
2017-02-14,1,PET SUPPLIES,6.0,0
2017-02-15,1,PET SUPPLIES,3.0,0
2017-02-16,1,PET SUPPLIES,7.0,0
2017-02-17,1,PET SUPPLIES,9.0,0
2017-02-18,1,PET SUPPLIES,6.0,0
2017-02-19,1,PET SUPPLIES,3.0,0
2017-02-20,1,PET SUPPLIES,9.0,0
2017-02-21,1,PET SUPPLIES,9.0,0
2017-02-22,1,PET SUPPLIES,5.0,0
2017-02-23,1,PET SUPPLIES,5.0,0
2017-02-24,1,PET SUPPLIES,7.0,0
2017-02-25,1,PET SUPPLIES,8.0,0
2017-02-26,1,PET SUPPLIES,4.0,0
2017-02-27,1,PET SUPPLIES,0.0,0
2017-02-28,1,PET SUPPLIES,1.0,0
2017-03-01,1,PET SUPPLIES,9.0,0
2017-03-02,1,PET SUPPLIES,2.0,0
2017-03-03,1,PET SUPPLIES,13.0,0
2017-03-04,1,PET SUPPLIES,8.0,0
2017-03-05,1,PET SUPPLIES,2.0,0
2017-03-06,1,PET SUPPLIES,6.0,0
2017-03-07,1,PET SUPPLIES,10.0,0
2017-03-08,1,PET SUPPLIES,4.0,0
2017-03-09,1,PET SUPPLIES,8.0,0
2017-03-10,1,PET SUPPLIES,1.0,0
2017-03-11,1,PET SUPPLIES,6.0,0
2017-03-12,1,PET SUPPLIES,9.0,1
2017-03-13,1,PET SUPPLIES,12.0,0
2017-03-14,1,PET SUPPLIES,3.0,0
2017-03-15,1,PET SUPPLIES,9.0,0
2017-03-16,1,PET SUPPLIES,3.0,0
2017-03-17,1,PET SUPPLIES,9.0,1
2017-03-18,1,PET SUPPLIES,12.0,0
2017-03-19,1,PET SUPPLIES,1.0,0
2017-03-20,1,PET SUPPLIES,7.0,0
2017-03-21,1,PET SUPPLIES,2.0,0
2017-03-22,1,PET SUPPLIES,3.0,0
2017-03-23,1,PET SUPPLIES,3.0,0
2017-03-24,1,PET SUPPLIES,10.0,0
2017-03-25,1,PET SUPPLIES,8.0,0
2017-03-26,1,PET SUPPLIES,6.0,0
2017-03-27,1,PET SUPPLIES,4.0,1
2017-03-28,1,PET SUPPLIES,7.0,0
2017-03-29,1,PET SUPPLIES,4.0,1
2017-03-30,1,PET SUPPLIES,8.0,0
2017-03-31,1,PET SUPPLIES,7.0,0
2017-04-01,1,PET SUPPLIES,8.0,0
2017-04-02,1,PET SUPPLIES,2.0,0
2017-04-03,1,PET SUPPLIES,10.0,0
2017-04-04,1,PET SUPPLIES,4.0,0
2017-04-05,1,PET SUPPLIES,8.0,0
2017-04-06,1,PET SUPPLIES,4.0,0
2017-04-07,1,PET SUPPLIES,7.0,0
2017-04-08,1,PET SUPPLIES,12.0,0
2017-04-09,1,PET SUPPLIES,1.0,0
2017-04-10,1,PET SUPPLIES,5.0,0
2017-04-11,1,PET SUPPLIES,9.0,0
2017-04-12,1,PET SUPPLIES,8.0,0
2017-04-13,1,PET SUPPLIES,3.0,0
2017-04-14,1,PET SUPPLIES,2.0,0
2017-04-15,1,PET SUPPLIES,6.0,0
2017-04-16,1,PET SUPPLIES,3.0,0
2017-04-17,1,PET SUPPLIES,4.0,0
2017-04-18,1,PET SUPPLIES,4.0,0
2017-04-19,1,PET SUPPLIES,4.0,1
2017-04-20,1,PET SUPPLIES,3.0,0
2017-04-21,1,PET SUPPLIES,3.0,1
2017-04-22,1,PET SUPPLIES,3.0,0
2017-04-23,1,PET SUPPLIES,1.0,1
2017-04-24,1,PET SUPPLIES,8.0,1
2017-04-25,1,PET SUPPLIES,6.0,1
2017-04-26,1,PET SUPPLIES,7.0,1
2017-04-27,1,PET SUPPLIES,6.0,0
2017-04-28,1,PET SUPPLIES,3.0,0
2017-04-29,1,PET SUPPLIES,13.0,2
2017-04-30,1,PET SUPPLIES,3.0,0
2017-05-01,1,PET SUPPLIES,1.0,0
2017-05-02,1,PET SUPPLIES,13.0,1
2017-05-03,1,PET SUPPLIES,6.0,0
2017-05-04,1,PET SUPPLIES,4.0,1
2017-05-05,1,PET SUPPLIES,1.0,0
2017-05-06,1,PET SUPPLIES,9.0,0
2017-05-07,1,PET SUPPLIES,5.0,1
2017-05-08,1,PET SUPPLIES,5.0,1
2017-05-09,1,PET SUPPLIES,7.0,0
2017-05-10,1,PET SUPPLIES,11.0,1
2017-05-11,1,PET SUPPLIES,1.0,0
2017-05-12,1,PET SUPPLIES,5.0,0
2017-05-13,1,PET SUPPLIES,9.0,1
2017-05-14,1,PET SUPPLIES,6.0,0
2017-05-15,1,PET SUPPLIES,9.0,0
2017-05-16,1,PET SUPPLIES,5.0,0
2017-05-17,1,PET SUPPLIES,6.0,0
2017-05-18,1,PET SUPPLIES,9.0,0
2017-05-19,1,PET SUPPLIES,6.0,0
2017-05-20,1,PET SUPPLIES,9.0,0
2017-05-21,1,PET SUPPLIES,6.0,0
2017-05-22,1,PET SUPPLIES,7.0,0
2017-05-23,1,PET SUPPLIES,8.0,0
2017-05-24,1,PET SUPPLIES,6.0,0
2017-05-25,1,PET SUPPLIES,10.0,0
2017-05-26,1,PET SUPPLIES,1.0,0
2017-05-27,1,PET SUPPLIES,7.0,0
2017-05-28,1,PET SUPPLIES,4.0,0
2017-05-29,1,PET SUPPLIES,8.0,0
2017-05-30,1,PET SUPPLIES,9.0,0
2017-05-31,1,PET SUPPLIES,10.0,0
2017-06-01,1,PET SUPPLIES,5.0,0
2017-06-02,1,PET SUPPLIES,8.0,0
2017-06-03,1,PET SUPPLIES,5.0,0
2017-06-04,1,PET SUPPLIES,4.0,0
2017-06-05,1,PET SUPPLIES,17.0,0
2017-06-06,1,PET SUPPLIES,8.0,1
2017-06-07,1,PET SUPPLIES,5.0,0
2017-06-08,1,PET SUPPLIES,7.0,0
2017-06-09,1,PET SUPPLIES,7.0,0
2017-06-10,1,PET SUPPLIES,10.0,0
2017-06-11,1,PET SUPPLIES,5.0,0
2017-06-12,1,PET SUPPLIES,5.0,0
2017-06-13,1,PET SUPPLIES,6.0,0
2017-06-14,1,PET SUPPLIES,11.0,0
2017-06-15,1,PET SUPPLIES,7.0,0
2017-06-16,1,PET SUPPLIES,3.0,0
2017-06-17,1,PET SUPPLIES,10.0,0
2017-06-18,1,PET SUPPLIES,4.0,0
2017-06-19,1,PET SUPPLIES,9.0,0
2017-06-20,1,PET SUPPLIES,6.0,0
2017-06-21,1,PET SUPPLIES,6.0,1
2017-06-22,1,PET SUPPLIES,7.0,0
2017-06-23,1,PET SUPPLIES,4.0,0
2017-06-24,1,PET SUPPLIES,12.0,0
2017-06-25,1,PET SUPPLIES,1.0,0
2017-06-26,1,PET SUPPLIES,5.0,0
2017-06-27,1,PET SUPPLIES,8.0,0
2017-06-28,1,PET SUPPLIES,6.0,0
2017-06-29,1,PET SUPPLIES,9.0,0
2017-06-30,1,PET SUPPLIES,8.0,0
2017-07-01,1,PET SUPPLIES,7.0,0
2017-07-02,1,PET SUPPLIES,5.0,1
2017-07-03,1,PET SUPPLIES,10.0,0
2017-07-04,1,PET SUPPLIES,4.0,1
2017-07-05,1,PET SUPPLIES,7.0,1
2017-07-06,1,PET SUPPLIES,8.0,0
2017-07-07,1,PET SUPPLIES,7.0,0
2017-07-08,1,PET SUPPLIES,3.0,0
2017-07-09,1,PET SUPPLIES,0.0,0
2017-07-10,1,PET SUPPLIES,8.0,0
2017-07-11,1,PET SUPPLIES,7.0,0
2017-07-12,1,PET SUPPLIES,5.0,0
2017-07-13,1,PET SUPPLIES,8.0,0
2017-07-14,1,PET SUPPLIES,7.0,0
2017-07-15,1,PET SUPPLIES,6.0,0
2017-07-16,1,PET SUPPLIES,3.0,0
2017-07-17,1,PET SUPPLIES,4.0,0
2017-07-18,1,PET SUPPLIES,4.0,0
2017-07-19,1,PET SUPPLIES,1.0,0
2017-07-20,1,PET SUPPLIES,5.0,0
2017-07-21,1,PET SUPPLIES,2.0,0
2017-07-22,1,PET SUPPLIES,5.0,0
2017-07-23,1,PET SUPPLIES,3.0,0
2017-07-24,1,PET SUPPLIES,4.0,0
2017-07-25,1,PET SUPPLIES,4.0,0
2017-07-26,1,PET SUPPLIES,2.0,0
2017-07-27,1,PET SUPPLIES,3.0,0
2017-07-28,1,PET SUPPLIES,4.0,0
2017-07-29,1,PET SUPPLIES,4.0,0
2017-07-30,1,PET SUPPLIES,6.0,0
2017-07-31,1,PET SUPPLIES,4.0,0
2017-01-01,1,PLAYERS AND ELECTRONICS,0.0,0
2017-01-02,1,PLAYERS AND ELECTRONICS,4.0,0
2017-01-03,1,PLAYERS AND ELECTRONICS,9.0,0
2017-01-04,1,PLAYERS AND ELECTRONICS,8.0,0
2017-01-05,1,PLAYERS AND ELECTRONICS,11.0,0
2017-01-06,1,PLAYERS AND ELECTRONICS,15.0,0
2017-01-07,1,PLAYERS AND ELECTRONICS,11.0,0
2017-01-08,1,PLAYERS AND ELECTRONICS,6.0,0
2017-01-09,1,PLAYERS AND ELECTRONICS,6.0,0
2017-01-10,1,PLAYERS AND ELECTRONICS,4.0,0
2017-01-11,1,PLAYERS AND ELECTRONICS,10.0,0
2017-01-12,1,PLAYERS AND ELECTRONICS,19.0,0
2017-01-13,1,PLAYERS AND ELECTRONICS,11.0,0
2017-01-14,1,PLAYERS AND ELECTRONICS,5.0,0
2017-01-15,1,PLAYERS AND ELECTRONICS,5.0,0
2017-01-16,1,PLAYERS AND ELECTRONICS,6.0,0
2017-01-17,1,PLAYERS AND ELECTRONICS,10.0,0
2017-01-18,1,PLAYERS AND ELECTRONICS,5.0,0
2017-01-19,1,PLAYERS AND ELECTRONICS,6.0,0
2017-01-20,1,PLAYERS AND ELECTRONICS,3.0,0
2017-01-21,1,PLAYERS AND ELECTRONICS,4.0,0
2017-01-22,1,PLAYERS AND ELECTRONICS,1.0,0
2017-01-23,1,PLAYERS AND ELECTRONICS,11.0,0
2017-01-24,1,PLAYERS AND ELECTRONICS,12.0,0
2017-01-25,1,PLAYERS AND ELECTRONICS,8.0,0
2017-01-26,1,PLAYERS AND ELECTRONICS,18.0,0
2017-01-27,1,PLAYERS AND ELECTRONICS,9.0,0
2017-01-28,1,PLAYERS AND ELECTRONICS,17.0,0
2017-01-29,1,PLAYERS AND ELECTRONICS,4.0,0
2017-01-30,1,PLAYERS AND ELECTRONICS,8.0,0
2017-01-31,1,PLAYERS AND ELECTRONICS,12.0,0
2017-02-01,1,PLAYERS AND ELECTRONICS,18.0,0
2017-02-02,1,PLAYERS AND ELECTRONICS,9.0,0
2017-02-03,1,PLAYERS AND ELECTRONICS,10.0,0
2017-02-04,1,PLAYERS AND ELECTRONICS,8.0,0
2017-02-05,1,PLAYERS AND ELECTRONICS,2.0,0
2017-02-06,1,PLAYERS AND ELECTRONICS,17.0,0
2017-02-07,1,PLAYERS AND ELECTRONICS,17.0,0
2017-02-08,1,PLAYERS AND ELECTRONICS,14.0,0
2017-02-09,1,PLAYERS AND ELECTRONICS,9.0,0
2017-02-10,1,PLAYERS AND ELECTRONICS,7.0,0
2017-02-11,1,PLAYERS AND ELECTRONICS,10.0,0
2017-02-12,1,PLAYERS AND ELECTRONICS,6.0,0
2017-02-13,1,PLAYERS AND ELECTRONICS,8.0,0
2017-02-14,1,PLAYERS AND ELECTRONICS,9.0,0
2017-02-15,1,PLAYERS AND ELECTRONICS,7.0,0
2017-02-16,1,PLAYERS AND ELECTRONICS,10.0,0
2017-02-17,1,PLAYERS AND ELECTRONICS,17.0,0
2017-02-18,1,PLAYERS AND ELECTRONICS,11.0,0
2017-02-19,1,PLAYERS AND ELECTRONICS,0.0,0
2017-02-20,1,PLAYERS AND ELECTRONICS,5.0,0
2017-02-21,1,PLAYERS AND ELECTRONICS,8.0,0
2017-02-22,1,PLAYERS AND ELECTRONICS,8.0,0
2017-02-23,1,PLAYERS AND ELECTRONICS,12.0,0
2017-02-24,1,PLAYERS AND ELECTRONICS,12.0,0
2017-02-25,1,PLAYERS AND ELECTRONICS,7.0,0
2017-02-26,1,PLAYERS AND ELECTRONICS,3.0,0
2017-02-27,1,PLAYERS AND ELECTRONICS,4.0,0
2017-02-28,1,PLAYERS AND ELECTRONICS,5.0,0
2017-03-01,1,PLAYERS AND ELECTRONICS,12.0,0
2017-03-02,1,PLAYERS AND ELECTRONICS,6.0,0
2017-03-03,1,PLAYERS AND ELECTRONICS,6.0,0
2017-03-04,1,PLAYERS AND ELECTRONICS,9.0,0
2017-03-05,1,PLAYERS AND ELECTRONICS,5.0,0
2017-03-06,1,PLAYERS AND ELECTRONICS,11.0,0
2017-03-07,1,PLAYERS AND ELECTRONICS,13.0,0
2017-03-08,1,PLAYERS AND ELECTRONICS,12.0,0
2017-03-09,1,PLAYERS AND ELECTRONICS,2.0,0
2017-03-10,1,PLAYERS AND ELECTRONICS,8.0,0
2017-03-11,1,PLAYERS AND ELECTRONICS,8.0,0
2017-03-12,1,PLAYERS AND ELECTRONICS,3.0,0
2017-03-13,1,PLAYERS AND ELECTRONICS,10.0,0
2017-03-14,1,PLAYERS AND ELECTRONICS,13.0,0
2017-03-15,1,PLAYERS AND ELECTRONICS,5.0,0
2017-03-16,1,PLAYERS AND ELECTRONICS,14.0,0
2017-03-17,1,PLAYERS AND ELECTRONICS,18.0,0
2017-03-18,1,PLAYERS AND ELECTRONICS,9.0,0
2017-03-19,1,PLAYERS AND ELECTRONICS,7.0,0
2017-03-20,1,PLAYERS AND ELECTRONICS,15.0,0
2017-03-21,1,PLAYERS AND ELECTRONICS,13.0,0
2017-03-22,1,PLAYERS AND ELECTRONICS,17.0,0
2017-03-23,1,PLAYERS AND ELECTRONICS,10.0,0
2017-03-24,1,PLAYERS AND ELECTRONICS,16.0,0
2017-03-25,1,PLAYERS AND ELECTRONICS,15.0,0
2017-03-26,1,PLAYERS AND ELECTRONICS,3.0,0
2017-03-27,1,PLAYERS AND ELECTRONICS,13.0,0
2017-03-28,1,PLAYERS AND ELECTRONICS,7.0,0
2017-03-29,1,PLAYERS AND ELECTRONICS,5.0,0
2017-03-30,1,PLAYERS AND ELECTRONICS,6.0,0
2017-03-31,1,PLAYERS AND ELECTRONICS,6.0,0
2017-04-01,1,PLAYERS AND ELECTRONICS,6.0,0
2017-04-02,1,PLAYERS AND ELECTRONICS,3.0,0
2017-04-03,1,PLAYERS AND ELECTRONICS,9.0,0
2017-04-04,1,PLAYERS AND ELECTRONICS,11.0,0
2017-04-05,1,PLAYERS AND ELECTRONICS,16.0,0
2017-04-06,1,PLAYERS AND ELECTRONICS,8.0,0
2017-04-07,1,PLAYERS AND ELECTRONICS,13.0,0
2017-04-08,1,PLAYERS AND ELECTRONICS,9.0,0
2017-04-09,1,PLAYERS AND ELECTRONICS,5.0,0
2017-04-10,1,PLAYERS AND ELECTRONICS,7.0,0
2017-04-11,1,PLAYERS AND ELECTRONICS,8.0,0
2017-04-12,1,PLAYERS AND ELECTRONICS,9.0,0
2017-04-13,1,PLAYERS AND ELECTRONICS,11.0,0
2017-04-14,1,PLAYERS AND ELECTRONICS,3.0,0
2017-04-15,1,PLAYERS AND ELECTRONICS,4.0,0
2017-04-16,1,PLAYERS AND ELECTRONICS,3.0,0
2017-04-17,1,PLAYERS AND ELECTRONICS,14.0,0
2017-04-18,1,PLAYERS AND ELECTRONICS,8.0,0
2017-04-19,1,PLAYERS AND ELECTRONICS,8.0,0
2017-04-20,1,PLAYERS AND ELECTRONICS,7.0,0
2017-04-21,1,PLAYERS AND ELECTRONICS,5.0,0
2017-04-22,1,PLAYERS AND ELECTRONICS,9.0,0
2017-04-23,1,PLAYERS AND ELECTRONICS,3.0,0
2017-04-24,1,PLAYERS AND ELECTRONICS,8.0,0
2017-04-25,1,PLAYERS AND ELECTRONICS,7.0,0
2017-04-26,1,PLAYERS AND ELECTRONICS,14.0,0
2017-04-27,1,PLAYERS AND ELECTRONICS,16.0,0
2017-04-28,1,PLAYERS AND ELECTRONICS,10.0,0
2017-04-29,1,PLAYERS AND ELECTRONICS,6.0,0
2017-04-30,1,PLAYERS AND ELECTRONICS,7.0,0
2017-05-01,1,PLAYERS AND ELECTRONICS,4.0,0
2017-05-02,1,PLAYERS AND ELECTRONICS,12.0,0
2017-05-03,1,PLAYERS AND ELECTRONICS,6.0,0
2017-05-04,1,PLAYERS AND ELECTRONICS,11.0,0
2017-05-05,1,PLAYERS AND ELECTRONICS,7.0,0
2017-05-06,1,PLAYERS AND ELECTRONICS,6.0,0
2017-05-07,1,PLAYERS AND ELECTRONICS,8.0,0
2017-05-08,1,PLAYERS AND ELECTRONICS,10.0,0
2017-05-09,1,PLAYERS AND ELECTRONICS,14.0,0
2017-05-10,1,PLAYERS AND ELECTRONICS,14.0,0
2017-05-11,1,PLAYERS AND ELECTRONICS,16.0,0
2017-05-12,1,PLAYERS AND ELECTRONICS,5.0,0
2017-05-13,1,PLAYERS AND ELECTRONICS,7.0,0
2017-05-14,1,PLAYERS AND ELECTRONICS,3.0,0
2017-05-15,1,PLAYERS AND ELECTRONICS,10.0,0
2017-05-16,1,PLAYERS AND ELECTRONICS,10.0,0
2017-05-17,1,PLAYERS AND ELECTRONICS,15.0,0
2017-05-18,1,PLAYERS AND ELECTRONICS,11.0,0
2017-05-19,1,PLAYERS AND ELECTRONICS,10.0,0
2017-05-20,1,PLAYERS AND ELECTRONICS,19.0,0
2017-05-21,1,PLAYERS AND ELECTRONICS,3.0,0
2017-05-22,1,PLAYERS AND ELECTRONICS,12.0,0
2017-05-23,1,PLAYERS AND ELECTRONICS,16.0,0
2017-05-24,1,PLAYERS AND ELECTRONICS,12.0,0
2017-05-25,1,PLAYERS AND ELECTRONICS,7.0,0
2017-05-26,1,PLAYERS AND ELECTRONICS,5.0,0
2017-05-27,1,PLAYERS AND ELECTRONICS,6.0,0
2017-05-28,1,PLAYERS AND ELECTRONICS,1.0,0
2017-05-29,1,PLAYERS AND ELECTRONICS,9.0,0
2017-05-30,1,PLAYERS AND ELECTRONICS,3.0,0
2017-05-31,1,PLAYERS AND ELECTRONICS,18.0,0
2017-06-01,1,PLAYERS AND ELECTRONICS,7.0,0
2017-06-02,1,PLAYERS AND ELECTRONICS,5.0,0
2017-06-03,1,PLAYERS AND ELECTRONICS,7.0,0
2017-06-04,1,PLAYERS AND ELECTRONICS,2.0,0
2017-06-05,1,PLAYERS AND ELECTRONICS,17.0,0
2017-06-06,1,PLAYERS AND ELECTRONICS,10.0,0
2017-06-07,1,PLAYERS AND ELECTRONICS,12.0,0
2017-06-08,1,PLAYERS AND ELECTRONICS,8.0,0
2017-06-09,1,PLAYERS AND ELECTRONICS,9.0,0
2017-06-10,1,PLAYERS AND ELECTRONICS,8.0,0
2017-06-11,1,PLAYERS AND ELECTRONICS,3.0,0
2017-06-12,1,PLAYERS AND ELECTRONICS,12.0,0
2017-06-13,1,PLAYERS AND ELECTRONICS,13.0,0
2017-06-14,1,PLAYERS AND ELECTRONICS,5.0,0
2017-06-15,1,PLAYERS AND ELECTRONICS,7.0,0
2017-06-16,1,PLAYERS AND ELECTRONICS,8.0,0
2017-06-17,1,PLAYERS AND ELECTRONICS,7.0,0
2017-06-18,1,PLAYERS AND ELECTRONICS,2.0,0
2017-06-19,1,PLAYERS AND ELECTRONICS,10.0,0
2017-06-20,1,PLAYERS AND ELECTRONICS,10.0,0
2017-06-21,1,PLAYERS AND ELECTRONICS,12.0,0
2017-06-22,1,PLAYERS AND ELECTRONICS,16.0,0
2017-06-23,1,PLAYERS AND ELECTRONICS,13.0,0
2017-06-24,1,PLAYERS AND ELECTRONICS,10.0,0
2017-06-25,1,PLAYERS AND ELECTRONICS,6.0,0
2017-06-26,1,PLAYERS AND ELECTRONICS,9.0,0
2017-06-27,1,PLAYERS AND ELECTRONICS,13.0,0
2017-06-28,1,PLAYERS AND ELECTRONICS,12.0,0
2017-06-29,1,PLAYERS AND ELECTRONICS,6.0,0
2017-06-30,1,PLAYERS AND ELECTRONICS,6.0,0
2017-07-01,1,PLAYERS AND ELECTRONICS,6.0,0
2017-07-02,1,PLAYERS AND ELECTRONICS,2.0,0
2017-07-03,1,PLAYERS AND ELECTRONICS,13.0,0
2017-07-04,1,PLAYERS AND ELECTRONICS,6.0,1
2017-07-05,1,PLAYERS AND ELECTRONICS,9.0,1
2017-07-06,1,PLAYERS AND ELECTRONICS,8.0,0
2017-07-07,1,PLAYERS AND ELECTRONICS,10.0,0
2017-07-08,1,PLAYERS AND ELECTRONICS,3.0,0
2017-07-09,1,PLAYERS AND ELECTRONICS,3.0,0
2017-07-10,1,PLAYERS AND ELECTRONICS,14.0,0
2017-07-11,1,PLAYERS AND ELECTRONICS,10.0,0
2017-07-12,1,PLAYERS AND ELECTRONICS,19.0,0
2017-07-13,1,PLAYERS AND ELECTRONICS,4.0,0
2017-07-14,1,PLAYERS AND ELECTRONICS,3.0,0
2017-07-15,1,PLAYERS AND ELECTRONICS,8.0,0
2017-07-16,1,PLAYERS AND ELECTRONICS,7.0,0
2017-07-17,1,PLAYERS AND ELECTRONICS,3.0,0
2017-07-18,1,PLAYERS AND ELECTRONICS,12.0,0
2017-07-19,1,PLAYERS AND ELECTRONICS,13.0,0
2017-07-20,1,PLAYERS AND ELECTRONICS,8.0,0
2017-07-21,1,PLAYERS AND ELECTRONICS,7.0,0
2017-07-22,1,PLAYERS AND ELECTRONICS,11.0,0
2017-07-23,1,PLAYERS AND ELECTRONICS,0.0,0
2017-07-24,1,PLAYERS AND ELECTRONICS,9.0,0
2017-07-25,1,PLAYERS AND ELECTRONICS,11.0,0
2017-07-26,1,PLAYERS AND ELECTRONICS,13.0,0
2017-07-27,1,PLAYERS AND ELECTRONICS,4.0,0
2017-07-28,1,PLAYERS AND ELECTRONICS,14.0,0
2017-07-29,1,PLAYERS AND ELECTRONICS,8.0,0
2017-07-30,1,PLAYERS AND ELECTRONICS,2.0,0
2017-07-31,1,PLAYERS AND ELECTRONICS,7.0,0
2017-01-01,1,POULTRY,0.0,0
2017-01-02,1,POULTRY,140.379,0
2017-01-03,1,POULTRY,408.047,1
2017-01-04,1,POULTRY,495.952,0
2017-01-05,1,POULTRY,329.311,0
2017-01-06,1,POULTRY,545.505,39
2017-01-07,1,POULTRY,313.715,0
2017-01-08,1,POULTRY,193.531,0
2017-01-09,1,POULTRY,385.316,0
2017-01-10,1,POULTRY,311.952,0
2017-01-11,1,POULTRY,368.889,0
2017-01-12,1,POULTRY,318.763,0
2017-01-13,1,POULTRY,539.236,40
2017-01-14,1,POULTRY,328.294,0
2017-01-15,1,POULTRY,128.038,0
2017-01-16,1,POULTRY,320.07,1
2017-01-17,1,POULTRY,305.077,0
2017-01-18,1,POULTRY,360.63602,0
2017-01-19,1,POULTRY,329.727,0
2017-01-20,1,POULTRY,516.995,40
2017-01-21,1,POULTRY,328.007,0
2017-01-22,1,POULTRY,154.029,0
2017-01-23,1,POULTRY,343.069,0
2017-01-24,1,POULTRY,349.196,0
2017-01-25,1,POULTRY,358.427,0
2017-01-26,1,POULTRY,269.108,0
2017-01-27,1,POULTRY,509.204,40
2017-01-28,1,POULTRY,266.414,0
2017-01-29,1,POULTRY,141.037,0
2017-01-30,1,POULTRY,318.436,0
2017-01-31,1,POULTRY,269.115,0
2017-02-01,1,POULTRY,407.227,0
2017-02-02,1,POULTRY,331.817,0
2017-02-03,1,POULTRY,532.842,40
2017-02-04,1,POULTRY,355.538,0
2017-02-05,1,POULTRY,166.728,0
2017-02-06,1,POULTRY,331.904,0
2017-02-07,1,POULTRY,347.733,0
2017-02-08,1,POULTRY,391.398,0
2017-02-09,1,POULTRY,264.341,0
2017-02-10,1,POULTRY,457.245,41
2017-02-11,1,POULTRY,372.13,0
2017-02-12,1,POULTRY,162.13,0
2017-02-13,1,POULTRY,301.063,0
2017-02-14,1,POULTRY,276.647,0
2017-02-15,1,POULTRY,326.156,0
2017-02-16,1,POULTRY,318.415,0
2017-02-17,1,POULTRY,558.96204,39
2017-02-18,1,POULTRY,337.999,0
2017-02-19,1,POULTRY,142.754,0
2017-02-20,1,POULTRY,306.68,0
2017-02-21,1,POULTRY,363.351,0
2017-02-22,1,POULTRY,357.227,0
2017-02-23,1,POULTRY,264.01498,0
2017-02-24,1,POULTRY,526.751,39
2017-02-25,1,POULTRY,248.647,0
2017-02-26,1,POULTRY,111.314,0
2017-02-27,1,POULTRY,80.938,0
2017-02-28,1,POULTRY,204.396,0
2017-03-01,1,POULTRY,420.864,0
2017-03-02,1,POULTRY,325.228,0
2017-03-03,1,POULTRY,575.468,39
2017-03-04,1,POULTRY,253.77,0
2017-03-05,1,POULTRY,135.96,0
2017-03-06,1,POULTRY,282.758,0
2017-03-07,1,POULTRY,333.712,0
2017-03-08,1,POULTRY,352.375,0
2017-03-09,1,POULTRY,209.858,0
2017-03-10,1,POULTRY,517.16003,40
2017-03-11,1,POULTRY,281.85,0
2017-03-12,1,POULTRY,116.707,0
2017-03-13,1,POULTRY,322.827,0
2017-03-14,1,POULTRY,302.178,0
2017-03-15,1,POULTRY,275.66602,0
2017-03-16,1,POULTRY,242.594,0
2017-03-17,1,POULTRY,527.489,38
2017-03-18,1,POULTRY,258.283,0
2017-03-19,1,POULTRY,151.832,0
2017-03-20,1,POULTRY,343.13,0
2017-03-21,1,POULTRY,291.178,0
2017-03-22,1,POULTRY,329.251,0
2017-03-23,1,POULTRY,293.114,0
2017-03-24,1,POULTRY,494.449,39
2017-03-25,1,POULTRY,279.871,0
2017-03-26,1,POULTRY,157.796,0
2017-03-27,1,POULTRY,311.058,0
2017-03-28,1,POULTRY,293.925,0
2017-03-29,1,POULTRY,377.497,0
2017-03-30,1,POULTRY,241.084,0
2017-03-31,1,POULTRY,471.648,39
2017-04-01,1,POULTRY,375.509,1
2017-04-02,1,POULTRY,124.212,0
2017-04-03,1,POULTRY,359.98502,0
2017-04-04,1,POULTRY,286.512,0
2017-04-05,1,POULTRY,400.015,0
2017-04-06,1,POULTRY,302.636,0
2017-04-07,1,POULTRY,513.98,39
2017-04-08,1,POULTRY,285.58,0
2017-04-09,1,POULTRY,147.171,0
2017-04-10,1,POULTRY,293.177,0
2017-04-11,1,POULTRY,257.358,0
2017-04-12,1,POULTRY,343.448,0
2017-04-13,1,POULTRY,326.453,0
2017-04-14,1,POULTRY,135.791,31
2017-04-15,1,POULTRY,187.368,0
2017-04-16,1,POULTRY,93.54,0
2017-04-17,1,POULTRY,345.281,0
2017-04-18,1,POULTRY,369.244,0
2017-04-19,1,POULTRY,367.941,0
2017-04-20,1,POULTRY,264.397,0
2017-04-21,1,POULTRY,490.743,39
2017-04-22,1,POULTRY,292.148,0
2017-04-23,1,POULTRY,144.869,0
2017-04-24,1,POULTRY,364.507,0
2017-04-25,1,POULTRY,305.144,0
2017-04-26,1,POULTRY,369.16,0
2017-04-27,1,POULTRY,252.87,0
2017-04-28,1,POULTRY,534.759,40
2017-04-29,1,POULTRY,267.12,0
2017-04-30,1,POULTRY,127.593,0
2017-05-01,1,POULTRY,90.491,2
2017-05-02,1,POULTRY,393.52,0
2017-05-03,1,POULTRY,396.113,0
2017-05-04,1,POULTRY,265.199,0
2017-05-05,1,POULTRY,574.912,39
2017-05-06,1,POULTRY,335.756,0
2017-05-07,1,POULTRY,112.573,0
2017-05-08,1,POULTRY,399.518,0
2017-05-09,1,POULTRY,311.872,0
2017-05-10,1,POULTRY,391.175,0
2017-05-11,1,POULTRY,277.225,0
2017-05-12,1,POULTRY,598.076,40
2017-05-13,1,POULTRY,318.636,0
2017-05-14,1,POULTRY,77.631004,1
2017-05-15,1,POULTRY,347.219,0
2017-05-16,1,POULTRY,372.25198,0
2017-05-17,1,POULTRY,318.311,0
2017-05-18,1,POULTRY,285.843,0
2017-05-19,1,POULTRY,530.967,38
2017-05-20,1,POULTRY,260.343,0
2017-05-21,1,POULTRY,155.62599,0
2017-05-22,1,POULTRY,355.121,0
2017-05-23,1,POULTRY,332.971,0
2017-05-24,1,POULTRY,365.183,0
2017-05-25,1,POULTRY,392.706,0
2017-05-26,1,POULTRY,253.888,34
2017-05-27,1,POULTRY,215.499,0
2017-05-28,1,POULTRY,119.896,0
2017-05-29,1,POULTRY,360.095,0
2017-05-30,1,POULTRY,281.601,0
2017-05-31,1,POULTRY,432.356,0
2017-06-01,1,POULTRY,288.223,0
2017-06-02,1,POULTRY,630.89703,41
2017-06-03,1,POULTRY,358.358,0
2017-06-04,1,POULTRY,164.636,0
2017-06-05,1,POULTRY,360.58798,0
2017-06-06,1,POULTRY,393.769,0
2017-06-07,1,POULTRY,349.962,0
2017-06-08,1,POULTRY,314.902,1
2017-06-09,1,POULTRY,599.903,42
2017-06-10,1,POULTRY,239.566,0
2017-06-11,1,POULTRY,167.329,1
2017-06-12,1,POULTRY,327.496,0
2017-06-13,1,POULTRY,298.09302,0
2017-06-14,1,POULTRY,344.184,0
2017-06-15,1,POULTRY,328.673,1
2017-06-16,1,POULTRY,552.06903,39
2017-06-17,1,POULTRY,339.034,0
2017-06-18,1,POULTRY,108.155,0
2017-06-19,1,POULTRY,289.381,0
2017-06-20,1,POULTRY,367.306,1
2017-06-21,1,POULTRY,330.356,0
2017-06-22,1,POULTRY,257.608,0
2017-06-23,1,POULTRY,487.16602,41
2017-06-24,1,POULTRY,257.612,0
2017-06-25,1,POULTRY,119.6,1
2017-06-26,1,POULTRY,304.98,0
2017-06-27,1,POULTRY,352.845,0
2017-06-28,1,POULTRY,368.505,0
2017-06-29,1,POULTRY,220.409,1
2017-06-30,1,POULTRY,612.367,40
2017-07-01,1,POULTRY,337.059,0
2017-07-02,1,POULTRY,140.87599,0
2017-07-03,1,POULTRY,325.485,0
2017-07-04,1,POULTRY,353.391,1
2017-07-05,1,POULTRY,406.72,0
2017-07-06,1,POULTRY,289.747,0
2017-07-07,1,POULTRY,537.395,40
2017-07-08,1,POULTRY,328.702,0
2017-07-09,1,POULTRY,148.703,0
2017-07-10,1,POULTRY,365.931,0
2017-07-11,1,POULTRY,377.604,0
2017-07-12,1,POULTRY,371.235,0
2017-07-13,1,POULTRY,313.532,0
2017-07-14,1,POULTRY,542.421,40
2017-07-15,1,POULTRY,288.074,0
2017-07-16,1,POULTRY,156.183,0
2017-07-17,1,POULTRY,393.605,0
2017-07-18,1,POULTRY,376.801,0
2017-07-19,1,POULTRY,311.232,0
2017-07-20,1,POULTRY,438.599,0
2017-07-21,1,POULTRY,520.784,38
2017-07-22,1,POULTRY,262.48,0
2017-07-23,1,POULTRY,165.494,0
2017-07-24,1,POULTRY,366.812,0
2017-07-25,1,POULTRY,376.168,0
2017-07-26,1,POULTRY,370.381,0
2017-07-27,1,POULTRY,322.741,0
2017-07-28,1,POULTRY,496.034,37
2017-07-29,1,POULTRY,219.293,0
2017-07-30,1,POULTRY,113.468,0
2017-07-31,1,POULTRY,385.405,0
2017-01-01,1,PREPARED FOODS,0.0,0
2017-01-02,1,PREPARED FOODS,59.363,0
2017-01-03,1,PREPARED FOODS,108.369,2
2017-01-04,1,PREPARED FOODS,74.846,2
2017-01-05,1,PREPARED FOODS,112.270004,1
2017-01-06,1,PREPARED FOODS,107.775,2
2017-01-07,1,PREPARED FOODS,104.369,1
2017-01-08,1,PREPARED FOODS,73.781,1
2017-01-09,1,PREPARED FOODS,88.813995,1
2017-01-10,1,PREPARED FOODS,82.409,1
2017-01-11,1,PREPARED FOODS,137.012,2
2017-01-12,1,PREPARED FOODS,91.988,1
2017-01-13,1,PREPARED FOODS,109.121,2
2017-01-14,1,PREPARED FOODS,90.792,1
2017-01-15,1,PREPARED FOODS,50.087997,1
2017-01-16,1,PREPARED FOODS,144.927,1
2017-01-17,1,PREPARED FOODS,65.498,1
2017-01-18,1,PREPARED FOODS,127.334,3
2017-01-19,1,PREPARED FOODS,93.173996,2
2017-01-20,1,PREPARED FOODS,128.81,3
2017-01-21,1,PREPARED FOODS,132.988,2
2017-01-22,1,PREPARED FOODS,48.141,2
2017-01-23,1,PREPARED FOODS,76.867004,1
2017-01-24,1,PREPARED FOODS,122.531,2
2017-01-25,1,PREPARED FOODS,88.744,3
2017-01-26,1,PREPARED FOODS,88.409,1
2017-01-27,1,PREPARED FOODS,128.505,3
2017-01-28,1,PREPARED FOODS,100.904,2
2017-01-29,1,PREPARED FOODS,37.467,2
2017-01-30,1,PREPARED FOODS,76.942,2
2017-01-31,1,PREPARED FOODS,79.287,1
2017-02-01,1,PREPARED FOODS,135.797,3
2017-02-02,1,PREPARED FOODS,78.841995,2
2017-02-03,1,PREPARED FOODS,113.221,3
2017-02-04,1,PREPARED FOODS,132.664,2
2017-02-05,1,PREPARED FOODS,76.315,1
2017-02-06,1,PREPARED FOODS,70.107,1
2017-02-07,1,PREPARED FOODS,81.563,1
2017-02-08,1,PREPARED FOODS,143.227,3
2017-02-09,1,PREPARED FOODS,119.55,0
2017-02-10,1,PREPARED FOODS,132.433,1
2017-02-11,1,PREPARED FOODS,145.893,0
2017-02-12,1,PREPARED FOODS,61.236,0
2017-02-13,1,PREPARED FOODS,142.19699,0
2017-02-14,1,PREPARED FOODS,86.345,0
2017-02-15,1,PREPARED FOODS,136.441,1
2017-02-16,1,PREPARED FOODS,99.669,0
2017-02-17,1,PREPARED FOODS,155.537,1
2017-02-18,1,PREPARED FOODS,85.543,0
2017-02-19,1,PREPARED FOODS,44.795998,0
2017-02-20,1,PREPARED FOODS,86.706,0
2017-02-21,1,PREPARED FOODS,59.403,0
2017-02-22,1,PREPARED FOODS,80.982,1
2017-02-23,1,PREPARED FOODS,106.770996,0
2017-02-24,1,PREPARED FOODS,137.385,1
2017-02-25,1,PREPARED FOODS,84.598,0
2017-02-26,1,PREPARED FOODS,31.119999,0
2017-02-27,1,PREPARED FOODS,42.375,0
2017-02-28,1,PREPARED FOODS,45.4,0
2017-03-01,1,PREPARED FOODS,117.784,1
2017-03-02,1,PREPARED FOODS,126.46,0
2017-03-03,1,PREPARED FOODS,125.555,1
2017-03-04,1,PREPARED FOODS,97.544,0
2017-03-05,1,PREPARED FOODS,44.276,0
2017-03-06,1,PREPARED FOODS,78.526,0
2017-03-07,1,PREPARED FOODS,137.363,0
2017-03-08,1,PREPARED FOODS,93.276,1
2017-03-09,1,PREPARED FOODS,116.294,0
2017-03-10,1,PREPARED FOODS,73.226,0
2017-03-11,1,PREPARED FOODS,80.742004,0
2017-03-12,1,PREPARED FOODS,62.6,0
2017-03-13,1,PREPARED FOODS,128.984,0
2017-03-14,1,PREPARED FOODS,76.93,0
2017-03-15,1,PREPARED FOODS,116.93,0
2017-03-16,1,PREPARED FOODS,112.883,0
2017-03-17,1,PREPARED FOODS,108.544,0
2017-03-18,1,PREPARED FOODS,80.520004,0
2017-03-19,1,PREPARED FOODS,60.057,0
2017-03-20,1,PREPARED FOODS,72.28,0
2017-03-21,1,PREPARED FOODS,76.49,0
2017-03-22,1,PREPARED FOODS,111.55,1
2017-03-23,1,PREPARED FOODS,93.055,0
2017-03-24,1,PREPARED FOODS,107.511,0
2017-03-25,1,PREPARED FOODS,99.003,0
2017-03-26,1,PREPARED FOODS,23.0,0
2017-03-27,1,PREPARED FOODS,110.274,0
2017-03-28,1,PREPARED FOODS,97.75,0
2017-03-29,1,PREPARED FOODS,149.328,1
2017-03-30,1,PREPARED FOODS,79.535,0
2017-03-31,1,PREPARED FOODS,123.214005,1
2017-04-01,1,PREPARED FOODS,129.543,1
2017-04-02,1,PREPARED FOODS,48.412003,1
2017-04-03,1,PREPARED FOODS,53.514,1
2017-04-04,1,PREPARED FOODS,68.415,1
2017-04-05,1,PREPARED FOODS,106.642,2
2017-04-06,1,PREPARED FOODS,132.634,1
2017-04-07,1,PREPARED FOODS,125.334,1
2017-04-08,1,PREPARED FOODS,113.667,1
2017-04-09,1,PREPARED FOODS,41.453,1
2017-04-10,1,PREPARED FOODS,108.069,0
2017-04-11,1,PREPARED FOODS,74.931,1
2017-04-12,1,PREPARED FOODS,137.66699,2
2017-04-13,1,PREPARED FOODS,195.322,1
2017-04-14,1,PREPARED FOODS,69.876,1
2017-04-15,1,PREPARED FOODS,78.37,1
2017-04-16,1,PREPARED FOODS,37.267,0
2017-04-17,1,PREPARED FOODS,53.420998,1
2017-04-18,1,PREPARED FOODS,68.159,1
2017-04-19,1,PREPARED FOODS,67.643,0
2017-04-20,1,PREPARED FOODS,83.921,1
2017-04-21,1,PREPARED FOODS,115.132,0
2017-04-22,1,PREPARED FOODS,45.666,0
2017-04-23,1,PREPARED FOODS,36.350998,0
2017-04-24,1,PREPARED FOODS,73.957,0
2017-04-25,1,PREPARED FOODS,38.787,0
2017-04-26,1,PREPARED FOODS,77.736,0
2017-04-27,1,PREPARED FOODS,73.472,0
2017-04-28,1,PREPARED FOODS,79.798996,0
2017-04-29,1,PREPARED FOODS,70.039,0
2017-04-30,1,PREPARED FOODS,49.111,0
2017-05-01,1,PREPARED FOODS,26.064,0
2017-05-02,1,PREPARED FOODS,59.669,0
2017-05-03,1,PREPARED FOODS,73.226,0
2017-05-04,1,PREPARED FOODS,83.628,0
2017-05-05,1,PREPARED FOODS,66.548996,0
2017-05-06,1,PREPARED FOODS,67.412,0
2017-05-07,1,PREPARED FOODS,31.193,0
2017-05-08,1,PREPARED FOODS,68.078,0
2017-05-09,1,PREPARED FOODS,51.706,0
2017-05-10,1,PREPARED FOODS,67.149,1
2017-05-11,1,PREPARED FOODS,68.984,1
2017-05-12,1,PREPARED FOODS,88.382,2
2017-05-13,1,PREPARED FOODS,69.867004,1
2017-05-14,1,PREPARED FOODS,23.94,0
2017-05-15,1,PREPARED FOODS,56.745003,1
2017-05-16,1,PREPARED FOODS,58.009003,0
2017-05-17,1,PREPARED FOODS,59.828,1
2017-05-18,1,PREPARED FOODS,74.667,1
2017-05-19,1,PREPARED FOODS,82.19,2
2017-05-20,1,PREPARED FOODS,61.027,1
2017-05-21,1,PREPARED FOODS,34.184,1
2017-05-22,1,PREPARED FOODS,48.78,1
2017-05-23,1,PREPARED FOODS,92.006,2
2017-05-24,1,PREPARED FOODS,75.882,1
2017-05-25,1,PREPARED FOODS,63.007,1
2017-05-26,1,PREPARED FOODS,39.117,1
2017-05-27,1,PREPARED FOODS,47.961,1
2017-05-28,1,PREPARED FOODS,35.033,1
2017-05-29,1,PREPARED FOODS,55.376,1
2017-05-30,1,PREPARED FOODS,70.498,1
2017-05-31,1,PREPARED FOODS,64.511,0
2017-06-01,1,PREPARED FOODS,59.391,0
2017-06-02,1,PREPARED FOODS,60.172,0
2017-06-03,1,PREPARED FOODS,92.504,0
2017-06-04,1,PREPARED FOODS,17.853,0
2017-06-05,1,PREPARED FOODS,71.645004,0
2017-06-06,1,PREPARED FOODS,88.844,0
2017-06-07,1,PREPARED FOODS,60.181,0
2017-06-08,1,PREPARED FOODS,59.468,0
2017-06-09,1,PREPARED FOODS,75.553,0
2017-06-10,1,PREPARED FOODS,77.108,0
2017-06-11,1,PREPARED FOODS,43.086998,0
2017-06-12,1,PREPARED FOODS,68.006,0
2017-06-13,1,PREPARED FOODS,31.505001,0
2017-06-14,1,PREPARED FOODS,55.981003,0
2017-06-15,1,PREPARED FOODS,82.705,0
2017-06-16,1,PREPARED FOODS,71.789,0
2017-06-17,1,PREPARED FOODS,71.177,0
2017-06-18,1,PREPARED FOODS,35.853,0
2017-06-19,1,PREPARED FOODS,77.513,0
2017-06-20,1,PREPARED FOODS,76.582,0
2017-06-21,1,PREPARED FOODS,63.836998,0
2017-06-22,1,PREPARED FOODS,65.75,0
2017-06-23,1,PREPARED FOODS,88.676,0
2017-06-24,1,PREPARED FOODS,78.744,0
2017-06-25,1,PREPARED FOODS,42.516,0
2017-06-26,1,PREPARED FOODS,56.367,0
2017-06-27,1,PREPARED FOODS,56.991,0
2017-06-28,1,PREPARED FOODS,70.147,0
2017-06-29,1,PREPARED FOODS,76.34,0
2017-06-30,1,PREPARED FOODS,77.244,0
2017-07-01,1,PREPARED FOODS,68.781,0
2017-07-02,1,PREPARED FOODS,36.621002,0
2017-07-03,1,PREPARED FOODS,79.124,0
2017-07-04,1,PREPARED FOODS,60.069,0
2017-07-05,1,PREPARED FOODS,64.196,0
2017-07-06,1,PREPARED FOODS,66.326996,0
2017-07-07,1,PREPARED FOODS,88.12,0
2017-07-08,1,PREPARED FOODS,60.972,0
2017-07-09,1,PREPARED FOODS,29.324,0
2017-07-10,1,PREPARED FOODS,52.765,0
2017-07-11,1,PREPARED FOODS,46.222,0
2017-07-12,1,PREPARED FOODS,76.277,0
2017-07-13,1,PREPARED FOODS,79.597,0
2017-07-14,1,PREPARED FOODS,83.645004,0
2017-07-15,1,PREPARED FOODS,74.409,0
2017-07-16,1,PREPARED FOODS,38.567,0
2017-07-17,1,PREPARED FOODS,54.396,0
2017-07-18,1,PREPARED FOODS,57.829002,0
2017-07-19,1,PREPARED FOODS,68.336,0
2017-07-20,1,PREPARED FOODS,64.403,0
2017-07-21,1,PREPARED FOODS,84.048996,0
2017-07-22,1,PREPARED FOODS,72.369,0
2017-07-23,1,PREPARED FOODS,33.466,0
2017-07-24,1,PREPARED FOODS,80.93,0
2017-07-25,1,PREPARED FOODS,52.07,0
2017-07-26,1,PREPARED FOODS,60.576,0
2017-07-27,1,PREPARED FOODS,70.362,0
2017-07-28,1,PREPARED FOODS,100.972,0
2017-07-29,1,PREPARED FOODS,57.392,0
2017-07-30,1,PREPARED FOODS,55.484,0
2017-07-31,1,PREPARED FOODS,64.255,0
2017-01-01,1,PRODUCE,0.0,0
2017-01-02,1,PRODUCE,1319.8829,8
2017-01-03,1,PRODUCE,3558.436,7
2017-01-04,1,PRODUCE,4830.27,216
2017-01-05,1,PRODUCE,2896.172,5
2017-01-06,1,PRODUCE,2782.71,7
2017-01-07,1,PRODUCE,2518.411,8
2017-01-08,1,PRODUCE,1442.536,6
2017-01-09,1,PRODUCE,2796.361,8
2017-01-10,1,PRODUCE,2693.894,8
2017-01-11,1,PRODUCE,3982.73,218
2017-01-12,1,PRODUCE,2291.617,9
2017-01-13,1,PRODUCE,2943.461,11
2017-01-14,1,PRODUCE,2688.454,10
2017-01-15,1,PRODUCE,1479.333,7
2017-01-16,1,PRODUCE,2599.2,10
2017-01-17,1,PRODUCE,2331.77,10
2017-01-18,1,PRODUCE,4314.8857,224
2017-01-19,1,PRODUCE,2257.627,7
2017-01-20,1,PRODUCE,2308.567,9
2017-01-21,1,PRODUCE,2987.164,9
2017-01-22,1,PRODUCE,1391.087,7
2017-01-23,1,PRODUCE,2799.288,9
2017-01-24,1,PRODUCE,2473.641,10
2017-01-25,1,PRODUCE,4282.369,227
2017-01-26,1,PRODUCE,2524.924,4
2017-01-27,1,PRODUCE,2499.153,4
2017-01-28,1,PRODUCE,2643.374,3
2017-01-29,1,PRODUCE,1233.593,2
2017-01-30,1,PRODUCE,2673.275,4
2017-01-31,1,PRODUCE,2271.179,4
2017-02-01,1,PRODUCE,4540.839,223
2017-02-02,1,PRODUCE,2643.706,4
2017-02-03,1,PRODUCE,2597.751,4
2017-02-04,1,PRODUCE,2720.346,4
2017-02-05,1,PRODUCE,1397.257,4
2017-02-06,1,PRODUCE,2595.389,4
2017-02-07,1,PRODUCE,2600.645,4
2017-02-08,1,PRODUCE,4204.733,220
2017-02-09,1,PRODUCE,2416.374,4
2017-02-10,1,PRODUCE,2586.337,4
2017-02-11,1,PRODUCE,2824.263,4
2017-02-12,1,PRODUCE,1458.134,4
2017-02-13,1,PRODUCE,2926.495,5
2017-02-14,1,PRODUCE,2444.466,5
2017-02-15,1,PRODUCE,4168.891,219
2017-02-16,1,PRODUCE,2299.584,4
2017-02-17,1,PRODUCE,2727.437,3
2017-02-18,1,PRODUCE,2956.067,4
2017-02-19,1,PRODUCE,1213.042,3
2017-02-20,1,PRODUCE,2620.15,5
2017-02-21,1,PRODUCE,2138.314,5
2017-02-22,1,PRODUCE,3882.947,216
2017-02-23,1,PRODUCE,2138.086,3
2017-02-24,1,PRODUCE,2294.973,3
2017-02-25,1,PRODUCE,2237.426,3
2017-02-26,1,PRODUCE,754.585,3
2017-02-27,1,PRODUCE,633.76,0
2017-02-28,1,PRODUCE,1454.561,3
2017-03-01,1,PRODUCE,4897.014,216
2017-03-02,1,PRODUCE,2813.022,4
2017-03-03,1,PRODUCE,2499.208,4
2017-03-04,1,PRODUCE,2622.777,5
2017-03-05,1,PRODUCE,1281.167,4
2017-03-06,1,PRODUCE,2482.341,5
2017-03-07,1,PRODUCE,2399.11,5
2017-03-08,1,PRODUCE,3922.882,223
2017-03-09,1,PRODUCE,2356.113,1
2017-03-10,1,PRODUCE,2613.803,1
2017-03-11,1,PRODUCE,2489.928,0
2017-03-12,1,PRODUCE,1361.066,0
2017-03-13,1,PRODUCE,2458.472,1
2017-03-14,1,PRODUCE,2302.603,2
2017-03-15,1,PRODUCE,4318.616,220
2017-03-16,1,PRODUCE,2200.792,2
2017-03-17,1,PRODUCE,3112.91,2
2017-03-18,1,PRODUCE,2438.986,2
2017-03-19,1,PRODUCE,1382.884,2
2017-03-20,1,PRODUCE,2695.472,2
2017-03-21,1,PRODUCE,2196.443,2
2017-03-22,1,PRODUCE,4265.649,215
2017-03-23,1,PRODUCE,2130.416,0
2017-03-24,1,PRODUCE,2647.885,0
2017-03-25,1,PRODUCE,2564.385,0
2017-03-26,1,PRODUCE,1192.8619,0
2017-03-27,1,PRODUCE,2815.876,0
2017-03-28,1,PRODUCE,2009.617,0
2017-03-29,1,PRODUCE,4538.985,218
2017-03-30,1,PRODUCE,2221.972,1
2017-03-31,1,PRODUCE,3183.464,1
2017-04-01,1,PRODUCE,3209.022,1
2017-04-02,1,PRODUCE,1186.1849,1
2017-04-03,1,PRODUCE,2442.746,1
2017-04-04,1,PRODUCE,2445.951,1
2017-04-05,1,PRODUCE,4556.578,223
2017-04-06,1,PRODUCE,2284.208,3
2017-04-07,1,PRODUCE,2765.049,3
2017-04-08,1,PRODUCE,2546.769,1
2017-04-09,1,PRODUCE,1394.992,2
2017-04-10,1,PRODUCE,2471.813,1
2017-04-11,1,PRODUCE,2252.322,3
2017-04-12,1,PRODUCE,4268.642,208
2017-04-13,1,PRODUCE,2170.4,3
2017-04-14,1,PRODUCE,984.604,3
2017-04-15,1,PRODUCE,1743.254,4
2017-04-16,1,PRODUCE,1083.279,6
2017-04-17,1,PRODUCE,2776.914,5
2017-04-18,1,PRODUCE,2371.995,5
2017-04-19,1,PRODUCE,4234.829,208
2017-04-20,1,PRODUCE,2236.143,4
2017-04-21,1,PRODUCE,2736.322,4
2017-04-22,1,PRODUCE,2530.416,2
2017-04-23,1,PRODUCE,1058.882,2
2017-04-24,1,PRODUCE,2569.755,4
2017-04-25,1,PRODUCE,2339.174,3
2017-04-26,1,PRODUCE,4410.372,210
2017-04-27,1,PRODUCE,2221.449,7
2017-04-28,1,PRODUCE,2499.811,7
2017-04-29,1,PRODUCE,2442.761,6
2017-04-30,1,PRODUCE,920.979,6
2017-05-01,1,PRODUCE,1097.818,5
2017-05-02,1,PRODUCE,2834.652,5
2017-05-03,1,PRODUCE,4424.103,211
2017-05-04,1,PRODUCE,2194.038,4
2017-05-05,1,PRODUCE,2631.374,2
2017-05-06,1,PRODUCE,2500.529,2
2017-05-07,1,PRODUCE,1176.723,2
2017-05-08,1,PRODUCE,2804.137,1
2017-05-09,1,PRODUCE,2429.981,2
2017-05-10,1,PRODUCE,4264.674,213
2017-05-11,1,PRODUCE,1921.447,8
2017-05-12,1,PRODUCE,2734.47,8
2017-05-13,1,PRODUCE,2833.187,9
2017-05-14,1,PRODUCE,982.624,7
2017-05-15,1,PRODUCE,2958.964,9
2017-05-16,1,PRODUCE,2279.137,8
2017-05-17,1,PRODUCE,4211.83,204
2017-05-18,1,PRODUCE,2078.948,8
2017-05-19,1,PRODUCE,2787.8489,8
2017-05-20,1,PRODUCE,2292.746,9
2017-05-21,1,PRODUCE,1155.803,9
2017-05-22,1,PRODUCE,2673.0989,9
2017-05-23,1,PRODUCE,2460.27,9
2017-05-24,1,PRODUCE,3943.65,208
2017-05-25,1,PRODUCE,2359.139,7
2017-05-26,1,PRODUCE,1442.304,6
2017-05-27,1,PRODUCE,2041.428,9
2017-05-28,1,PRODUCE,1103.823,6
2017-05-29,1,PRODUCE,2841.144,9
2017-05-30,1,PRODUCE,2095.691,9
2017-05-31,1,PRODUCE,4064.356,197
2017-06-01,1,PRODUCE,2812.603,0
2017-06-02,1,PRODUCE,2571.444,0
2017-06-03,1,PRODUCE,2749.65,0
2017-06-04,1,PRODUCE,1276.597,0
2017-06-05,1,PRODUCE,2717.218,0
2017-06-06,1,PRODUCE,2789.266,0
2017-06-07,1,PRODUCE,4589.948,206
2017-06-08,1,PRODUCE,2106.388,0
2017-06-09,1,PRODUCE,2879.673,1
2017-06-10,1,PRODUCE,2257.845,1
2017-06-11,1,PRODUCE,1422.027,1
2017-06-12,1,PRODUCE,2587.608,1
2017-06-13,1,PRODUCE,2394.398,1
2017-06-14,1,PRODUCE,3818.976,204
2017-06-15,1,PRODUCE,2499.705,1
2017-06-16,1,PRODUCE,2417.877,3
2017-06-17,1,PRODUCE,2845.031,3
2017-06-18,1,PRODUCE,1270.613,3
2017-06-19,1,PRODUCE,2646.523,3
2017-06-20,1,PRODUCE,2414.162,3
2017-06-21,1,PRODUCE,4339.485,213
2017-06-22,1,PRODUCE,2298.442,3
2017-06-23,1,PRODUCE,2550.005,2
2017-06-24,1,PRODUCE,2558.38,1
2017-06-25,1,PRODUCE,1161.008,1
2017-06-26,1,PRODUCE,2238.98,1
2017-06-27,1,PRODUCE,2426.717,1
2017-06-28,1,PRODUCE,4393.774,211
2017-06-29,1,PRODUCE,2310.124,9
2017-06-30,1,PRODUCE,2229.658,10
2017-07-01,1,PRODUCE,2536.962,9
2017-07-02,1,PRODUCE,1265.451,8
2017-07-03,1,PRODUCE,2954.984,11
2017-07-04,1,PRODUCE,2265.395,11
2017-07-05,1,PRODUCE,4092.718,207
2017-07-06,1,PRODUCE,2206.24,12
2017-07-07,1,PRODUCE,2246.033,13
2017-07-08,1,PRODUCE,2536.969,14
2017-07-09,1,PRODUCE,1307.405,11
2017-07-10,1,PRODUCE,2676.177,10
2017-07-11,1,PRODUCE,2072.539,13
2017-07-12,1,PRODUCE,4106.119,217
2017-07-13,1,PRODUCE,2275.642,7
2017-07-14,1,PRODUCE,2408.065,4
2017-07-15,1,PRODUCE,2154.773,5
2017-07-16,1,PRODUCE,1118.207,3
2017-07-17,1,PRODUCE,2581.681,3
2017-07-18,1,PRODUCE,2425.704,3
2017-07-19,1,PRODUCE,3799.933,210
2017-07-20,1,PRODUCE,2182.5989,10
2017-07-21,1,PRODUCE,2615.542,9
2017-07-22,1,PRODUCE,2510.037,10
2017-07-23,1,PRODUCE,1291.622,9
2017-07-24,1,PRODUCE,2589.719,11
2017-07-25,1,PRODUCE,2001.238,10
2017-07-26,1,PRODUCE,3766.491,211
2017-07-27,1,PRODUCE,2313.988,13
2017-07-28,1,PRODUCE,2328.788,13
2017-07-29,1,PRODUCE,2407.446,14
2017-07-30,1,PRODUCE,1178.718,14
2017-07-31,1,PRODUCE,2603.372,13
2017-01-01,1,SCHOOL AND OFFICE SUPPLIES,0.0,0
2017-01-02,1,SCHOOL AND OFFICE SUPPLIES,0.0,0
2017-01-03,1,SCHOOL AND OFFICE SUPPLIES,0.0,0
2017-01-04,1,SCHOOL AND OFFICE SUPPLIES,1.0,0
2017-01-05,1,SCHOOL AND OFFICE SUPPLIES,1.0,0
2017-01-06,1,SCHOOL AND OFFICE SUPPLIES,0.0,0
2017-01-07,1,SCHOOL AND OFFICE SUPPLIES,0.0,0
2017-01-08,1,SCHOOL AND OFFICE SUPPLIES,1.0,0
2017-01-09,1,SCHOOL AND OFFICE SUPPLIES,1.0,0
2017-01-10,1,SCHOOL AND OFFICE SUPPLIES,1.0,0
2017-01-11,1,SCHOOL AND OFFICE SUPPLIES,0.0,0
2017-01-12,1,SCHOOL AND OFFICE SUPPLIES,0.0,0
2017-01-13,1,SCHOOL AND OFFICE SUPPLIES,0.0,0
2017-01-14,1,SCHOOL AND OFFICE SUPPLIES,1.0,0
2017-01-15,1,SCHOOL AND OFFICE SUPPLIES,0.0,0
2017-01-16,1,SCHOOL AND OFFICE SUPPLIES,0.0,0
2017-01-17,1,SCHOOL AND OFFICE SUPPLIES,0.0,0
2017-01-18,1,SCHOOL AND OFFICE SUPPLIES,0.0,0
2017-01-19,1,SCHOOL AND OFFICE SUPPLIES,0.0,0
2017-01-20,1,SCHOOL AND OFFICE SUPPLIES,0.0,0
2017-01-21,1,SCHOOL AND OFFICE SUPPLIES,0.0,0
2017-01-22,1,SCHOOL AND OFFICE SUPPLIES,0.0,0
2017-01-23,1,SCHOOL AND OFFICE SUPPLIES,0.0,0
2017-01-24,1,SCHOOL AND OFFICE SUPPLIES,1.0,0
2017-01-25,1,SCHOOL AND OFFICE SUPPLIES,0.0,0
2017-01-26,1,SCHOOL AND OFFICE SUPPLIES,0.0,0
2017-01-27,1,SCHOOL AND OFFICE SUPPLIES,0.0,0
2017-01-28,1,SCHOOL AND OFFICE SUPPLIES,0.0,0
2017-01-29,1,SCHOOL AND OFFICE SUPPLIES,0.0,0
2017-01-30,1,SCHOOL AND OFFICE SUPPLIES,0.0,0
2017-01-31,1,SCHOOL AND OFFICE SUPPLIES,0.0,0
2017-02-01,1,SCHOOL AND OFFICE SUPPLIES,0.0,0
2017-02-02,1,SCHOOL AND OFFICE SUPPLIES,0.0,0
2017-02-03,1,SCHOOL AND OFFICE SUPPLIES,0.0,0
2017-02-04,1,SCHOOL AND OFFICE SUPPLIES,1.0,0
2017-02-05,1,SCHOOL AND OFFICE SUPPLIES,0.0,0
2017-02-06,1,SCHOOL AND OFFICE SUPPLIES,0.0,0
2017-02-07,1,SCHOOL AND OFFICE SUPPLIES,0.0,0
2017-02-08,1,SCHOOL AND OFFICE SUPPLIES,0.0,0
2017-02-09,1,SCHOOL AND OFFICE SUPPLIES,0.0,0
2017-02-10,1,SCHOOL AND OFFICE SUPPLIES,0.0,0
2017-02-11,1,SCHOOL AND OFFICE SUPPLIES,0.0,0
2017-02-12,1,SCHOOL AND OFFICE SUPPLIES,1.0,0
2017-02-13,1,SCHOOL AND OFFICE SUPPLIES,0.0,0
2017-02-14,1,SCHOOL AND OFFICE SUPPLIES,0.0,0
2017-02-15,1,SCHOOL AND OFFICE SUPPLIES,0.0,0
2017-02-16,1,SCHOOL AND OFFICE SUPPLIES,1.0,0
2017-02-17,1,SCHOOL AND OFFICE SUPPLIES,0.0,0
2017-02-18,1,SCHOOL AND OFFICE SUPPLIES,0.0,0
2017-02-19,1,SCHOOL AND OFFICE SUPPLIES,0.0,0
2017-02-20,1,SCHOOL AND OFFICE SUPPLIES,0.0,0
2017-02-21,1,SCHOOL AND OFFICE SUPPLIES,0.0,0
2017-02-22,1,SCHOOL AND OFFICE SUPPLIES,1.0,0
2017-02-23,1,SCHOOL AND OFFICE SUPPLIES,0.0,0
2017-02-24,1,SCHOOL AND OFFICE SUPPLIES,0.0,0
2017-02-25,1,SCHOOL AND OFFICE SUPPLIES,0.0,0
2017-02-26,1,SCHOOL AND OFFICE SUPPLIES,0.0,0
2017-02-27,1,SCHOOL AND OFFICE SUPPLIES,0.0,0
2017-02-28,1,SCHOOL AND OFFICE SUPPLIES,0.0,0
2017-03-01,1,SCHOOL AND OFFICE SUPPLIES,0.0,0
2017-03-02,1,SCHOOL AND OFFICE SUPPLIES,1.0,0
2017-03-03,1,SCHOOL AND OFFICE SUPPLIES,0.0,0
2017-03-04,1,SCHOOL AND OFFICE SUPPLIES,0.0,0
2017-03-05,1,SCHOOL AND OFFICE SUPPLIES,0.0,0
2017-03-06,1,SCHOOL AND OFFICE SUPPLIES,0.0,0
2017-03-07,1,SCHOOL AND OFFICE SUPPLIES,0.0,0
2017-03-08,1,SCHOOL AND OFFICE SUPPLIES,0.0,0
2017-03-09,1,SCHOOL AND OFFICE SUPPLIES,0.0,0
2017-03-10,1,SCHOOL AND OFFICE SUPPLIES,0.0,0
2017-03-11,1,SCHOOL AND OFFICE SUPPLIES,0.0,0
2017-03-12,1,SCHOOL AND OFFICE SUPPLIES,0.0,0
2017-03-13,1,SCHOOL AND OFFICE SUPPLIES,0.0,0
2017-03-14,1,SCHOOL AND OFFICE SUPPLIES,0.0,0
2017-03-15,1,SCHOOL AND OFFICE SUPPLIES,0.0,0
2017-03-16,1,SCHOOL AND OFFICE SUPPLIES,0.0,0
2017-03-17,1,SCHOOL AND OFFICE SUPPLIES,1.0,0
2017-03-18,1,SCHOOL AND OFFICE SUPPLIES,0.0,0
2017-03-19,1,SCHOOL AND OFFICE SUPPLIES,0.0,0
2017-03-20,1,SCHOOL AND OFFICE SUPPLIES,0.0,0
2017-03-21,1,SCHOOL AND OFFICE SUPPLIES,0.0,0
2017-03-22,1,SCHOOL AND OFFICE SUPPLIES,1.0,0
2017-03-23,1,SCHOOL AND OFFICE SUPPLIES,1.0,0
2017-03-24,1,SCHOOL AND OFFICE SUPPLIES,0.0,0
2017-03-25,1,SCHOOL AND OFFICE SUPPLIES,0.0,0
2017-03-26,1,SCHOOL AND OFFICE SUPPLIES,1.0,0
2017-03-27,1,SCHOOL AND OFFICE SUPPLIES,0.0,0
2017-03-28,1,SCHOOL AND OFFICE SUPPLIES,2.0,0
2017-03-29,1,SCHOOL AND OFFICE SUPPLIES,0.0,0
2017-03-30,1,SCHOOL AND OFFICE SUPPLIES,1.0,0
2017-03-31,1,SCHOOL AND OFFICE SUPPLIES,0.0,0
2017-04-01,1,SCHOOL AND OFFICE SUPPLIES,0.0,0
2017-04-02,1,SCHOOL AND OFFICE SUPPLIES,0.0,0
2017-04-03,1,SCHOOL AND OFFICE SUPPLIES,2.0,0
2017-04-04,1,SCHOOL AND OFFICE SUPPLIES,3.0,0
2017-04-05,1,SCHOOL AND OFFICE SUPPLIES,0.0,0
2017-04-06,1,SCHOOL AND OFFICE SUPPLIES,1.0,0
2017-04-07,1,SCHOOL AND OFFICE SUPPLIES,0.0,0
2017-04-08,1,SCHOOL AND OFFICE SUPPLIES,2.0,0
2017-04-09,1,SCHOOL AND OFFICE SUPPLIES,0.0,0
2017-04-10,1,SCHOOL AND OFFICE SUPPLIES,0.0,0
2017-04-11,1,SCHOOL AND OFFICE SUPPLIES,0.0,0
2017-04-12,1,SCHOOL AND OFFICE SUPPLIES,1.0,0
2017-04-13,1,SCHOOL AND OFFICE SUPPLIES,1.0,0
2017-04-14,1,SCHOOL AND OFFICE SUPPLIES,0.0,0
2017-04-15,1,SCHOOL AND OFFICE SUPPLIES,1.0,0
2017-04-16,1,SCHOOL AND OFFICE SUPPLIES,0.0,0
2017-04-17,1,SCHOOL AND OFFICE SUPPLIES,0.0,0
2017-04-18,1,SCHOOL AND OFFICE SUPPLIES,1.0,0
2017-04-19,1,SCHOOL AND OFFICE SUPPLIES,2.0,0
2017-04-20,1,SCHOOL AND OFFICE SUPPLIES,0.0,0
2017-04-21,1,SCHOOL AND OFFICE SUPPLIES,0.0,0
2017-04-22,1,SCHOOL AND OFFICE SUPPLIES,0.0,0
2017-04-23,1,SCHOOL AND OFFICE SUPPLIES,1.0,0
2017-04-24,1,SCHOOL AND OFFICE SUPPLIES,1.0,0
2017-04-25,1,SCHOOL AND OFFICE SUPPLIES,1.0,0
2017-04-26,1,SCHOOL AND OFFICE SUPPLIES,0.0,0
2017-04-27,1,SCHOOL AND OFFICE SUPPLIES,0.0,0
2017-04-28,1,SCHOOL AND OFFICE SUPPLIES,3.0,0
2017-04-29,1,SCHOOL AND OFFICE SUPPLIES,0.0,0
2017-04-30,1,SCHOOL AND OFFICE SUPPLIES,0.0,0
2017-05-01,1,SCHOOL AND OFFICE SUPPLIES,0.0,0
2017-05-02,1,SCHOOL AND OFFICE SUPPLIES,1.0,0
2017-05-03,1,SCHOOL AND OFFICE SUPPLIES,2.0,0
2017-05-04,1,SCHOOL AND OFFICE SUPPLIES,0.0,0
2017-05-05,1,SCHOOL AND OFFICE SUPPLIES,0.0,0
2017-05-06,1,SCHOOL AND OFFICE SUPPLIES,0.0,0
2017-05-07,1,SCHOOL AND OFFICE SUPPLIES,0.0,0
2017-05-08,1,SCHOOL AND OFFICE SUPPLIES,0.0,0
2017-05-09,1,SCHOOL AND OFFICE SUPPLIES,0.0,0
2017-05-10,1,SCHOOL AND OFFICE SUPPLIES,0.0,0
2017-05-11,1,SCHOOL AND OFFICE SUPPLIES,2.0,0
2017-05-12,1,SCHOOL AND OFFICE SUPPLIES,0.0,0
2017-05-13,1,SCHOOL AND OFFICE SUPPLIES,0.0,0
2017-05-14,1,SCHOOL AND OFFICE SUPPLIES,0.0,0
2017-05-15,1,SCHOOL AND OFFICE SUPPLIES,0.0,0
2017-05-16,1,SCHOOL AND OFFICE SUPPLIES,0.0,0
2017-05-17,1,SCHOOL AND OFFICE SUPPLIES,1.0,0
2017-05-18,1,SCHOOL AND OFFICE SUPPLIES,0.0,0
2017-05-19,1,SCHOOL AND OFFICE SUPPLIES,0.0,0
2017-05-20,1,SCHOOL AND OFFICE SUPPLIES,0.0,0
2017-05-21,1,SCHOOL AND OFFICE SUPPLIES,0.0,0
2017-05-22,1,SCHOOL AND OFFICE SUPPLIES,0.0,0
2017-05-23,1,SCHOOL AND OFFICE SUPPLIES,0.0,0
2017-05-24,1,SCHOOL AND OFFICE SUPPLIES,1.0,0
2017-05-25,1,SCHOOL AND OFFICE SUPPLIES,0.0,0
2017-05-26,1,SCHOOL AND OFFICE SUPPLIES,0.0,0
2017-05-27,1,SCHOOL AND OFFICE SUPPLIES,0.0,0
2017-05-28,1,SCHOOL AND OFFICE SUPPLIES,0.0,0
2017-05-29,1,SCHOOL AND OFFICE SUPPLIES,0.0,0
2017-05-30,1,SCHOOL AND OFFICE SUPPLIES,0.0,0
2017-05-31,1,SCHOOL AND OFFICE SUPPLIES,0.0,0
2017-06-01,1,SCHOOL AND OFFICE SUPPLIES,0.0,0
2017-06-02,1,SCHOOL AND OFFICE SUPPLIES,0.0,0
2017-06-03,1,SCHOOL AND OFFICE SUPPLIES,0.0,0
2017-06-04,1,SCHOOL AND OFFICE SUPPLIES,0.0,0
2017-06-05,1,SCHOOL AND OFFICE SUPPLIES,0.0,0
2017-06-06,1,SCHOOL AND OFFICE SUPPLIES,0.0,0
2017-06-07,1,SCHOOL AND OFFICE SUPPLIES,0.0,0
2017-06-08,1,SCHOOL AND OFFICE SUPPLIES,0.0,0
2017-06-09,1,SCHOOL AND OFFICE SUPPLIES,0.0,0
2017-06-10,1,SCHOOL AND OFFICE SUPPLIES,0.0,0
2017-06-11,1,SCHOOL AND OFFICE SUPPLIES,0.0,0
2017-06-12,1,SCHOOL AND OFFICE SUPPLIES,0.0,0
2017-06-13,1,SCHOOL AND OFFICE SUPPLIES,0.0,0
2017-06-14,1,SCHOOL AND OFFICE SUPPLIES,0.0,0
2017-06-15,1,SCHOOL AND OFFICE SUPPLIES,0.0,0
2017-06-16,1,SCHOOL AND OFFICE SUPPLIES,0.0,0
2017-06-17,1,SCHOOL AND OFFICE SUPPLIES,0.0,0
2017-06-18,1,SCHOOL AND OFFICE SUPPLIES,0.0,0
2017-06-19,1,SCHOOL AND OFFICE SUPPLIES,0.0,0
2017-06-20,1,SCHOOL AND OFFICE SUPPLIES,0.0,0
2017-06-21,1,SCHOOL AND OFFICE SUPPLIES,0.0,0
2017-06-22,1,SCHOOL AND OFFICE SUPPLIES,0.0,0
2017-06-23,1,SCHOOL AND OFFICE SUPPLIES,0.0,0
2017-06-24,1,SCHOOL AND OFFICE SUPPLIES,0.0,0
2017-06-25,1,SCHOOL AND OFFICE SUPPLIES,0.0,0
2017-06-26,1,SCHOOL AND OFFICE SUPPLIES,0.0,0
2017-06-27,1,SCHOOL AND OFFICE SUPPLIES,0.0,0
2017-06-28,1,SCHOOL AND OFFICE SUPPLIES,0.0,0
2017-06-29,1,SCHOOL AND OFFICE SUPPLIES,0.0,0
2017-06-30,1,SCHOOL AND OFFICE SUPPLIES,0.0,0
2017-07-01,1,SCHOOL AND OFFICE SUPPLIES,0.0,0
2017-07-02,1,SCHOOL AND OFFICE SUPPLIES,0.0,0
2017-07-03,1,SCHOOL AND OFFICE SUPPLIES,0.0,0
2017-07-04,1,SCHOOL AND OFFICE SUPPLIES,0.0,0
2017-07-05,1,SCHOOL AND OFFICE SUPPLIES,0.0,0
2017-07-06,1,SCHOOL AND OFFICE SUPPLIES,0.0,0
2017-07-07,1,SCHOOL AND OFFICE SUPPLIES,0.0,0
2017-07-08,1,SCHOOL AND OFFICE SUPPLIES,0.0,0
2017-07-09,1,SCHOOL AND OFFICE SUPPLIES,0.0,0
2017-07-10,1,SCHOOL AND OFFICE SUPPLIES,0.0,0
2017-07-11,1,SCHOOL AND OFFICE SUPPLIES,0.0,0
2017-07-12,1,SCHOOL AND OFFICE SUPPLIES,0.0,0
2017-07-13,1,SCHOOL AND OFFICE SUPPLIES,0.0,0
2017-07-14,1,SCHOOL AND OFFICE SUPPLIES,0.0,0
2017-07-15,1,SCHOOL AND OFFICE SUPPLIES,0.0,0
2017-07-16,1,SCHOOL AND OFFICE SUPPLIES,0.0,0
2017-07-17,1,SCHOOL AND OFFICE SUPPLIES,0.0,0
2017-07-18,1,SCHOOL AND OFFICE SUPPLIES,0.0,0
2017-07-19,1,SCHOOL AND OFFICE SUPPLIES,0.0,0
2017-07-20,1,SCHOOL AND OFFICE SUPPLIES,0.0,0
2017-07-21,1,SCHOOL AND OFFICE SUPPLIES,0.0,0
2017-07-22,1,SCHOOL AND OFFICE SUPPLIES,0.0,0
2017-07-23,1,SCHOOL AND OFFICE SUPPLIES,0.0,0
2017-07-24,1,SCHOOL AND OFFICE SUPPLIES,0.0,0
2017-07-25,1,SCHOOL AND OFFICE SUPPLIES,0.0,0
2017-07-26,1,SCHOOL AND OFFICE SUPPLIES,0.0,0
2017-07-27,1,SCHOOL AND OFFICE SUPPLIES,0.0,0
2017-07-28,1,SCHOOL AND OFFICE SUPPLIES,0.0,0
2017-07-29,1,SCHOOL AND OFFICE SUPPLIES,0.0,0
2017-07-30,1,SCHOOL AND OFFICE SUPPLIES,0.0,0
2017-07-31,1,SCHOOL AND OFFICE SUPPLIES,0.0,0
2017-01-01,1,SEAFOOD,0.0,0
2017-01-02,1,SEAFOOD,12.728,0
2017-01-03,1,SEAFOOD,30.082,0
2017-01-04,1,SEAFOOD,39.352,1
2017-01-05,1,SEAFOOD,25.228,1
2017-01-06,1,SEAFOOD,53.516,7
2017-01-07,1,SEAFOOD,28.926,1
2017-01-08,1,SEAFOOD,18.886,1
2017-01-09,1,SEAFOOD,21.331,0
2017-01-10,1,SEAFOOD,27.286,0
2017-01-11,1,SEAFOOD,18.963,0
2017-01-12,1,SEAFOOD,18.498,0
2017-01-13,1,SEAFOOD,50.286,6
2017-01-14,1,SEAFOOD,29.448,1
2017-01-15,1,SEAFOOD,25.709,1
2017-01-16,1,SEAFOOD,24.364,1
2017-01-17,1,SEAFOOD,23.685,1
2017-01-18,1,SEAFOOD,26.945,1
2017-01-19,1,SEAFOOD,24.641,1
2017-01-20,1,SEAFOOD,26.973,6
2017-01-21,1,SEAFOOD,39.34,1
2017-01-22,1,SEAFOOD,16.549,0
2017-01-23,1,SEAFOOD,12.756,0
2017-01-24,1,SEAFOOD,17.691,1
2017-01-25,1,SEAFOOD,21.958,1
2017-01-26,1,SEAFOOD,35.122,1
2017-01-27,1,SEAFOOD,40.822,7
2017-01-28,1,SEAFOOD,28.67,1
2017-01-29,1,SEAFOOD,12.271,0
2017-01-30,1,SEAFOOD,15.851,0
2017-01-31,1,SEAFOOD,17.671,1
2017-02-01,1,SEAFOOD,31.098999,1
2017-02-02,1,SEAFOOD,23.109,1
2017-02-03,1,SEAFOOD,62.092,7
2017-02-04,1,SEAFOOD,35.109,1
2017-02-05,1,SEAFOOD,13.16,0
2017-02-06,1,SEAFOOD,18.201,1
2017-02-07,1,SEAFOOD,37.947,1
2017-02-08,1,SEAFOOD,33.384,1
2017-02-09,1,SEAFOOD,20.24,1
2017-02-10,1,SEAFOOD,32.547,5
2017-02-11,1,SEAFOOD,35.597,1
2017-02-12,1,SEAFOOD,19.435,0
2017-02-13,1,SEAFOOD,28.091,1
2017-02-14,1,SEAFOOD,29.826,1
2017-02-15,1,SEAFOOD,33.062,0
2017-02-16,1,SEAFOOD,23.361,2
2017-02-17,1,SEAFOOD,43.53,7
2017-02-18,1,SEAFOOD,38.641,1
2017-02-19,1,SEAFOOD,12.1189995,0
2017-02-20,1,SEAFOOD,15.724,1
2017-02-21,1,SEAFOOD,21.775,0
2017-02-22,1,SEAFOOD,27.252,1
2017-02-23,1,SEAFOOD,19.188,0
2017-02-24,1,SEAFOOD,34.159,6
2017-02-25,1,SEAFOOD,33.493,0
2017-02-26,1,SEAFOOD,10.172,0
2017-02-27,1,SEAFOOD,6.396,0
2017-02-28,1,SEAFOOD,13.768,0
2017-03-01,1,SEAFOOD,43.295,0
2017-03-02,1,SEAFOOD,28.554,0
2017-03-03,1,SEAFOOD,48.479,6
2017-03-04,1,SEAFOOD,34.016,0
2017-03-05,1,SEAFOOD,14.918,0
2017-03-06,1,SEAFOOD,19.717,0
2017-03-07,1,SEAFOOD,32.021,0
2017-03-08,1,SEAFOOD,32.725,0
2017-03-09,1,SEAFOOD,32.707,0
2017-03-10,1,SEAFOOD,51.195,7
2017-03-11,1,SEAFOOD,36.293,0
2017-03-12,1,SEAFOOD,11.128,0
2017-03-13,1,SEAFOOD,23.141,0
2017-03-14,1,SEAFOOD,35.866,1
2017-03-15,1,SEAFOOD,32.482,1
2017-03-16,1,SEAFOOD,32.395,0
2017-03-17,1,SEAFOOD,81.338,6
2017-03-18,1,SEAFOOD,27.122,0
2017-03-19,1,SEAFOOD,14.622,0
2017-03-20,1,SEAFOOD,30.924,1
2017-03-21,1,SEAFOOD,27.486,1
2017-03-22,1,SEAFOOD,43.231,0
2017-03-23,1,SEAFOOD,21.258,0
2017-03-24,1,SEAFOOD,66.161,7
2017-03-25,1,SEAFOOD,37.283,1
2017-03-26,1,SEAFOOD,16.902,0
2017-03-27,1,SEAFOOD,33.669,1
2017-03-28,1,SEAFOOD,21.657,1
2017-03-29,1,SEAFOOD,34.074,0
2017-03-30,1,SEAFOOD,29.3,0
2017-03-31,1,SEAFOOD,52.199,7
2017-04-01,1,SEAFOOD,48.369,0
2017-04-02,1,SEAFOOD,12.073,0
2017-04-03,1,SEAFOOD,22.888,0
2017-04-04,1,SEAFOOD,34.373,0
2017-04-05,1,SEAFOOD,39.153,0
2017-04-06,1,SEAFOOD,19.717001,0
2017-04-07,1,SEAFOOD,85.444,7
2017-04-08,1,SEAFOOD,31.465,0
2017-04-09,1,SEAFOOD,13.269,0
2017-04-10,1,SEAFOOD,23.494,0
2017-04-11,1,SEAFOOD,16.0,0
2017-04-12,1,SEAFOOD,66.326004,0
2017-04-13,1,SEAFOOD,30.758999,0
2017-04-14,1,SEAFOOD,16.723,5
2017-04-15,1,SEAFOOD,21.207,0
2017-04-16,1,SEAFOOD,16.191,0
2017-04-17,1,SEAFOOD,21.583,0
2017-04-18,1,SEAFOOD,20.934,0
2017-04-19,1,SEAFOOD,18.434,0
2017-04-20,1,SEAFOOD,24.589,0
2017-04-21,1,SEAFOOD,41.827,7
2017-04-22,1,SEAFOOD,28.167,0
2017-04-23,1,SEAFOOD,8.357,0
2017-04-24,1,SEAFOOD,27.497,0
2017-04-25,1,SEAFOOD,16.678,0
2017-04-26,1,SEAFOOD,32.012,0
2017-04-27,1,SEAFOOD,14.396,0
2017-04-28,1,SEAFOOD,43.402,7
2017-04-29,1,SEAFOOD,26.573,0
2017-04-30,1,SEAFOOD,11.926,0
2017-05-01,1,SEAFOOD,16.694,0
2017-05-02,1,SEAFOOD,40.838,0
2017-05-03,1,SEAFOOD,43.438,0
2017-05-04,1,SEAFOOD,36.435,0
2017-05-05,1,SEAFOOD,40.361,7
2017-05-06,1,SEAFOOD,42.478,0
2017-05-07,1,SEAFOOD,7.853,0
2017-05-08,1,SEAFOOD,37.041,0
2017-05-09,1,SEAFOOD,32.089,0
2017-05-10,1,SEAFOOD,25.739,0
2017-05-11,1,SEAFOOD,35.929,1
2017-05-12,1,SEAFOOD,33.637,7
2017-05-13,1,SEAFOOD,32.873,1
2017-05-14,1,SEAFOOD,12.989,1
2017-05-15,1,SEAFOOD,37.686,1
2017-05-16,1,SEAFOOD,33.223,1
2017-05-17,1,SEAFOOD,23.303,1
2017-05-18,1,SEAFOOD,23.923,1
2017-05-19,1,SEAFOOD,50.816,7
2017-05-20,1,SEAFOOD,28.15,1
2017-05-21,1,SEAFOOD,9.536,1
2017-05-22,1,SEAFOOD,20.807,1
2017-05-23,1,SEAFOOD,31.115,1
2017-05-24,1,SEAFOOD,35.523,1
2017-05-25,1,SEAFOOD,18.622,1
2017-05-26,1,SEAFOOD,27.476,6
2017-05-27,1,SEAFOOD,15.827,1
2017-05-28,1,SEAFOOD,15.35,1
2017-05-29,1,SEAFOOD,15.484,1
2017-05-30,1,SEAFOOD,24.452,1
2017-05-31,1,SEAFOOD,27.977,1
2017-06-01,1,SEAFOOD,17.656,0
2017-06-02,1,SEAFOOD,33.675,6
2017-06-03,1,SEAFOOD,21.622,0
2017-06-04,1,SEAFOOD,6.138,0
2017-06-05,1,SEAFOOD,27.948,0
2017-06-06,1,SEAFOOD,20.85,0
2017-06-07,1,SEAFOOD,32.731,0
2017-06-08,1,SEAFOOD,23.365,0
2017-06-09,1,SEAFOOD,68.21,7
2017-06-10,1,SEAFOOD,18.975,0
2017-06-11,1,SEAFOOD,14.752,0
2017-06-12,1,SEAFOOD,23.563,0
2017-06-13,1,SEAFOOD,21.864,0
2017-06-14,1,SEAFOOD,24.826,0
2017-06-15,1,SEAFOOD,21.546,0
2017-06-16,1,SEAFOOD,50.231,7
2017-06-17,1,SEAFOOD,24.749,0
2017-06-18,1,SEAFOOD,13.039,0
2017-06-19,1,SEAFOOD,14.224,0
2017-06-20,1,SEAFOOD,32.975,0
2017-06-21,1,SEAFOOD,36.058,0
2017-06-22,1,SEAFOOD,31.95,0
2017-06-23,1,SEAFOOD,36.331,6
2017-06-24,1,SEAFOOD,31.667,0
2017-06-25,1,SEAFOOD,8.889,0
2017-06-26,1,SEAFOOD,17.846,0
2017-06-27,1,SEAFOOD,26.128,0
2017-06-28,1,SEAFOOD,36.663,0
2017-06-29,1,SEAFOOD,11.834,0
2017-06-30,1,SEAFOOD,32.621998,7
2017-07-01,1,SEAFOOD,37.762,0
2017-07-02,1,SEAFOOD,15.291,0
2017-07-03,1,SEAFOOD,24.831001,0
2017-07-04,1,SEAFOOD,9.174,0
2017-07-05,1,SEAFOOD,38.997,0
2017-07-06,1,SEAFOOD,20.674,0
2017-07-07,1,SEAFOOD,51.047,7
2017-07-08,1,SEAFOOD,27.2,0
2017-07-09,1,SEAFOOD,20.111,0
2017-07-10,1,SEAFOOD,16.466,0
2017-07-11,1,SEAFOOD,20.037,0
2017-07-12,1,SEAFOOD,30.874,0
2017-07-13,1,SEAFOOD,31.216,0
2017-07-14,1,SEAFOOD,28.565,7
2017-07-15,1,SEAFOOD,14.98,0
2017-07-16,1,SEAFOOD,12.314,0
2017-07-17,1,SEAFOOD,32.649002,0
2017-07-18,1,SEAFOOD,23.29,0
2017-07-19,1,SEAFOOD,26.513,0
2017-07-20,1,SEAFOOD,13.543,0
2017-07-21,1,SEAFOOD,37.97,6
2017-07-22,1,SEAFOOD,40.197,0
2017-07-23,1,SEAFOOD,13.663,0
2017-07-24,1,SEAFOOD,33.989,0
2017-07-25,1,SEAFOOD,20.752,0
2017-07-26,1,SEAFOOD,20.793,0
2017-07-27,1,SEAFOOD,17.661,0
2017-07-28,1,SEAFOOD,31.619,5
2017-07-29,1,SEAFOOD,24.553,0
2017-07-30,1,SEAFOOD,7.8719997,0
2017-07-31,1,SEAFOOD,25.119,0
2017-01-01,3,AUTOMOTIVE,0.0,0
2017-01-02,3,AUTOMOTIVE,9.0,0
2017-01-03,3,AUTOMOTIVE,5.0,0
2017-01-04,3,AUTOMOTIVE,19.0,0
2017-01-05,3,AUTOMOTIVE,13.0,0
2017-01-06,3,AUTOMOTIVE,12.0,0
2017-01-07,3,AUTOMOTIVE,17.0,0
2017-01-08,3,AUTOMOTIVE,18.0,0
2017-01-09,3,AUTOMOTIVE,15.0,0
2017-01-10,3,AUTOMOTIVE,8.0,0
2017-01-11,3,AUTOMOTIVE,5.0,0
2017-01-12,3,AUTOMOTIVE,4.0,0
2017-01-13,3,AUTOMOTIVE,15.0,0
2017-01-14,3,AUTOMOTIVE,14.0,0
2017-01-15,3,AUTOMOTIVE,23.0,0
2017-01-16,3,AUTOMOTIVE,1.0,0
2017-01-17,3,AUTOMOTIVE,7.0,0
2017-01-18,3,AUTOMOTIVE,17.0,0
2017-01-19,3,AUTOMOTIVE,2.0,0
2017-01-20,3,AUTOMOTIVE,7.0,0
2017-01-21,3,AUTOMOTIVE,18.0,0
2017-01-22,3,AUTOMOTIVE,22.0,0
2017-01-23,3,AUTOMOTIVE,12.0,0
2017-01-24,3,AUTOMOTIVE,3.0,0
2017-01-25,3,AUTOMOTIVE,10.0,0
2017-01-26,3,AUTOMOTIVE,11.0,0
2017-01-27,3,AUTOMOTIVE,19.0,0
2017-01-28,3,AUTOMOTIVE,18.0,0
2017-01-29,3,AUTOMOTIVE,8.0,0
2017-01-30,3,AUTOMOTIVE,15.0,0
2017-01-31,3,AUTOMOTIVE,4.0,0
2017-02-01,3,AUTOMOTIVE,6.0,0
2017-02-02,3,AUTOMOTIVE,7.0,0
2017-02-03,3,AUTOMOTIVE,12.0,0
2017-02-04,3,AUTOMOTIVE,23.0,0
2017-02-05,3,AUTOMOTIVE,15.0,0
2017-02-06,3,AUTOMOTIVE,11.0,0
2017-02-07,3,AUTOMOTIVE,6.0,0
2017-02-08,3,AUTOMOTIVE,16.0,0
2017-02-09,3,AUTOMOTIVE,6.0,0
2017-02-10,3,AUTOMOTIVE,12.0,0
2017-02-11,3,AUTOMOTIVE,13.0,0
2017-02-12,3,AUTOMOTIVE,10.0,0
2017-02-13,3,AUTOMOTIVE,15.0,0
2017-02-14,3,AUTOMOTIVE,5.0,0
2017-02-15,3,AUTOMOTIVE,7.0,0
2017-02-16,3,AUTOMOTIVE,5.0,0
2017-02-17,3,AUTOMOTIVE,4.0,0
2017-02-18,3,AUTOMOTIVE,22.0,0
2017-02-19,3,AUTOMOTIVE,11.0,0
2017-02-20,3,AUTOMOTIVE,4.0,0
2017-02-21,3,AUTOMOTIVE,9.0,0
2017-02-22,3,AUTOMOTIVE,12.0,0
2017-02-23,3,AUTOMOTIVE,10.0,0
2017-02-24,3,AUTOMOTIVE,19.0,0
2017-02-25,3,AUTOMOTIVE,10.0,0
2017-02-26,3,AUTOMOTIVE,20.0,0
2017-02-27,3,AUTOMOTIVE,4.0,0
2017-02-28,3,AUTOMOTIVE,11.0,0
2017-03-01,3,AUTOMOTIVE,7.0,0
2017-03-02,3,AUTOMOTIVE,7.0,0
2017-03-03,3,AUTOMOTIVE,16.0,0
2017-03-04,3,AUTOMOTIVE,22.0,0
2017-03-05,3,AUTOMOTIVE,11.0,0
2017-03-06,3,AUTOMOTIVE,2.0,0
2017-03-07,3,AUTOMOTIVE,7.0,0
2017-03-08,3,AUTOMOTIVE,15.0,0
2017-03-09,3,AUTOMOTIVE,13.0,0
2017-03-10,3,AUTOMOTIVE,3.0,0
2017-03-11,3,AUTOMOTIVE,24.0,0
2017-03-12,3,AUTOMOTIVE,8.0,0
2017-03-13,3,AUTOMOTIVE,7.0,0
2017-03-14,3,AUTOMOTIVE,4.0,0
2017-03-15,3,AUTOMOTIVE,13.0,0
2017-03-16,3,AUTOMOTIVE,8.0,0
2017-03-17,3,AUTOMOTIVE,12.0,0
2017-03-18,3,AUTOMOTIVE,14.0,0
2017-03-19,3,AUTOMOTIVE,26.0,0
2017-03-20,3,AUTOMOTIVE,6.0,0
2017-03-21,3,AUTOMOTIVE,7.0,0
2017-03-22,3,AUTOMOTIVE,6.0,0
2017-03-23,3,AUTOMOTIVE,8.0,0
2017-03-24,3,AUTOMOTIVE,11.0,0
2017-03-25,3,AUTOMOTIVE,13.0,0
2017-03-26,3,AUTOMOTIVE,16.0,0
2017-03-27,3,AUTOMOTIVE,11.0,0
2017-03-28,3,AUTOMOTIVE,12.0,0
2017-03-29,3,AUTOMOTIVE,8.0,0
2017-03-30,3,AUTOMOTIVE,6.0,0
2017-03-31,3,AUTOMOTIVE,7.0,0
2017-04-01,3,AUTOMOTIVE,26.0,0
2017-04-02,3,AUTOMOTIVE,13.0,0
2017-04-03,3,AUTOMOTIVE,9.0,0
2017-04-04,3,AUTOMOTIVE,10.0,0
2017-04-05,3,AUTOMOTIVE,10.0,0
2017-04-06,3,AUTOMOTIVE,6.0,0
2017-04-07,3,AUTOMOTIVE,9.0,0
2017-04-08,3,AUTOMOTIVE,14.0,0
2017-04-09,3,AUTOMOTIVE,14.0,0
2017-04-10,3,AUTOMOTIVE,14.0,0
2017-04-11,3,AUTOMOTIVE,4.0,0
2017-04-12,3,AUTOMOTIVE,15.0,0
2017-04-13,3,AUTOMOTIVE,10.0,0
2017-04-14,3,AUTOMOTIVE,10.0,0
2017-04-15,3,AUTOMOTIVE,8.0,0
2017-04-16,3,AUTOMOTIVE,15.0,0
2017-04-17,3,AUTOMOTIVE,10.0,0
2017-04-18,3,AUTOMOTIVE,5.0,0
2017-04-19,3,AUTOMOTIVE,6.0,0
2017-04-20,3,AUTOMOTIVE,11.0,0
2017-04-21,3,AUTOMOTIVE,10.0,0
2017-04-22,3,AUTOMOTIVE,14.0,0
2017-04-23,3,AUTOMOTIVE,26.0,0
2017-04-24,3,AUTOMOTIVE,8.0,0
2017-04-25,3,AUTOMOTIVE,5.0,0
2017-04-26,3,AUTOMOTIVE,11.0,0
2017-04-27,3,AUTOMOTIVE,7.0,0
2017-04-28,3,AUTOMOTIVE,9.0,0
2017-04-29,3,AUTOMOTIVE,17.0,0
2017-04-30,3,AUTOMOTIVE,13.0,0
2017-05-01,3,AUTOMOTIVE,13.0,0
2017-05-02,3,AUTOMOTIVE,9.0,0
2017-05-03,3,AUTOMOTIVE,11.0,0
2017-05-04,3,AUTOMOTIVE,9.0,0
2017-05-05,3,AUTOMOTIVE,13.0,0
2017-05-06,3,AUTOMOTIVE,10.0,0
2017-05-07,3,AUTOMOTIVE,15.0,0
2017-05-08,3,AUTOMOTIVE,7.0,0
2017-05-09,3,AUTOMOTIVE,10.0,0
2017-05-10,3,AUTOMOTIVE,9.0,0
2017-05-11,3,AUTOMOTIVE,11.0,0
2017-05-12,3,AUTOMOTIVE,11.0,0
2017-05-13,3,AUTOMOTIVE,7.0,0
2017-05-14,3,AUTOMOTIVE,6.0,0
2017-05-15,3,AUTOMOTIVE,5.0,0
2017-05-16,3,AUTOMOTIVE,6.0,0
2017-05-17,3,AUTOMOTIVE,10.0,0
2017-05-18,3,AUTOMOTIVE,13.0,0
2017-05-19,3,AUTOMOTIVE,7.0,0
2017-05-20,3,AUTOMOTIVE,14.0,0
2017-05-21,3,AUTOMOTIVE,17.0,0
2017-05-22,3,AUTOMOTIVE,5.0,0
2017-05-23,3,AUTOMOTIVE,2.0,0
2017-05-24,3,AUTOMOTIVE,11.0,0
2017-05-25,3,AUTOMOTIVE,8.0,1
2017-05-26,3,AUTOMOTIVE,13.0,0
2017-05-27,3,AUTOMOTIVE,12.0,0
2017-05-28,3,AUTOMOTIVE,13.0,0
2017-05-29,3,AUTOMOTIVE,3.0,0
2017-05-30,3,AUTOMOTIVE,8.0,0
2017-05-31,3,AUTOMOTIVE,8.0,0
2017-06-01,3,AUTOMOTIVE,9.0,0
2017-06-02,3,AUTOMOTIVE,14.0,0
2017-06-03,3,AUTOMOTIVE,23.0,0
2017-06-04,3,AUTOMOTIVE,19.0,0
2017-06-05,3,AUTOMOTIVE,8.0,0
2017-06-06,3,AUTOMOTIVE,11.0,0
2017-06-07,3,AUTOMOTIVE,8.0,0
2017-06-08,3,AUTOMOTIVE,9.0,0
2017-06-09,3,AUTOMOTIVE,4.0,0
2017-06-10,3,AUTOMOTIVE,20.0,0
2017-06-11,3,AUTOMOTIVE,14.0,0
2017-06-12,3,AUTOMOTIVE,8.0,0
2017-06-13,3,AUTOMOTIVE,9.0,0
2017-06-14,3,AUTOMOTIVE,11.0,0
2017-06-15,3,AUTOMOTIVE,3.0,0
2017-06-16,3,AUTOMOTIVE,7.0,0
2017-06-17,3,AUTOMOTIVE,17.0,0
2017-06-18,3,AUTOMOTIVE,11.0,0
2017-06-19,3,AUTOMOTIVE,16.0,0
2017-06-20,3,AUTOMOTIVE,12.0,0
2017-06-21,3,AUTOMOTIVE,18.0,0
2017-06-22,3,AUTOMOTIVE,8.0,0
2017-06-23,3,AUTOMOTIVE,1.0,0
2017-06-24,3,AUTOMOTIVE,17.0,0
2017-06-25,3,AUTOMOTIVE,21.0,0
2017-06-26,3,AUTOMOTIVE,4.0,0
2017-06-27,3,AUTOMOTIVE,8.0,0
2017-06-28,3,AUTOMOTIVE,11.0,0
2017-06-29,3,AUTOMOTIVE,8.0,0
2017-06-30,3,AUTOMOTIVE,9.0,0
2017-07-01,3,AUTOMOTIVE,8.0,0
2017-07-02,3,AUTOMOTIVE,20.0,0
2017-07-03,3,AUTOMOTIVE,13.0,0
2017-07-04,3,AUTOMOTIVE,6.0,0
2017-07-05,3,AUTOMOTIVE,8.0,0
2017-07-06,3,AUTOMOTIVE,5.0,0
2017-07-07,3,AUTOMOTIVE,8.0,0
2017-07-08,3,AUTOMOTIVE,19.0,0
2017-07-09,3,AUTOMOTIVE,17.0,0
2017-07-10,3,AUTOMOTIVE,10.0,0
2017-07-11,3,AUTOMOTIVE,3.0,0
2017-07-12,3,AUTOMOTIVE,11.0,0
2017-07-13,3,AUTOMOTIVE,6.0,0
2017-07-14,3,AUTOMOTIVE,8.0,0
2017-07-15,3,AUTOMOTIVE,21.0,0
2017-07-16,3,AUTOMOTIVE,16.0,0
2017-07-17,3,AUTOMOTIVE,8.0,0
2017-07-18,3,AUTOMOTIVE,16.0,0
2017-07-19,3,AUTOMOTIVE,9.0,0
2017-07-20,3,AUTOMOTIVE,8.0,0
2017-07-21,3,AUTOMOTIVE,14.0,0
2017-07-22,3,AUTOMOTIVE,17.0,0
2017-07-23,3,AUTOMOTIVE,19.0,0
2017-07-24,3,AUTOMOTIVE,10.0,0
2017-07-25,3,AUTOMOTIVE,10.0,0
2017-07-26,3,AUTOMOTIVE,11.0,0
2017-07-27,3,AUTOMOTIVE,12.0,0
2017-07-28,3,AUTOMOTIVE,12.0,0
2017-07-29,3,AUTOMOTIVE,19.0,0
2017-07-30,3,AUTOMOTIVE,13.0,0
2017-07-31,3,AUTOMOTIVE,8.0,0
2017-01-01,3,BABY CARE,0.0,0
2017-01-02,3,BABY CARE,0.0,0
2017-01-03,3,BABY CARE,2.0,0
2017-01-04,3,BABY CARE,3.0,0
2017-01-05,3,BABY CARE,3.0,0
2017-01-06,3,BABY CARE,3.0,0
2017-01-07,3,BABY CARE,5.0,0
2017-01-08,3,BABY CARE,2.0,0
2017-01-09,3,BABY CARE,5.0,0
2017-01-10,3,BABY CARE,0.0,0
2017-01-11,3,BABY CARE,0.0,0
2017-01-12,3,BABY CARE,2.0,0
2017-01-13,3,BABY CARE,3.0,1
2017-01-14,3,BABY CARE,2.0,0
2017-01-15,3,BABY CARE,2.0,0
2017-01-16,3,BABY CARE,0.0,0
2017-01-17,3,BABY CARE,3.0,0
2017-01-18,3,BABY CARE,1.0,0
2017-01-19,3,BABY CARE,1.0,0
2017-01-20,3,BABY CARE,0.0,0
2017-01-21,3,BABY CARE,6.0,0
2017-01-22,3,BABY CARE,1.0,0
2017-01-23,3,BABY CARE,4.0,0
2017-01-24,3,BABY CARE,1.0,0
2017-01-25,3,BABY CARE,1.0,0
2017-01-26,3,BABY CARE,1.0,0
2017-01-27,3,BABY CARE,1.0,0
2017-01-28,3,BABY CARE,0.0,0
2017-01-29,3,BABY CARE,1.0,0
2017-01-30,3,BABY CARE,1.0,0
2017-01-31,3,BABY CARE,1.0,0
2017-02-01,3,BABY CARE,1.0,0
2017-02-02,3,BABY CARE,1.0,0
2017-02-03,3,BABY CARE,0.0,0
2017-02-04,3,BABY CARE,2.0,0
2017-02-05,3,BABY CARE,3.0,0
2017-02-06,3,BABY CARE,1.0,0
2017-02-07,3,BABY CARE,1.0,0
2017-02-08,3,BABY CARE,2.0,0
2017-02-09,3,BABY CARE,0.0,0
2017-02-10,3,BABY CARE,1.0,0
2017-02-11,3,BABY CARE,2.0,0
2017-02-12,3,BABY CARE,3.0,0
2017-02-13,3,BABY CARE,1.0,0
2017-02-14,3,BABY CARE,0.0,0
2017-02-15,3,BABY CARE,1.0,0
2017-02-16,3,BABY CARE,4.0,0
2017-02-17,3,BABY CARE,0.0,0
2017-02-18,3,BABY CARE,1.0,0
2017-02-19,3,BABY CARE,2.0,0
2017-02-20,3,BABY CARE,3.0,0
2017-02-21,3,BABY CARE,4.0,0
2017-02-22,3,BABY CARE,5.0,0
2017-02-23,3,BABY CARE,1.0,0
2017-02-24,3,BABY CARE,1.0,0
2017-02-25,3,BABY CARE,4.0,0
2017-02-26,3,BABY CARE,1.0,0
2017-02-27,3,BABY CARE,2.0,0
2017-02-28,3,BABY CARE,6.0,0
2017-03-01,3,BABY CARE,4.0,0
2017-03-02,3,BABY CARE,2.0,0
2017-03-03,3,BABY CARE,0.0,0
2017-03-04,3,BABY CARE,3.0,0
2017-03-05,3,BABY CARE,4.0,0
2017-03-06,3,BABY CARE,4.0,0
2017-03-07,3,BABY CARE,0.0,0
2017-03-08,3,BABY CARE,1.0,0
2017-03-09,3,BABY CARE,4.0,0
2017-03-10,3,BABY CARE,2.0,0
2017-03-11,3,BABY CARE,1.0,0
2017-03-12,3,BABY CARE,3.0,0
2017-03-13,3,BABY CARE,1.0,0
2017-03-14,3,BABY CARE,1.0,0
2017-03-15,3,BABY CARE,3.0,0
2017-03-16,3,BABY CARE,2.0,0
2017-03-17,3,BABY CARE,3.0,0
2017-03-18,3,BABY CARE,1.0,0
2017-03-19,3,BABY CARE,3.0,0
2017-03-20,3,BABY CARE,1.0,0
2017-03-21,3,BABY CARE,1.0,0
2017-03-22,3,BABY CARE,2.0,0
2017-03-23,3,BABY CARE,1.0,0
2017-03-24,3,BABY CARE,1.0,0
2017-03-25,3,BABY CARE,1.0,0
2017-03-26,3,BABY CARE,1.0,0
2017-03-27,3,BABY CARE,1.0,0
2017-03-28,3,BABY CARE,1.0,0
2017-03-29,3,BABY CARE,1.0,0
2017-03-30,3,BABY CARE,0.0,0
2017-03-31,3,BABY CARE,2.0,0
2017-04-01,3,BABY CARE,5.0,0
2017-04-02,3,BABY CARE,2.0,0
2017-04-03,3,BABY CARE,2.0,0
2017-04-04,3,BABY CARE,1.0,0
2017-04-05,3,BABY CARE,3.0,0
2017-04-06,3,BABY CARE,2.0,0
2017-04-07,3,BABY CARE,3.0,0
2017-04-08,3,BABY CARE,3.0,0
2017-04-09,3,BABY CARE,2.0,0
2017-04-10,3,BABY CARE,1.0,0
2017-04-11,3,BABY CARE,0.0,0
2017-04-12,3,BABY CARE,0.0,0
2017-04-13,3,BABY CARE,1.0,0
2017-04-14,3,BABY CARE,1.0,0
2017-04-15,3,BABY CARE,2.0,0
2017-04-16,3,BABY CARE,2.0,0
2017-04-17,3,BABY CARE,2.0,0
2017-04-18,3,BABY CARE,0.0,0
2017-04-19,3,BABY CARE,1.0,0
2017-04-20,3,BABY CARE,1.0,0
2017-04-21,3,BABY CARE,1.0,0
2017-04-22,3,BABY CARE,1.0,0
2017-04-23,3,BABY CARE,3.0,0
2017-04-24,3,BABY CARE,2.0,0
2017-04-25,3,BABY CARE,3.0,0
2017-04-26,3,BABY CARE,5.0,0
2017-04-27,3,BABY CARE,1.0,0
2017-04-28,3,BABY CARE,2.0,0
2017-04-29,3,BABY CARE,0.0,0
2017-04-30,3,BABY CARE,2.0,0
2017-05-01,3,BABY CARE,3.0,0
2017-05-02,3,BABY CARE,1.0,0
2017-05-03,3,BABY CARE,1.0,0
2017-05-04,3,BABY CARE,0.0,0
2017-05-05,3,BABY CARE,0.0,0
2017-05-06,3,BABY CARE,1.0,0
2017-05-07,3,BABY CARE,4.0,0
2017-05-08,3,BABY CARE,4.0,0
2017-05-09,3,BABY CARE,2.0,0
2017-05-10,3,BABY CARE,1.0,0
2017-05-11,3,BABY CARE,0.0,0
2017-05-12,3,BABY CARE,1.0,0
2017-05-13,3,BABY CARE,0.0,0
2017-05-14,3,BABY CARE,2.0,0
2017-05-15,3,BABY CARE,1.0,0
2017-05-16,3,BABY CARE,2.0,0
2017-05-17,3,BABY CARE,2.0,0
2017-05-18,3,BABY CARE,1.0,0
2017-05-19,3,BABY CARE,1.0,0
2017-05-20,3,BABY CARE,2.0,0
2017-05-21,3,BABY CARE,5.0,0
2017-05-22,3,BABY CARE,0.0,0
2017-05-23,3,BABY CARE,1.0,0
2017-05-24,3,BABY CARE,2.0,0
2017-05-25,3,BABY CARE,0.0,0
2017-05-26,3,BABY CARE,3.0,0
2017-05-27,3,BABY CARE,2.0,0
2017-05-28,3,BABY CARE,4.0,0
2017-05-29,3,BABY CARE,1.0,0
2017-05-30,3,BABY CARE,1.0,0
2017-05-31,3,BABY CARE,1.0,0
2017-06-01,3,BABY CARE,1.0,0
2017-06-02,3,BABY CARE,5.0,0
2017-06-03,3,BABY CARE,1.0,0
2017-06-04,3,BABY CARE,2.0,0
2017-06-05,3,BABY CARE,0.0,0
2017-06-06,3,BABY CARE,0.0,0
2017-06-07,3,BABY CARE,0.0,0
2017-06-08,3,BABY CARE,0.0,0
2017-06-09,3,BABY CARE,4.0,0
2017-06-10,3,BABY CARE,2.0,0
2017-06-11,3,BABY CARE,4.0,0
2017-06-12,3,BABY CARE,3.0,0
2017-06-13,3,BABY CARE,2.0,0
2017-06-14,3,BABY CARE,0.0,0
2017-06-15,3,BABY CARE,3.0,0
2017-06-16,3,BABY CARE,3.0,0
2017-06-17,3,BABY CARE,0.0,0
2017-06-18,3,BABY CARE,5.0,0
2017-06-19,3,BABY CARE,0.0,0
2017-06-20,3,BABY CARE,1.0,0
2017-06-21,3,BABY CARE,3.0,0
2017-06-22,3,BABY CARE,3.0,0
2017-06-23,3,BABY CARE,4.0,0
2017-06-24,3,BABY CARE,0.0,0
2017-06-25,3,BABY CARE,0.0,0
2017-06-26,3,BABY CARE,3.0,0
2017-06-27,3,BABY CARE,2.0,0
2017-06-28,3,BABY CARE,1.0,0
2017-06-29,3,BABY CARE,0.0,0
2017-06-30,3,BABY CARE,4.0,0
2017-07-01,3,BABY CARE,3.0,0
2017-07-02,3,BABY CARE,6.0,0
2017-07-03,3,BABY CARE,0.0,0
2017-07-04,3,BABY CARE,2.0,0
2017-07-05,3,BABY CARE,1.0,0
2017-07-06,3,BABY CARE,4.0,0
2017-07-07,3,BABY CARE,2.0,0
2017-07-08,3,BABY CARE,6.0,0
2017-07-09,3,BABY CARE,0.0,0
2017-07-10,3,BABY CARE,0.0,0
2017-07-11,3,BABY CARE,1.0,0
2017-07-12,3,BABY CARE,0.0,0
2017-07-13,3,BABY CARE,0.0,0
2017-07-14,3,BABY CARE,3.0,0
2017-07-15,3,BABY CARE,0.0,0
2017-07-16,3,BABY CARE,0.0,0
2017-07-17,3,BABY CARE,1.0,0
2017-07-18,3,BABY CARE,2.0,0
2017-07-19,3,BABY CARE,1.0,0
2017-07-20,3,BABY CARE,1.0,0
2017-07-21,3,BABY CARE,0.0,0
2017-07-22,3,BABY CARE,3.0,0
2017-07-23,3,BABY CARE,3.0,0
2017-07-24,3,BABY CARE,0.0,0
2017-07-25,3,BABY CARE,0.0,0
2017-07-26,3,BABY CARE,3.0,0
2017-07-27,3,BABY CARE,3.0,0
2017-07-28,3,BABY CARE,0.0,0
2017-07-29,3,BABY CARE,0.0,0
2017-07-30,3,BABY CARE,2.0,0
2017-07-31,3,BABY CARE,1.0,0
2017-01-01,3,BEAUTY,0.0,0
2017-01-02,3,BEAUTY,27.0,0
2017-01-03,3,BEAUTY,21.0,1
2017-01-04,3,BEAUTY,27.0,1
2017-01-05,3,BEAUTY,19.0,2
2017-01-06,3,BEAUTY,19.0,2
2017-01-07,3,BEAUTY,19.0,2
2017-01-08,3,BEAUTY,20.0,1
2017-01-09,3,BEAUTY,21.0,1
2017-01-10,3,BEAUTY,17.0,1
2017-01-11,3,BEAUTY,21.0,1
2017-01-12,3,BEAUTY,9.0,1
2017-01-13,3,BEAUTY,12.0,1
2017-01-14,3,BEAUTY,14.0,0
2017-01-15,3,BEAUTY,19.0,1
2017-01-16,3,BEAUTY,14.0,1
2017-01-17,3,BEAUTY,11.0,2
2017-01-18,3,BEAUTY,9.0,1
2017-01-19,3,BEAUTY,4.0,2
2017-01-20,3,BEAUTY,7.0,1
2017-01-21,3,BEAUTY,20.0,2
2017-01-22,3,BEAUTY,19.0,1
2017-01-23,3,BEAUTY,12.0,1
2017-01-24,3,BEAUTY,6.0,2
2017-01-25,3,BEAUTY,5.0,1
2017-01-26,3,BEAUTY,7.0,0
2017-01-27,3,BEAUTY,15.0,1
2017-01-28,3,BEAUTY,22.0,1
2017-01-29,3,BEAUTY,24.0,1
2017-01-30,3,BEAUTY,11.0,1
2017-01-31,3,BEAUTY,9.0,1
2017-02-01,3,BEAUTY,17.0,1
2017-02-02,3,BEAUTY,10.0,1
2017-02-03,3,BEAUTY,26.0,1
2017-02-04,3,BEAUTY,22.0,1
2017-02-05,3,BEAUTY,25.0,1
2017-02-06,3,BEAUTY,14.0,1
2017-02-07,3,BEAUTY,11.0,1
2017-02-08,3,BEAUTY,12.0,2
2017-02-09,3,BEAUTY,7.0,2
2017-02-10,3,BEAUTY,13.0,2
2017-02-11,3,BEAUTY,14.0,2
2017-02-12,3,BEAUTY,20.0,2
2017-02-13,3,BEAUTY,9.0,2
2017-02-14,3,BEAUTY,2.0,0
2017-02-15,3,BEAUTY,15.0,1
2017-02-16,3,BEAUTY,13.0,1
2017-02-17,3,BEAUTY,14.0,1
2017-02-18,3,BEAUTY,22.0,1
2017-02-19,3,BEAUTY,25.0,1
2017-02-20,3,BEAUTY,17.0,1
2017-02-21,3,BEAUTY,11.0,1
2017-02-22,3,BEAUTY,16.0,1
2017-02-23,3,BEAUTY,13.0,1
2017-02-24,3,BEAUTY,14.0,1
2017-02-25,3,BEAUTY,17.0,2
2017-02-26,3,BEAUTY,13.0,2
2017-02-27,3,BEAUTY,5.0,1
2017-02-28,3,BEAUTY,11.0,1
2017-03-01,3,BEAUTY,6.0,2
2017-03-02,3,BEAUTY,9.0,1
2017-03-03,3,BEAUTY,7.0,0
2017-03-04,3,BEAUTY,23.0,1
2017-03-05,3,BEAUTY,26.0,2
2017-03-06,3,BEAUTY,17.0,1
2017-03-07,3,BEAUTY,14.0,2
2017-03-08,3,BEAUTY,10.0,2
2017-03-09,3,BEAUTY,6.0,1
2017-03-10,3,BEAUTY,6.0,1
2017-03-11,3,BEAUTY,10.0,1
2017-03-12,3,BEAUTY,19.0,1
2017-03-13,3,BEAUTY,12.0,1
2017-03-14,3,BEAUTY,15.0,0
2017-03-15,3,BEAUTY,5.0,0
2017-03-16,3,BEAUTY,9.0,1
2017-03-17,3,BEAUTY,23.0,1
2017-03-18,3,BEAUTY,14.0,1
2017-03-19,3,BEAUTY,12.0,1
2017-03-20,3,BEAUTY,8.0,0
2017-03-21,3,BEAUTY,4.0,0
2017-03-22,3,BEAUTY,7.0,1
2017-03-23,3,BEAUTY,2.0,0
2017-03-24,3,BEAUTY,2.0,1
2017-03-25,3,BEAUTY,16.0,0
2017-03-26,3,BEAUTY,17.0,0
2017-03-27,3,BEAUTY,5.0,0
2017-03-28,3,BEAUTY,6.0,0
2017-03-29,3,BEAUTY,8.0,1
2017-03-30,3,BEAUTY,4.0,0
2017-03-31,3,BEAUTY,8.0,0
2017-04-01,3,BEAUTY,24.0,1
2017-04-02,3,BEAUTY,15.0,1
2017-04-03,3,BEAUTY,6.0,0
2017-04-04,3,BEAUTY,5.0,1
2017-04-05,3,BEAUTY,10.0,1
2017-04-06,3,BEAUTY,9.0,1
2017-04-07,3,BEAUTY,13.0,1
2017-04-08,3,BEAUTY,13.0,0
2017-04-09,3,BEAUTY,18.0,0
2017-04-10,3,BEAUTY,7.0,0
2017-04-11,3,BEAUTY,7.0,0
2017-04-12,3,BEAUTY,28.0,0
2017-04-13,3,BEAUTY,11.0,0
2017-04-14,3,BEAUTY,14.0,0
2017-04-15,3,BEAUTY,11.0,0
2017-04-16,3,BEAUTY,20.0,0
2017-04-17,3,BEAUTY,8.0,0
2017-04-18,3,BEAUTY,11.0,0
2017-04-19,3,BEAUTY,5.0,0
2017-04-20,3,BEAUTY,5.0,0
2017-04-21,3,BEAUTY,15.0,0
2017-04-22,3,BEAUTY,26.0,0
2017-04-23,3,BEAUTY,22.0,0
2017-04-24,3,BEAUTY,5.0,0
2017-04-25,3,BEAUTY,5.0,0
2017-04-26,3,BEAUTY,6.0,0
2017-04-27,3,BEAUTY,3.0,0
2017-04-28,3,BEAUTY,11.0,0
2017-04-29,3,BEAUTY,11.0,0
2017-04-30,3,BEAUTY,15.0,0
2017-05-01,3,BEAUTY,15.0,0
2017-05-02,3,BEAUTY,14.0,0
2017-05-03,3,BEAUTY,7.0,1
2017-05-04,3,BEAUTY,9.0,1
2017-05-05,3,BEAUTY,13.0,1
2017-05-06,3,BEAUTY,11.0,0
2017-05-07,3,BEAUTY,30.0,1
2017-05-08,3,BEAUTY,17.0,1
2017-05-09,3,BEAUTY,10.0,1
2017-05-10,3,BEAUTY,11.0,1
2017-05-11,3,BEAUTY,7.0,1
2017-05-12,3,BEAUTY,12.0,1
2017-05-13,3,BEAUTY,21.0,1
2017-05-14,3,BEAUTY,15.0,1
2017-05-15,3,BEAUTY,12.0,1
2017-05-16,3,BEAUTY,15.0,1
2017-05-17,3,BEAUTY,15.0,1
2017-05-18,3,BEAUTY,19.0,1
2017-05-19,3,BEAUTY,12.0,1
2017-05-20,3,BEAUTY,16.0,1
2017-05-21,3,BEAUTY,93.0,1
2017-05-22,3,BEAUTY,12.0,1
2017-05-23,3,BEAUTY,8.0,1
2017-05-24,3,BEAUTY,9.0,1
2017-05-25,3,BEAUTY,6.0,1
2017-05-26,3,BEAUTY,10.0,1
2017-05-27,3,BEAUTY,2.0,0
2017-05-28,3,BEAUTY,15.0,0
2017-05-29,3,BEAUTY,3.0,0
2017-05-30,3,BEAUTY,9.0,1
2017-05-31,3,BEAUTY,15.0,1
2017-06-01,3,BEAUTY,14.0,0
2017-06-02,3,BEAUTY,12.0,1
2017-06-03,3,BEAUTY,12.0,1
2017-06-04,3,BEAUTY,25.0,1
2017-06-05,3,BEAUTY,15.0,0
2017-06-06,3,BEAUTY,13.0,1
2017-06-07,3,BEAUTY,13.0,1
2017-06-08,3,BEAUTY,8.0,0
2017-06-09,3,BEAUTY,20.0,1
2017-06-10,3,BEAUTY,14.0,0
2017-06-11,3,BEAUTY,19.0,1
2017-06-12,3,BEAUTY,9.0,0
2017-06-13,3,BEAUTY,8.0,0
2017-06-14,3,BEAUTY,9.0,2
2017-06-15,3,BEAUTY,12.0,1
2017-06-16,3,BEAUTY,14.0,1
2017-06-17,3,BEAUTY,23.0,2
2017-06-18,3,BEAUTY,17.0,2
2017-06-19,3,BEAUTY,20.0,2
2017-06-20,3,BEAUTY,10.0,2
2017-06-21,3,BEAUTY,9.0,1
2017-06-22,3,BEAUTY,9.0,1
2017-06-23,3,BEAUTY,10.0,1
2017-06-24,3,BEAUTY,19.0,1
2017-06-25,3,BEAUTY,27.0,1
2017-06-26,3,BEAUTY,11.0,1
2017-06-27,3,BEAUTY,16.0,1
2017-06-28,3,BEAUTY,12.0,1
2017-06-29,3,BEAUTY,7.0,1
2017-06-30,3,BEAUTY,7.0,1
2017-07-01,3,BEAUTY,18.0,1
2017-07-02,3,BEAUTY,28.0,1
2017-07-03,3,BEAUTY,18.0,1
2017-07-04,3,BEAUTY,6.0,1
2017-07-05,3,BEAUTY,9.0,1
2017-07-06,3,BEAUTY,12.0,0
2017-07-07,3,BEAUTY,9.0,0
2017-07-08,3,BEAUTY,17.0,0
2017-07-09,3,BEAUTY,23.0,0
2017-07-10,3,BEAUTY,18.0,1
2017-07-11,3,BEAUTY,11.0,1
2017-07-12,3,BEAUTY,11.0,0
2017-07-13,3,BEAUTY,7.0,1
2017-07-14,3,BEAUTY,14.0,1
2017-07-15,3,BEAUTY,11.0,1
2017-07-16,3,BEAUTY,25.0,1
2017-07-17,3,BEAUTY,11.0,1
2017-07-18,3,BEAUTY,9.0,1
2017-07-19,3,BEAUTY,5.0,1
2017-07-20,3,BEAUTY,9.0,1
2017-07-21,3,BEAUTY,10.0,1
2017-07-22,3,BEAUTY,9.0,1
2017-07-23,3,BEAUTY,19.0,1
2017-07-24,3,BEAUTY,16.0,1
2017-07-25,3,BEAUTY,16.0,1
2017-07-26,3,BEAUTY,17.0,1
2017-07-27,3,BEAUTY,6.0,0
2017-07-28,3,BEAUTY,8.0,0
2017-07-29,3,BEAUTY,21.0,0
2017-07-30,3,BEAUTY,20.0,0
2017-07-31,3,BEAUTY,14.0,0
2017-01-01,3,BEVERAGES,0.0,0
2017-01-02,3,BEVERAGES,17332.0,45
2017-01-03,3,BEVERAGES,12066.0,47
2017-01-04,3,BEVERAGES,10656.0,69
2017-01-05,3,BEVERAGES,8295.0,35
2017-01-06,3,BEVERAGES,10115.0,39
2017-01-07,3,BEVERAGES,13374.0,43
2017-01-08,3,BEVERAGES,15008.0,34
2017-01-09,3,BEVERAGES,8870.0,38
2017-01-10,3,BEVERAGES,7722.0,44
2017-01-11,3,BEVERAGES,8467.0,37
2017-01-12,3,BEVERAGES,6577.0,40
2017-01-13,3,BEVERAGES,8983.0,46
2017-01-14,3,BEVERAGES,12895.0,46
2017-01-15,3,BEVERAGES,15871.0,45
2017-01-16,3,BEVERAGES,10169.0,45
2017-01-17,3,BEVERAGES,7972.0,41
2017-01-18,3,BEVERAGES,8323.0,49
2017-01-19,3,BEVERAGES,7785.0,49
2017-01-20,3,BEVERAGES,8834.0,42
2017-01-21,3,BEVERAGES,13687.0,43
2017-01-22,3,BEVERAGES,16878.0,45
2017-01-23,3,BEVERAGES,9380.0,44
2017-01-24,3,BEVERAGES,7947.0,43
2017-01-25,3,BEVERAGES,8348.0,48
2017-01-26,3,BEVERAGES,6575.0,34
2017-01-27,3,BEVERAGES,8777.0,35
2017-01-28,3,BEVERAGES,11946.0,35
2017-01-29,3,BEVERAGES,12138.0,35
2017-01-30,3,BEVERAGES,7515.0,34
2017-01-31,3,BEVERAGES,7468.0,32
2017-02-01,3,BEVERAGES,9560.0,29
2017-02-02,3,BEVERAGES,6337.0,28
2017-02-03,3,BEVERAGES,9133.0,27
2017-02-04,3,BEVERAGES,12068.0,24
2017-02-05,3,BEVERAGES,13896.0,25
2017-02-06,3,BEVERAGES,8228.0,28
2017-02-07,3,BEVERAGES,7212.0,30
2017-02-08,3,BEVERAGES,8702.0,37
2017-02-09,3,BEVERAGES,7421.0,12
2017-02-10,3,BEVERAGES,11030.0,14
2017-02-11,3,BEVERAGES,12350.0,13
2017-02-12,3,BEVERAGES,12118.0,11
2017-02-13,3,BEVERAGES,8244.0,12
2017-02-14,3,BEVERAGES,6380.0,14
2017-02-15,3,BEVERAGES,7876.0,17
2017-02-16,3,BEVERAGES,6679.0,13
2017-02-17,3,BEVERAGES,8527.0,17
2017-02-18,3,BEVERAGES,14459.0,17
2017-02-19,3,BEVERAGES,12047.0,15
2017-02-20,3,BEVERAGES,8470.0,12
2017-02-21,3,BEVERAGES,8863.0,13
2017-02-22,3,BEVERAGES,7387.0,15
2017-02-23,3,BEVERAGES,7030.0,16
2017-02-24,3,BEVERAGES,8860.0,12
2017-02-25,3,BEVERAGES,10422.0,17
2017-02-26,3,BEVERAGES,7701.0,20
2017-02-27,3,BEVERAGES,7249.0,17
2017-02-28,3,BEVERAGES,11896.0,16
2017-03-01,3,BEVERAGES,10107.0,21
2017-03-02,3,BEVERAGES,8061.0,17
2017-03-03,3,BEVERAGES,9739.0,17
2017-03-04,3,BEVERAGES,13117.0,18
2017-03-05,3,BEVERAGES,14720.0,16
2017-03-06,3,BEVERAGES,8686.0,12
2017-03-07,3,BEVERAGES,7817.0,11
2017-03-08,3,BEVERAGES,7639.0,12
2017-03-09,3,BEVERAGES,7077.0,35
2017-03-10,3,BEVERAGES,9106.0,39
2017-03-11,3,BEVERAGES,12916.0,34
2017-03-12,3,BEVERAGES,15434.0,39
2017-03-13,3,BEVERAGES,8801.0,32
2017-03-14,3,BEVERAGES,6906.0,32
2017-03-15,3,BEVERAGES,8965.0,35
2017-03-16,3,BEVERAGES,8058.0,33
2017-03-17,3,BEVERAGES,9129.0,30
2017-03-18,3,BEVERAGES,13671.0,30
2017-03-19,3,BEVERAGES,16973.0,30
2017-03-20,3,BEVERAGES,9174.0,27
2017-03-21,3,BEVERAGES,9282.0,28
2017-03-22,3,BEVERAGES,8941.0,27
2017-03-23,3,BEVERAGES,7545.0,27
2017-03-24,3,BEVERAGES,7978.0,29
2017-03-25,3,BEVERAGES,12758.0,27
2017-03-26,3,BEVERAGES,15434.0,26
2017-03-27,3,BEVERAGES,8851.0,22
2017-03-28,3,BEVERAGES,8200.0,27
2017-03-29,3,BEVERAGES,9051.0,32
2017-03-30,3,BEVERAGES,7162.0,8
2017-03-31,3,BEVERAGES,9839.0,10
2017-04-01,3,BEVERAGES,18210.0,9
2017-04-02,3,BEVERAGES,13586.0,10
2017-04-03,3,BEVERAGES,9498.0,9
2017-04-04,3,BEVERAGES,8506.0,8
2017-04-05,3,BEVERAGES,9234.0,8
2017-04-06,3,BEVERAGES,7753.0,10
2017-04-07,3,BEVERAGES,8882.0,7
2017-04-08,3,BEVERAGES,11776.0,12
2017-04-09,3,BEVERAGES,13723.0,8
2017-04-10,3,BEVERAGES,7981.0,10
2017-04-11,3,BEVERAGES,7819.0,10
2017-04-12,3,BEVERAGES,7991.0,28
2017-04-13,3,BEVERAGES,8869.0,26
2017-04-14,3,BEVERAGES,8242.0,29
2017-04-15,3,BEVERAGES,10511.0,32
2017-04-16,3,BEVERAGES,12047.0,27
2017-04-17,3,BEVERAGES,9303.0,27
2017-04-18,3,BEVERAGES,7570.0,28
2017-04-19,3,BEVERAGES,8051.0,30
2017-04-20,3,BEVERAGES,6414.0,28
2017-04-21,3,BEVERAGES,8961.0,43
2017-04-22,3,BEVERAGES,12507.0,46
2017-04-23,3,BEVERAGES,15402.0,42
2017-04-24,3,BEVERAGES,8244.0,40
2017-04-25,3,BEVERAGES,7841.0,41
2017-04-26,3,BEVERAGES,7319.0,40
2017-04-27,3,BEVERAGES,6172.0,41
2017-04-28,3,BEVERAGES,8600.0,41
2017-04-29,3,BEVERAGES,10622.0,43
2017-04-30,3,BEVERAGES,10930.0,38
2017-05-01,3,BEVERAGES,14907.0,34
2017-05-02,3,BEVERAGES,9581.0,35
2017-05-03,3,BEVERAGES,9136.0,35
2017-05-04,3,BEVERAGES,7353.0,26
2017-05-05,3,BEVERAGES,8258.0,27
2017-05-06,3,BEVERAGES,12023.0,25
2017-05-07,3,BEVERAGES,14579.0,25
2017-05-08,3,BEVERAGES,8381.0,20
2017-05-09,3,BEVERAGES,6903.0,22
2017-05-10,3,BEVERAGES,7079.0,48
2017-05-11,3,BEVERAGES,6692.0,33
2017-05-12,3,BEVERAGES,8032.0,33
2017-05-13,3,BEVERAGES,12230.0,33
2017-05-14,3,BEVERAGES,9619.0,34
2017-05-15,3,BEVERAGES,8093.0,33
2017-05-16,3,BEVERAGES,7796.0,29
2017-05-17,3,BEVERAGES,8539.0,34
2017-05-18,3,BEVERAGES,6645.0,32
2017-05-19,3,BEVERAGES,7736.0,33
2017-05-20,3,BEVERAGES,11744.0,31
2017-05-21,3,BEVERAGES,14482.0,32
2017-05-22,3,BEVERAGES,8413.0,28
2017-05-23,3,BEVERAGES,6251.0,27
2017-05-24,3,BEVERAGES,7541.0,29
2017-05-25,3,BEVERAGES,7508.0,32
2017-05-26,3,BEVERAGES,10878.0,36
2017-05-27,3,BEVERAGES,9738.0,35
2017-05-28,3,BEVERAGES,11719.0,34
2017-05-29,3,BEVERAGES,7858.0,34
2017-05-30,3,BEVERAGES,8251.0,32
2017-05-31,3,BEVERAGES,8376.0,32
2017-06-01,3,BEVERAGES,7680.0,16
2017-06-02,3,BEVERAGES,10324.0,27
2017-06-03,3,BEVERAGES,14053.0,26
2017-06-04,3,BEVERAGES,19154.0,25
2017-06-05,3,BEVERAGES,10695.0,28
2017-06-06,3,BEVERAGES,8807.0,25
2017-06-07,3,BEVERAGES,9058.0,27
2017-06-08,3,BEVERAGES,6486.0,27
2017-06-09,3,BEVERAGES,8594.0,27
2017-06-10,3,BEVERAGES,12144.0,29
2017-06-11,3,BEVERAGES,14208.0,27
2017-06-12,3,BEVERAGES,8052.0,25
2017-06-13,3,BEVERAGES,7943.0,27
2017-06-14,3,BEVERAGES,8521.0,24
2017-06-15,3,BEVERAGES,7152.0,24
2017-06-16,3,BEVERAGES,9736.0,24
2017-06-17,3,BEVERAGES,13711.0,25
2017-06-18,3,BEVERAGES,10927.0,24
2017-06-19,3,BEVERAGES,8622.0,24
2017-06-20,3,BEVERAGES,7520.0,24
2017-06-21,3,BEVERAGES,8094.0,38
2017-06-22,3,BEVERAGES,6536.0,28
2017-06-23,3,BEVERAGES,8161.0,28
2017-06-24,3,BEVERAGES,11276.0,30
2017-06-25,3,BEVERAGES,12328.0,31
2017-06-26,3,BEVERAGES,7982.0,31
2017-06-27,3,BEVERAGES,6690.0,30
2017-06-28,3,BEVERAGES,6516.0,32
2017-06-29,3,BEVERAGES,7157.0,32
2017-06-30,3,BEVERAGES,7964.0,28
2017-07-01,3,BEVERAGES,12699.0,29
2017-07-02,3,BEVERAGES,13781.0,31
2017-07-03,3,BEVERAGES,9018.0,30
2017-07-04,3,BEVERAGES,7682.0,29
2017-07-05,3,BEVERAGES,8367.0,44
2017-07-06,3,BEVERAGES,6853.0,44
2017-07-07,3,BEVERAGES,8368.0,44
2017-07-08,3,BEVERAGES,11001.0,45
2017-07-09,3,BEVERAGES,12024.0,43
2017-07-10,3,BEVERAGES,8245.0,41
2017-07-11,3,BEVERAGES,7534.0,41
2017-07-12,3,BEVERAGES,7492.0,50
2017-07-13,3,BEVERAGES,6372.0,39
2017-07-14,3,BEVERAGES,7538.0,48
2017-07-15,3,BEVERAGES,12269.0,55
2017-07-16,3,BEVERAGES,13596.0,53
2017-07-17,3,BEVERAGES,8770.0,51
2017-07-18,3,BEVERAGES,7886.0,49
2017-07-19,3,BEVERAGES,7893.0,52
2017-07-20,3,BEVERAGES,8479.0,48
2017-07-21,3,BEVERAGES,7967.0,42
2017-07-22,3,BEVERAGES,11080.0,32
2017-07-23,3,BEVERAGES,11514.0,33
2017-07-24,3,BEVERAGES,8633.0,32
2017-07-25,3,BEVERAGES,6991.0,32
2017-07-26,3,BEVERAGES,7817.0,28
2017-07-27,3,BEVERAGES,6487.0,28
2017-07-28,3,BEVERAGES,8848.0,33
2017-07-29,3,BEVERAGES,11796.0,31
2017-07-30,3,BEVERAGES,12750.0,33
2017-07-31,3,BEVERAGES,7954.0,29
2017-01-01,3,BOOKS,0.0,0
2017-01-02,3,BOOKS,6.0,0
2017-01-03,3,BOOKS,7.0,0
2017-01-04,3,BOOKS,7.0,0
2017-01-05,3,BOOKS,4.0,0
2017-01-06,3,BOOKS,3.0,0
2017-01-07,3,BOOKS,4.0,0
2017-01-08,3,BOOKS,4.0,0
2017-01-09,3,BOOKS,1.0,0
2017-01-10,3,BOOKS,4.0,0
2017-01-11,3,BOOKS,2.0,0
2017-01-12,3,BOOKS,3.0,0
2017-01-13,3,BOOKS,3.0,0
2017-01-14,3,BOOKS,0.0,0
2017-01-15,3,BOOKS,3.0,0
2017-01-16,3,BOOKS,2.0,0
2017-01-17,3,BOOKS,0.0,0
2017-01-18,3,BOOKS,1.0,0
2017-01-19,3,BOOKS,2.0,0
2017-01-20,3,BOOKS,2.0,0
2017-01-21,3,BOOKS,7.0,0
2017-01-22,3,BOOKS,2.0,0
2017-01-23,3,BOOKS,1.0,0
2017-01-24,3,BOOKS,1.0,0
2017-01-25,3,BOOKS,3.0,0
2017-01-26,3,BOOKS,1.0,0
2017-01-27,3,BOOKS,4.0,0
2017-01-28,3,BOOKS,2.0,0
2017-01-29,3,BOOKS,1.0,0
2017-01-30,3,BOOKS,1.0,0
2017-01-31,3,BOOKS,2.0,0
2017-02-01,3,BOOKS,3.0,0
2017-02-02,3,BOOKS,0.0,0
2017-02-03,3,BOOKS,3.0,0
2017-02-04,3,BOOKS,4.0,0
2017-02-05,3,BOOKS,2.0,0
2017-02-06,3,BOOKS,4.0,0
2017-02-07,3,BOOKS,1.0,0
2017-02-08,3,BOOKS,1.0,0
2017-02-09,3,BOOKS,1.0,0
2017-02-10,3,BOOKS,1.0,0
2017-02-11,3,BOOKS,4.0,0
2017-02-12,3,BOOKS,1.0,0
2017-02-13,3,BOOKS,0.0,0
2017-02-14,3,BOOKS,1.0,0
2017-02-15,3,BOOKS,0.0,0
2017-02-16,3,BOOKS,0.0,0
2017-02-17,3,BOOKS,3.0,0
2017-02-18,3,BOOKS,1.0,0
2017-02-19,3,BOOKS,2.0,0
2017-02-20,3,BOOKS,1.0,0
2017-02-21,3,BOOKS,0.0,0
2017-02-22,3,BOOKS,0.0,0
2017-02-23,3,BOOKS,4.0,0
2017-02-24,3,BOOKS,0.0,0
2017-02-25,3,BOOKS,2.0,0
2017-02-26,3,BOOKS,3.0,0
2017-02-27,3,BOOKS,2.0,0
2017-02-28,3,BOOKS,0.0,0
2017-03-01,3,BOOKS,2.0,0
2017-03-02,3,BOOKS,2.0,0
2017-03-03,3,BOOKS,4.0,0
2017-03-04,3,BOOKS,0.0,0
2017-03-05,3,BOOKS,2.0,0
2017-03-06,3,BOOKS,2.0,0
2017-03-07,3,BOOKS,2.0,0
2017-03-08,3,BOOKS,0.0,0
2017-03-09,3,BOOKS,2.0,0
2017-03-10,3,BOOKS,1.0,0
2017-03-11,3,BOOKS,1.0,0
2017-03-12,3,BOOKS,2.0,0
2017-03-13,3,BOOKS,3.0,0
2017-03-14,3,BOOKS,0.0,0
2017-03-15,3,BOOKS,3.0,0
2017-03-16,3,BOOKS,0.0,0
2017-03-17,3,BOOKS,1.0,0
2017-03-18,3,BOOKS,2.0,0
2017-03-19,3,BOOKS,2.0,0
2017-03-20,3,BOOKS,0.0,0
2017-03-21,3,BOOKS,1.0,0
2017-03-22,3,BOOKS,2.0,0
2017-03-23,3,BOOKS,1.0,0
2017-03-24,3,BOOKS,1.0,0
2017-03-25,3,BOOKS,2.0,0
2017-03-26,3,BOOKS,1.0,0
2017-03-27,3,BOOKS,0.0,0
2017-03-28,3,BOOKS,0.0,0
2017-03-29,3,BOOKS,2.0,0
2017-03-30,3,BOOKS,1.0,0
2017-03-31,3,BOOKS,0.0,0
2017-04-01,3,BOOKS,0.0,0
2017-04-02,3,BOOKS,0.0,0
2017-04-03,3,BOOKS,0.0,0
2017-04-04,3,BOOKS,3.0,0
2017-04-05,3,BOOKS,1.0,0
2017-04-06,3,BOOKS,0.0,0
2017-04-07,3,BOOKS,1.0,0
2017-04-08,3,BOOKS,2.0,0
2017-04-09,3,BOOKS,1.0,0
2017-04-10,3,BOOKS,0.0,0
2017-04-11,3,BOOKS,0.0,0
2017-04-12,3,BOOKS,1.0,0
2017-04-13,3,BOOKS,4.0,0
2017-04-14,3,BOOKS,0.0,0
2017-04-15,3,BOOKS,0.0,0
2017-04-16,3,BOOKS,0.0,0
2017-04-17,3,BOOKS,0.0,0
2017-04-18,3,BOOKS,0.0,0
2017-04-19,3,BOOKS,0.0,0
2017-04-20,3,BOOKS,0.0,0
2017-04-21,3,BOOKS,0.0,0
2017-04-22,3,BOOKS,1.0,0
2017-04-23,3,BOOKS,0.0,0
2017-04-24,3,BOOKS,3.0,0
2017-04-25,3,BOOKS,0.0,0
2017-04-26,3,BOOKS,0.0,0
2017-04-27,3,BOOKS,2.0,0
2017-04-28,3,BOOKS,1.0,0
2017-04-29,3,BOOKS,2.0,0
2017-04-30,3,BOOKS,1.0,0
2017-05-01,3,BOOKS,1.0,0
2017-05-02,3,BOOKS,0.0,0
2017-05-03,3,BOOKS,2.0,0
2017-05-04,3,BOOKS,0.0,0
2017-05-05,3,BOOKS,0.0,0
2017-05-06,3,BOOKS,1.0,0
2017-05-07,3,BOOKS,2.0,0
2017-05-08,3,BOOKS,1.0,0
2017-05-09,3,BOOKS,3.0,0
2017-05-10,3,BOOKS,1.0,0
2017-05-11,3,BOOKS,1.0,0
2017-05-12,3,BOOKS,1.0,0
2017-05-13,3,BOOKS,2.0,0
2017-05-14,3,BOOKS,0.0,0
2017-05-15,3,BOOKS,1.0,0
2017-05-16,3,BOOKS,1.0,0
2017-05-17,3,BOOKS,2.0,0
2017-05-18,3,BOOKS,0.0,0
2017-05-19,3,BOOKS,0.0,0
2017-05-20,3,BOOKS,0.0,0
2017-05-21,3,BOOKS,0.0,0
2017-05-22,3,BOOKS,0.0,0
2017-05-23,3,BOOKS,0.0,0
2017-05-24,3,BOOKS,0.0,0
2017-05-25,3,BOOKS,0.0,0
2017-05-26,3,BOOKS,0.0,0
2017-05-27,3,BOOKS,1.0,0
2017-05-28,3,BOOKS,1.0,0
2017-05-29,3,BOOKS,1.0,0
2017-05-30,3,BOOKS,1.0,0
2017-05-31,3,BOOKS,0.0,0
2017-06-01,3,BOOKS,0.0,0
2017-06-02,3,BOOKS,1.0,0
2017-06-03,3,BOOKS,0.0,0
2017-06-04,3,BOOKS,0.0,0
2017-06-05,3,BOOKS,0.0,0
2017-06-06,3,BOOKS,0.0,0
2017-06-07,3,BOOKS,0.0,0
2017-06-08,3,BOOKS,0.0,0
2017-06-09,3,BOOKS,1.0,0
2017-06-10,3,BOOKS,0.0,0
2017-06-11,3,BOOKS,0.0,0
2017-06-12,3,BOOKS,0.0,0
2017-06-13,3,BOOKS,0.0,0
2017-06-14,3,BOOKS,1.0,0
2017-06-15,3,BOOKS,0.0,0
2017-06-16,3,BOOKS,0.0,0
2017-06-17,3,BOOKS,0.0,0
2017-06-18,3,BOOKS,0.0,0
2017-06-19,3,BOOKS,0.0,0
2017-06-20,3,BOOKS,0.0,0
2017-06-21,3,BOOKS,0.0,0
2017-06-22,3,BOOKS,0.0,0
2017-06-23,3,BOOKS,0.0,0
2017-06-24,3,BOOKS,0.0,0
2017-06-25,3,BOOKS,0.0,0
2017-06-26,3,BOOKS,0.0,0
2017-06-27,3,BOOKS,0.0,0
2017-06-28,3,BOOKS,0.0,0
2017-06-29,3,BOOKS,0.0,0
2017-06-30,3,BOOKS,0.0,0
2017-07-01,3,BOOKS,0.0,0
2017-07-02,3,BOOKS,0.0,0
2017-07-03,3,BOOKS,0.0,0
2017-07-04,3,BOOKS,0.0,0
2017-07-05,3,BOOKS,0.0,0
2017-07-06,3,BOOKS,0.0,0
2017-07-07,3,BOOKS,0.0,0
2017-07-08,3,BOOKS,0.0,0
2017-07-09,3,BOOKS,0.0,0
2017-07-10,3,BOOKS,0.0,0
2017-07-11,3,BOOKS,0.0,0
2017-07-12,3,BOOKS,0.0,0
2017-07-13,3,BOOKS,0.0,0
2017-07-14,3,BOOKS,0.0,0
2017-07-15,3,BOOKS,0.0,0
2017-07-16,3,BOOKS,0.0,0
2017-07-17,3,BOOKS,0.0,0
2017-07-18,3,BOOKS,0.0,0
2017-07-19,3,BOOKS,0.0,0
2017-07-20,3,BOOKS,0.0,0
2017-07-21,3,BOOKS,0.0,0
2017-07-22,3,BOOKS,0.0,0
2017-07-23,3,BOOKS,0.0,0
2017-07-24,3,BOOKS,0.0,0
2017-07-25,3,BOOKS,0.0,0
2017-07-26,3,BOOKS,0.0,0
2017-07-27,3,BOOKS,0.0,0
2017-07-28,3,BOOKS,0.0,0
2017-07-29,3,BOOKS,0.0,0
2017-07-30,3,BOOKS,0.0,0
2017-07-31,3,BOOKS,0.0,0
2017-01-01,3,BREAD/BAKERY,0.0,0
2017-01-02,3,BREAD/BAKERY,1992.722,3
2017-01-03,3,BREAD/BAKERY,1509.949,3
2017-01-04,3,BREAD/BAKERY,1565.7,10
2017-01-05,3,BREAD/BAKERY,1376.867,9
2017-01-06,3,BREAD/BAKERY,1584.487,9
2017-01-07,3,BREAD/BAKERY,1914.74,9
2017-01-08,3,BREAD/BAKERY,1839.645,9
2017-01-09,3,BREAD/BAKERY,1266.513,9
2017-01-10,3,BREAD/BAKERY,1120.256,10
2017-01-11,3,BREAD/BAKERY,1294.632,9
2017-01-12,3,BREAD/BAKERY,1180.341,10
2017-01-13,3,BREAD/BAKERY,1398.504,9
2017-01-14,3,BREAD/BAKERY,1773.934,9
2017-01-15,3,BREAD/BAKERY,2038.971,9
2017-01-16,3,BREAD/BAKERY,1487.363,9
2017-01-17,3,BREAD/BAKERY,1099.333,10
2017-01-18,3,BREAD/BAKERY,1333.052,9
2017-01-19,3,BREAD/BAKERY,1149.075,7
2017-01-20,3,BREAD/BAKERY,1393.698,7
2017-01-21,3,BREAD/BAKERY,1976.326,7
2017-01-22,3,BREAD/BAKERY,2106.299,7
2017-01-23,3,BREAD/BAKERY,1506.579,7
2017-01-24,3,BREAD/BAKERY,1133.139,7
2017-01-25,3,BREAD/BAKERY,1362.244,16
2017-01-26,3,BREAD/BAKERY,1276.099,9
2017-01-27,3,BREAD/BAKERY,1375.077,8
2017-01-28,3,BREAD/BAKERY,1735.509,8
2017-01-29,3,BREAD/BAKERY,1793.883,8
2017-01-30,3,BREAD/BAKERY,1250.39,9
2017-01-31,3,BREAD/BAKERY,1515.057,9
2017-02-01,3,BREAD/BAKERY,1513.326,7
2017-02-02,3,BREAD/BAKERY,1123.024,7
2017-02-03,3,BREAD/BAKERY,1515.683,9
2017-02-04,3,BREAD/BAKERY,1717.756,9
2017-02-05,3,BREAD/BAKERY,1870.064,9
2017-02-06,3,BREAD/BAKERY,1432.432,9
2017-02-07,3,BREAD/BAKERY,1230.24,10
2017-02-08,3,BREAD/BAKERY,1419.026,15
2017-02-09,3,BREAD/BAKERY,1202.139,13
2017-02-10,3,BREAD/BAKERY,1354.0,13
2017-02-11,3,BREAD/BAKERY,1764.264,13
2017-02-12,3,BREAD/BAKERY,1817.61,13
2017-02-13,3,BREAD/BAKERY,1537.753,12
2017-02-14,3,BREAD/BAKERY,1109.661,12
2017-02-15,3,BREAD/BAKERY,1283.018,14
2017-02-16,3,BREAD/BAKERY,1200.824,6
2017-02-17,3,BREAD/BAKERY,1444.5,6
2017-02-18,3,BREAD/BAKERY,2241.665,6
2017-02-19,3,BREAD/BAKERY,1524.546,6
2017-02-20,3,BREAD/BAKERY,1293.606,6
2017-02-21,3,BREAD/BAKERY,1236.033,7
2017-02-22,3,BREAD/BAKERY,1286.998,6
2017-02-23,3,BREAD/BAKERY,1178.98,6
2017-02-24,3,BREAD/BAKERY,1424.23,6
2017-02-25,3,BREAD/BAKERY,1502.749,6
2017-02-26,3,BREAD/BAKERY,1193.54,6
2017-02-27,3,BREAD/BAKERY,1030.652,6
2017-02-28,3,BREAD/BAKERY,1684.597,6
2017-03-01,3,BREAD/BAKERY,1604.428,24
2017-03-02,3,BREAD/BAKERY,1253.372,22
2017-03-03,3,BREAD/BAKERY,1399.437,21
2017-03-04,3,BREAD/BAKERY,1709.7,22
2017-03-05,3,BREAD/BAKERY,2086.65,21
2017-03-06,3,BREAD/BAKERY,1358.002,22
2017-03-07,3,BREAD/BAKERY,1092.874,21
2017-03-08,3,BREAD/BAKERY,1219.295,21
2017-03-09,3,BREAD/BAKERY,1081.126,5
2017-03-10,3,BREAD/BAKERY,1448.117,4
2017-03-11,3,BREAD/BAKERY,1730.883,5
2017-03-12,3,BREAD/BAKERY,2085.249,5
2017-03-13,3,BREAD/BAKERY,1286.104,5
2017-03-14,3,BREAD/BAKERY,1211.912,4
2017-03-15,3,BREAD/BAKERY,1439.081,6
2017-03-16,3,BREAD/BAKERY,1255.615,6
2017-03-17,3,BREAD/BAKERY,1387.844,6
2017-03-18,3,BREAD/BAKERY,1651.68,6
2017-03-19,3,BREAD/BAKERY,2323.775,5
2017-03-20,3,BREAD/BAKERY,1419.65,5
2017-03-21,3,BREAD/BAKERY,1254.401,5
2017-03-22,3,BREAD/BAKERY,1303.63,5
2017-03-23,3,BREAD/BAKERY,1165.707,3
2017-03-24,3,BREAD/BAKERY,1449.15,3
2017-03-25,3,BREAD/BAKERY,1789.676,3
2017-03-26,3,BREAD/BAKERY,1997.0859,3
2017-03-27,3,BREAD/BAKERY,1326.962,2
2017-03-28,3,BREAD/BAKERY,1180.615,2
2017-03-29,3,BREAD/BAKERY,1440.749,2
2017-03-30,3,BREAD/BAKERY,1147.544,2
2017-03-31,3,BREAD/BAKERY,1552.96,1
2017-04-01,3,BREAD/BAKERY,2105.744,2
2017-04-02,3,BREAD/BAKERY,1856.864,1
2017-04-03,3,BREAD/BAKERY,1338.727,2
2017-04-04,3,BREAD/BAKERY,1297.9141,2
2017-04-05,3,BREAD/BAKERY,1623.353,2
2017-04-06,3,BREAD/BAKERY,1060.72,2
2017-04-07,3,BREAD/BAKERY,1361.848,2
2017-04-08,3,BREAD/BAKERY,1623.3,2
2017-04-09,3,BREAD/BAKERY,1905.286,2
2017-04-10,3,BREAD/BAKERY,1157.698,2
2017-04-11,3,BREAD/BAKERY,1195.194,2
2017-04-12,3,BREAD/BAKERY,1114.473,6
2017-04-13,3,BREAD/BAKERY,1051.163,6
2017-04-14,3,BREAD/BAKERY,945.888,6
2017-04-15,3,BREAD/BAKERY,1353.428,6
2017-04-16,3,BREAD/BAKERY,1787.156,6
2017-04-17,3,BREAD/BAKERY,1276.967,6
2017-04-18,3,BREAD/BAKERY,1181.778,6
2017-04-19,3,BREAD/BAKERY,1352.333,8
2017-04-20,3,BREAD/BAKERY,1052.606,11
2017-04-21,3,BREAD/BAKERY,1362.502,13
2017-04-22,3,BREAD/BAKERY,1710.927,11
2017-04-23,3,BREAD/BAKERY,1964.156,13
2017-04-24,3,BREAD/BAKERY,1174.703,12
2017-04-25,3,BREAD/BAKERY,1265.159,13
2017-04-26,3,BREAD/BAKERY,1287.0,13
2017-04-27,3,BREAD/BAKERY,1013.656,12
2017-04-28,3,BREAD/BAKERY,1303.467,11
2017-04-29,3,BREAD/BAKERY,1418.967,11
2017-04-30,3,BREAD/BAKERY,1425.441,11
2017-05-01,3,BREAD/BAKERY,1781.121,11
2017-05-02,3,BREAD/BAKERY,1244.751,13
2017-05-03,3,BREAD/BAKERY,1327.639,11
2017-05-04,3,BREAD/BAKERY,1125.079,8
2017-05-05,3,BREAD/BAKERY,1262.943,9
2017-05-06,3,BREAD/BAKERY,1578.328,9
2017-05-07,3,BREAD/BAKERY,2050.399,9
2017-05-08,3,BREAD/BAKERY,1325.769,8
2017-05-09,3,BREAD/BAKERY,1165.696,8
2017-05-10,3,BREAD/BAKERY,1178.747,7
2017-05-11,3,BREAD/BAKERY,1093.583,5
2017-05-12,3,BREAD/BAKERY,1161.753,5
2017-05-13,3,BREAD/BAKERY,1760.584,7
2017-05-14,3,BREAD/BAKERY,1371.87,6
2017-05-15,3,BREAD/BAKERY,1232.912,7
2017-05-16,3,BREAD/BAKERY,1230.844,5
2017-05-17,3,BREAD/BAKERY,1416.652,4
2017-05-18,3,BREAD/BAKERY,1094.652,6
2017-05-19,3,BREAD/BAKERY,1229.927,5
2017-05-20,3,BREAD/BAKERY,1668.956,5
2017-05-21,3,BREAD/BAKERY,1953.15,6
2017-05-22,3,BREAD/BAKERY,1257.225,6
2017-05-23,3,BREAD/BAKERY,1027.046,4
2017-05-24,3,BREAD/BAKERY,1209.566,5
2017-05-25,3,BREAD/BAKERY,1653.637,5
2017-05-26,3,BREAD/BAKERY,1457.7161,5
2017-05-27,3,BREAD/BAKERY,1271.37,4
2017-05-28,3,BREAD/BAKERY,1528.304,6
2017-05-29,3,BREAD/BAKERY,1288.934,6
2017-05-30,3,BREAD/BAKERY,1235.771,6
2017-05-31,3,BREAD/BAKERY,1345.529,5
2017-06-01,3,BREAD/BAKERY,1034.07,0
2017-06-02,3,BREAD/BAKERY,1413.346,0
2017-06-03,3,BREAD/BAKERY,1794.652,0
2017-06-04,3,BREAD/BAKERY,2064.522,0
2017-06-05,3,BREAD/BAKERY,1217.96,1
2017-06-06,3,BREAD/BAKERY,1226.541,1
2017-06-07,3,BREAD/BAKERY,1312.363,1
2017-06-08,3,BREAD/BAKERY,1135.7,1
2017-06-09,3,BREAD/BAKERY,1302.606,0
2017-06-10,3,BREAD/BAKERY,1329.872,0
2017-06-11,3,BREAD/BAKERY,1753.3,0
2017-06-12,3,BREAD/BAKERY,1258.379,1
2017-06-13,3,BREAD/BAKERY,1073.192,0
2017-06-14,3,BREAD/BAKERY,1301.559,0
2017-06-15,3,BREAD/BAKERY,1127.326,0
2017-06-16,3,BREAD/BAKERY,1424.628,0
2017-06-17,3,BREAD/BAKERY,1724.403,0
2017-06-18,3,BREAD/BAKERY,1297.705,1
2017-06-19,3,BREAD/BAKERY,1302.3,0
2017-06-20,3,BREAD/BAKERY,1150.146,0
2017-06-21,3,BREAD/BAKERY,1376.057,7
2017-06-22,3,BREAD/BAKERY,1059.553,7
2017-06-23,3,BREAD/BAKERY,1321.145,6
2017-06-24,3,BREAD/BAKERY,1540.194,6
2017-06-25,3,BREAD/BAKERY,1741.676,6
2017-06-26,3,BREAD/BAKERY,1185.846,6
2017-06-27,3,BREAD/BAKERY,1153.945,6
2017-06-28,3,BREAD/BAKERY,1161.756,8
2017-06-29,3,BREAD/BAKERY,1027.559,6
2017-06-30,3,BREAD/BAKERY,1191.049,6
2017-07-01,3,BREAD/BAKERY,1586.996,7
2017-07-02,3,BREAD/BAKERY,1803.46,6
2017-07-03,3,BREAD/BAKERY,1218.79,6
2017-07-04,3,BREAD/BAKERY,1080.59,6
2017-07-05,3,BREAD/BAKERY,1446.526,8
2017-07-06,3,BREAD/BAKERY,958.498,6
2017-07-07,3,BREAD/BAKERY,1215.269,6
2017-07-08,3,BREAD/BAKERY,1378.141,6
2017-07-09,3,BREAD/BAKERY,1584.308,6
2017-07-10,3,BREAD/BAKERY,1218.548,6
2017-07-11,3,BREAD/BAKERY,1043.619,6
2017-07-12,3,BREAD/BAKERY,1183.978,6
2017-07-13,3,BREAD/BAKERY,869.855,0
2017-07-14,3,BREAD/BAKERY,1195.903,0
2017-07-15,3,BREAD/BAKERY,1306.421,0
2017-07-16,3,BREAD/BAKERY,1535.487,0
2017-07-17,3,BREAD/BAKERY,1113.941,0
2017-07-18,3,BREAD/BAKERY,1036.367,0
2017-07-19,3,BREAD/BAKERY,1217.262,0
2017-07-20,3,BREAD/BAKERY,1208.648,0
2017-07-21,3,BREAD/BAKERY,1085.421,0
2017-07-22,3,BREAD/BAKERY,1322.826,0
2017-07-23,3,BREAD/BAKERY,1380.588,0
2017-07-24,3,BREAD/BAKERY,1222.804,0
2017-07-25,3,BREAD/BAKERY,1038.85,0
2017-07-26,3,BREAD/BAKERY,1181.015,0
2017-07-27,3,BREAD/BAKERY,1007.249,0
2017-07-28,3,BREAD/BAKERY,1191.317,0
2017-07-29,3,BREAD/BAKERY,1278.199,0
2017-07-30,3,BREAD/BAKERY,1520.528,0
2017-07-31,3,BREAD/BAKERY,1160.938,0
2017-01-01,3,CELEBRATION,0.0,0
2017-01-02,3,CELEBRATION,50.0,2
2017-01-03,3,CELEBRATION,21.0,1
2017-01-04,3,CELEBRATION,28.0,1
2017-01-05,3,CELEBRATION,52.0,1
2017-01-06,3,CELEBRATION,76.0,0
2017-01-07,3,CELEBRATION,121.0,0
2017-01-08,3,CELEBRATION,20.0,0
2017-01-09,3,CELEBRATION,16.0,0
2017-01-10,3,CELEBRATION,328.0,0
2017-01-11,3,CELEBRATION,24.0,0
2017-01-12,3,CELEBRATION,45.0,0
2017-01-13,3,CELEBRATION,43.0,0
2017-01-14,3,CELEBRATION,73.0,0
2017-01-15,3,CELEBRATION,43.0,0
2017-01-16,3,CELEBRATION,63.0,0
2017-01-17,3,CELEBRATION,19.0,0
2017-01-18,3,CELEBRATION,33.0,0
2017-01-19,3,CELEBRATION,34.0,1
2017-01-20,3,CELEBRATION,35.0,0
2017-01-21,3,CELEBRATION,85.0,0
2017-01-22,3,CELEBRATION,49.0,0
2017-01-23,3,CELEBRATION,26.0,0
2017-01-24,3,CELEBRATION,15.0,0
2017-01-25,3,CELEBRATION,27.0,0
2017-01-26,3,CELEBRATION,28.0,0
2017-01-27,3,CELEBRATION,37.0,1
2017-01-28,3,CELEBRATION,67.0,0
2017-01-29,3,CELEBRATION,21.0,0
2017-01-30,3,CELEBRATION,22.0,0
2017-01-31,3,CELEBRATION,38.0,0
2017-02-01,3,CELEBRATION,39.0,0
2017-02-02,3,CELEBRATION,40.0,0
2017-02-03,3,CELEBRATION,54.0,0
2017-02-04,3,CELEBRATION,44.0,0
2017-02-05,3,CELEBRATION,20.0,0
2017-02-06,3,CELEBRATION,30.0,0
2017-02-07,3,CELEBRATION,99.0,0
2017-02-08,3,CELEBRATION,24.0,0
2017-02-09,3,CELEBRATION,44.0,0
2017-02-10,3,CELEBRATION,42.0,0
2017-02-11,3,CELEBRATION,66.0,0
2017-02-12,3,CELEBRATION,38.0,0
2017-02-13,3,CELEBRATION,18.0,0
2017-02-14,3,CELEBRATION,26.0,0
2017-02-15,3,CELEBRATION,38.0,0
2017-02-16,3,CELEBRATION,32.0,1
2017-02-17,3,CELEBRATION,52.0,0
2017-02-18,3,CELEBRATION,77.0,0
2017-02-19,3,CELEBRATION,20.0,0
2017-02-20,3,CELEBRATION,17.0,0
2017-02-21,3,CELEBRATION,24.0,0
2017-02-22,3,CELEBRATION,96.0,0
2017-02-23,3,CELEBRATION,34.0,0
2017-02-24,3,CELEBRATION,28.0,0
2017-02-25,3,CELEBRATION,39.0,1
2017-02-26,3,CELEBRATION,25.0,0
2017-02-27,3,CELEBRATION,30.0,0
2017-02-28,3,CELEBRATION,34.0,0
2017-03-01,3,CELEBRATION,38.0,0
2017-03-02,3,CELEBRATION,35.0,0
2017-03-03,3,CELEBRATION,30.0,0
2017-03-04,3,CELEBRATION,88.0,0
2017-03-05,3,CELEBRATION,30.0,0
2017-03-06,3,CELEBRATION,19.0,0
2017-03-07,3,CELEBRATION,41.0,0
2017-03-08,3,CELEBRATION,22.0,0
2017-03-09,3,CELEBRATION,40.0,1
2017-03-10,3,CELEBRATION,51.0,0
2017-03-11,3,CELEBRATION,58.0,1
2017-03-12,3,CELEBRATION,39.0,1
2017-03-13,3,CELEBRATION,16.0,0
2017-03-14,3,CELEBRATION,26.0,0
2017-03-15,3,CELEBRATION,41.0,0
2017-03-16,3,CELEBRATION,30.0,0
2017-03-17,3,CELEBRATION,46.0,0
2017-03-18,3,CELEBRATION,79.0,1
2017-03-19,3,CELEBRATION,45.0,0
2017-03-20,3,CELEBRATION,20.0,0
2017-03-21,3,CELEBRATION,25.0,0
2017-03-22,3,CELEBRATION,26.0,0
2017-03-23,3,CELEBRATION,30.0,0
2017-03-24,3,CELEBRATION,53.0,0
2017-03-25,3,CELEBRATION,66.0,0
2017-03-26,3,CELEBRATION,36.0,0
2017-03-27,3,CELEBRATION,25.0,0
2017-03-28,3,CELEBRATION,26.0,0
2017-03-29,3,CELEBRATION,48.0,0
2017-03-30,3,CELEBRATION,90.0,0
2017-03-31,3,CELEBRATION,49.0,0
2017-04-01,3,CELEBRATION,51.0,0
2017-04-02,3,CELEBRATION,24.0,0
2017-04-03,3,CELEBRATION,31.0,0
2017-04-04,3,CELEBRATION,33.0,0
2017-04-05,3,CELEBRATION,35.0,0
2017-04-06,3,CELEBRATION,96.0,0
2017-04-07,3,CELEBRATION,37.0,0
2017-04-08,3,CELEBRATION,72.0,0
2017-04-09,3,CELEBRATION,37.0,0
2017-04-10,3,CELEBRATION,36.0,0
2017-04-11,3,CELEBRATION,34.0,1
2017-04-12,3,CELEBRATION,41.0,0
2017-04-13,3,CELEBRATION,54.0,0
2017-04-14,3,CELEBRATION,53.0,0
2017-04-15,3,CELEBRATION,71.0,0
2017-04-16,3,CELEBRATION,41.0,0
2017-04-17,3,CELEBRATION,24.0,0
2017-04-18,3,CELEBRATION,29.0,0
2017-04-19,3,CELEBRATION,28.0,0
2017-04-20,3,CELEBRATION,39.0,0
2017-04-21,3,CELEBRATION,56.0,0
2017-04-22,3,CELEBRATION,175.0,0
2017-04-23,3,CELEBRATION,44.0,0
2017-04-24,3,CELEBRATION,16.0,0
2017-04-25,3,CELEBRATION,83.0,0
2017-04-26,3,CELEBRATION,41.0,1
2017-04-27,3,CELEBRATION,32.0,0
2017-04-28,3,CELEBRATION,48.0,0
2017-04-29,3,CELEBRATION,53.0,0
2017-04-30,3,CELEBRATION,120.0,0
2017-05-01,3,CELEBRATION,46.0,0
2017-05-02,3,CELEBRATION,25.0,0
2017-05-03,3,CELEBRATION,46.0,0
2017-05-04,3,CELEBRATION,109.0,0
2017-05-05,3,CELEBRATION,46.0,0
2017-05-06,3,CELEBRATION,61.0,0
2017-05-07,3,CELEBRATION,24.0,0
2017-05-08,3,CELEBRATION,36.0,0
2017-05-09,3,CELEBRATION,29.0,0
2017-05-10,3,CELEBRATION,43.0,1
2017-05-11,3,CELEBRATION,34.0,2
2017-05-12,3,CELEBRATION,86.0,0
2017-05-13,3,CELEBRATION,54.0,0
2017-05-14,3,CELEBRATION,104.0,0
2017-05-15,3,CELEBRATION,34.0,2
2017-05-16,3,CELEBRATION,14.0,0
2017-05-17,3,CELEBRATION,28.0,0
2017-05-18,3,CELEBRATION,280.0,0
2017-05-19,3,CELEBRATION,38.0,0
2017-05-20,3,CELEBRATION,57.0,0
2017-05-21,3,CELEBRATION,35.0,0
2017-05-22,3,CELEBRATION,24.0,0
2017-05-23,3,CELEBRATION,36.0,1
2017-05-24,3,CELEBRATION,45.0,0
2017-05-25,3,CELEBRATION,46.0,0
2017-05-26,3,CELEBRATION,48.0,1
2017-05-27,3,CELEBRATION,110.0,0
2017-05-28,3,CELEBRATION,39.0,0
2017-05-29,3,CELEBRATION,26.0,0
2017-05-30,3,CELEBRATION,17.0,0
2017-05-31,3,CELEBRATION,103.0,0
2017-06-01,3,CELEBRATION,56.0,0
2017-06-02,3,CELEBRATION,64.0,0
2017-06-03,3,CELEBRATION,38.0,1
2017-06-04,3,CELEBRATION,16.0,0
2017-06-05,3,CELEBRATION,29.0,0
2017-06-06,3,CELEBRATION,23.0,0
2017-06-07,3,CELEBRATION,24.0,0
2017-06-08,3,CELEBRATION,33.0,0
2017-06-09,3,CELEBRATION,120.0,0
2017-06-10,3,CELEBRATION,64.0,0
2017-06-11,3,CELEBRATION,43.0,0
2017-06-12,3,CELEBRATION,26.0,0
2017-06-13,3,CELEBRATION,28.0,0
2017-06-14,3,CELEBRATION,52.0,0
2017-06-15,3,CELEBRATION,52.0,0
2017-06-16,3,CELEBRATION,67.0,0
2017-06-17,3,CELEBRATION,80.0,0
2017-06-18,3,CELEBRATION,37.0,0
2017-06-19,3,CELEBRATION,32.0,0
2017-06-20,3,CELEBRATION,30.0,0
2017-06-21,3,CELEBRATION,28.0,0
2017-06-22,3,CELEBRATION,83.0,0
2017-06-23,3,CELEBRATION,62.0,0
2017-06-24,3,CELEBRATION,58.0,0
2017-06-25,3,CELEBRATION,34.0,0
2017-06-26,3,CELEBRATION,25.0,0
2017-06-27,3,CELEBRATION,25.0,0
2017-06-28,3,CELEBRATION,39.0,0
2017-06-29,3,CELEBRATION,46.0,0
2017-06-30,3,CELEBRATION,78.0,0
2017-07-01,3,CELEBRATION,118.0,0
2017-07-02,3,CELEBRATION,28.0,0
2017-07-03,3,CELEBRATION,31.0,0
2017-07-04,3,CELEBRATION,48.0,0
2017-07-05,3,CELEBRATION,32.0,0
2017-07-06,3,CELEBRATION,79.0,0
2017-07-07,3,CELEBRATION,46.0,0
2017-07-08,3,CELEBRATION,70.0,0
2017-07-09,3,CELEBRATION,47.0,0
2017-07-10,3,CELEBRATION,32.0,0
2017-07-11,3,CELEBRATION,17.0,0
2017-07-12,3,CELEBRATION,30.0,0
2017-07-13,3,CELEBRATION,28.0,0
2017-07-14,3,CELEBRATION,37.0,0
2017-07-15,3,CELEBRATION,47.0,0
2017-07-16,3,CELEBRATION,20.0,0
2017-07-17,3,CELEBRATION,26.0,0
2017-07-18,3,CELEBRATION,19.0,0
2017-07-19,3,CELEBRATION,24.0,0
2017-07-20,3,CELEBRATION,34.0,0
2017-07-21,3,CELEBRATION,39.0,0
2017-07-22,3,CELEBRATION,60.0,0
2017-07-23,3,CELEBRATION,36.0,0
2017-07-24,3,CELEBRATION,24.0,0
2017-07-25,3,CELEBRATION,33.0,0
2017-07-26,3,CELEBRATION,25.0,0
2017-07-27,3,CELEBRATION,400.0,0
2017-07-28,3,CELEBRATION,70.0,0
2017-07-29,3,CELEBRATION,56.0,0
2017-07-30,3,CELEBRATION,21.0,0
2017-07-31,3,CELEBRATION,14.0,0
2017-01-01,3,CLEANING,0.0,0
2017-01-02,3,CLEANING,3744.0,21
2017-01-03,3,CLEANING,2894.0,18
2017-01-04,3,CLEANING,3199.0,22
2017-01-05,3,CLEANING,2481.0,13
2017-01-06,3,CLEANING,2723.0,13
2017-01-07,3,CLEANING,3286.0,17
2017-01-08,3,CLEANING,3316.0,16
2017-01-09,3,CLEANING,2394.0,12
2017-01-10,3,CLEANING,2071.0,15
2017-01-11,3,CLEANING,2134.0,10
2017-01-12,3,CLEANING,1697.0,16
2017-01-13,3,CLEANING,2261.0,18
2017-01-14,3,CLEANING,2568.0,12
2017-01-15,3,CLEANING,3018.0,14
2017-01-16,3,CLEANING,2405.0,10
2017-01-17,3,CLEANING,1811.0,7
2017-01-18,3,CLEANING,2130.0,8
2017-01-19,3,CLEANING,1628.0,18
2017-01-20,3,CLEANING,1823.0,11
2017-01-21,3,CLEANING,2779.0,13
2017-01-22,3,CLEANING,3018.0,12
2017-01-23,3,CLEANING,2192.0,10
2017-01-24,3,CLEANING,1654.0,12
2017-01-25,3,CLEANING,2001.0,26
2017-01-26,3,CLEANING,1462.0,19
2017-01-27,3,CLEANING,2052.0,20
2017-01-28,3,CLEANING,2399.0,16
2017-01-29,3,CLEANING,3085.0,16
2017-01-30,3,CLEANING,1825.0,18
2017-01-31,3,CLEANING,1889.0,14
2017-02-01,3,CLEANING,2813.0,21
2017-02-02,3,CLEANING,1882.0,14
2017-02-03,3,CLEANING,2465.0,15
2017-02-04,3,CLEANING,2913.0,18
2017-02-05,3,CLEANING,2950.0,10
2017-02-06,3,CLEANING,2379.0,21
2017-02-07,3,CLEANING,2325.0,37
2017-02-08,3,CLEANING,2207.0,41
2017-02-09,3,CLEANING,1827.0,16
2017-02-10,3,CLEANING,1965.0,17
2017-02-11,3,CLEANING,2291.0,16
2017-02-12,3,CLEANING,2625.0,16
2017-02-13,3,CLEANING,1760.0,17
2017-02-14,3,CLEANING,1402.0,14
2017-02-15,3,CLEANING,1797.0,23
2017-02-16,3,CLEANING,1744.0,16
2017-02-17,3,CLEANING,2042.0,15
2017-02-18,3,CLEANING,3066.0,16
2017-02-19,3,CLEANING,1975.0,15
2017-02-20,3,CLEANING,1850.0,15
2017-02-21,3,CLEANING,1936.0,16
2017-02-22,3,CLEANING,1789.0,14
2017-02-23,3,CLEANING,1771.0,16
2017-02-24,3,CLEANING,2266.0,15
2017-02-25,3,CLEANING,2682.0,14
2017-02-26,3,CLEANING,1824.0,14
2017-02-27,3,CLEANING,1683.0,15
2017-02-28,3,CLEANING,2631.0,14
2017-03-01,3,CLEANING,2464.0,11
2017-03-02,3,CLEANING,2254.0,11
2017-03-03,3,CLEANING,2271.0,11
2017-03-04,3,CLEANING,2804.0,11
2017-03-05,3,CLEANING,3003.0,11
2017-03-06,3,CLEANING,2293.0,11
2017-03-07,3,CLEANING,1897.0,9
2017-03-08,3,CLEANING,1879.0,11
2017-03-09,3,CLEANING,1658.0,7
2017-03-10,3,CLEANING,1992.0,10
2017-03-11,3,CLEANING,2581.0,10
2017-03-12,3,CLEANING,2800.0,11
2017-03-13,3,CLEANING,1965.0,8
2017-03-14,3,CLEANING,1634.0,8
2017-03-15,3,CLEANING,2237.0,9
2017-03-16,3,CLEANING,1680.0,8
2017-03-17,3,CLEANING,1930.0,10
2017-03-18,3,CLEANING,2491.0,8
2017-03-19,3,CLEANING,3129.0,8
2017-03-20,3,CLEANING,3031.0,8
2017-03-21,3,CLEANING,1926.0,9
2017-03-22,3,CLEANING,1883.0,9
2017-03-23,3,CLEANING,1560.0,10
2017-03-24,3,CLEANING,1984.0,12
2017-03-25,3,CLEANING,3430.0,12
2017-03-26,3,CLEANING,2552.0,11
2017-03-27,3,CLEANING,2038.0,10
2017-03-28,3,CLEANING,1660.0,10
2017-03-29,3,CLEANING,2672.0,11
2017-03-30,3,CLEANING,1617.0,11
2017-03-31,3,CLEANING,2158.0,11
2017-04-01,3,CLEANING,4041.0,11
2017-04-02,3,CLEANING,2657.0,11
2017-04-03,3,CLEANING,2251.0,8
2017-04-04,3,CLEANING,1832.0,13
2017-04-05,3,CLEANING,2352.0,12
2017-04-06,3,CLEANING,1745.0,11
2017-04-07,3,CLEANING,2109.0,11
2017-04-08,3,CLEANING,3042.0,10
2017-04-09,3,CLEANING,2838.0,9
2017-04-10,3,CLEANING,1700.0,9
2017-04-11,3,CLEANING,1710.0,15
2017-04-12,3,CLEANING,1698.0,24
2017-04-13,3,CLEANING,1788.0,23
2017-04-14,3,CLEANING,1523.0,24
2017-04-15,3,CLEANING,2191.0,24
2017-04-16,3,CLEANING,2373.0,25
2017-04-17,3,CLEANING,1941.0,23
2017-04-18,3,CLEANING,1751.0,22
2017-04-19,3,CLEANING,2091.0,39
2017-04-20,3,CLEANING,1885.0,39
2017-04-21,3,CLEANING,2254.0,42
2017-04-22,3,CLEANING,2935.0,44
2017-04-23,3,CLEANING,3044.0,43
2017-04-24,3,CLEANING,1889.0,41
2017-04-25,3,CLEANING,1852.0,42
2017-04-26,3,CLEANING,1898.0,44
2017-04-27,3,CLEANING,1613.0,43
2017-04-28,3,CLEANING,1898.0,46
2017-04-29,3,CLEANING,2236.0,44
2017-04-30,3,CLEANING,2281.0,43
2017-05-01,3,CLEANING,3145.0,45
2017-05-02,3,CLEANING,2123.0,38
2017-05-03,3,CLEANING,2344.0,43
2017-05-04,3,CLEANING,1899.0,36
2017-05-05,3,CLEANING,1982.0,38
2017-05-06,3,CLEANING,2496.0,39
2017-05-07,3,CLEANING,2847.0,40
2017-05-08,3,CLEANING,2306.0,32
2017-05-09,3,CLEANING,1637.0,29
2017-05-10,3,CLEANING,1827.0,51
2017-05-11,3,CLEANING,1453.0,33
2017-05-12,3,CLEANING,1797.0,32
2017-05-13,3,CLEANING,2416.0,33
2017-05-14,3,CLEANING,1709.0,35
2017-05-15,3,CLEANING,1652.0,30
2017-05-16,3,CLEANING,1972.0,35
2017-05-17,3,CLEANING,2311.0,36
2017-05-18,3,CLEANING,1636.0,28
2017-05-19,3,CLEANING,1825.0,35
2017-05-20,3,CLEANING,2834.0,36
2017-05-21,3,CLEANING,3299.0,42
2017-05-22,3,CLEANING,1819.0,37
2017-05-23,3,CLEANING,1652.0,35
2017-05-24,3,CLEANING,1838.0,35
2017-05-25,3,CLEANING,1493.0,32
2017-05-26,3,CLEANING,2395.0,36
2017-05-27,3,CLEANING,2006.0,38
2017-05-28,3,CLEANING,2278.0,39
2017-05-29,3,CLEANING,1708.0,32
2017-05-30,3,CLEANING,1726.0,33
2017-05-31,3,CLEANING,1982.0,34
2017-06-01,3,CLEANING,1734.0,3
2017-06-02,3,CLEANING,2346.0,5
2017-06-03,3,CLEANING,2949.0,8
2017-06-04,3,CLEANING,3478.0,11
2017-06-05,3,CLEANING,2320.0,10
2017-06-06,3,CLEANING,1811.0,7
2017-06-07,3,CLEANING,2158.0,10
2017-06-08,3,CLEANING,1578.0,23
2017-06-09,3,CLEANING,2011.0,22
2017-06-10,3,CLEANING,2375.0,22
2017-06-11,3,CLEANING,2524.0,23
2017-06-12,3,CLEANING,1798.0,20
2017-06-13,3,CLEANING,1635.0,21
2017-06-14,3,CLEANING,1901.0,23
2017-06-15,3,CLEANING,1606.0,25
2017-06-16,3,CLEANING,2056.0,25
2017-06-17,3,CLEANING,2560.0,27
2017-06-18,3,CLEANING,1796.0,25
2017-06-19,3,CLEANING,1911.0,23
2017-06-20,3,CLEANING,2066.0,22
2017-06-21,3,CLEANING,1992.0,52
2017-06-22,3,CLEANING,1807.0,48
2017-06-23,3,CLEANING,2294.0,53
2017-06-24,3,CLEANING,2442.0,53
2017-06-25,3,CLEANING,2875.0,51
2017-06-26,3,CLEANING,1792.0,43
2017-06-27,3,CLEANING,1751.0,44
2017-06-28,3,CLEANING,2042.0,60
2017-06-29,3,CLEANING,1828.0,55
2017-06-30,3,CLEANING,2324.0,56
2017-07-01,3,CLEANING,3208.0,52
2017-07-02,3,CLEANING,3229.0,53
2017-07-03,3,CLEANING,2572.0,46
2017-07-04,3,CLEANING,2140.0,49
2017-07-05,3,CLEANING,2227.0,47
2017-07-06,3,CLEANING,2060.0,39
2017-07-07,3,CLEANING,1959.0,43
2017-07-08,3,CLEANING,2460.0,41
2017-07-09,3,CLEANING,2866.0,43
2017-07-10,3,CLEANING,2041.0,38
2017-07-11,3,CLEANING,1962.0,42
2017-07-12,3,CLEANING,2030.0,40
2017-07-13,3,CLEANING,1343.0,21
2017-07-14,3,CLEANING,1837.0,24
2017-07-15,3,CLEANING,2747.0,25
2017-07-16,3,CLEANING,2663.0,25
2017-07-17,3,CLEANING,1844.0,23
2017-07-18,3,CLEANING,1812.0,21
2017-07-19,3,CLEANING,1930.0,25
2017-07-20,3,CLEANING,1888.0,29
2017-07-21,3,CLEANING,1880.0,23
2017-07-22,3,CLEANING,2290.0,23
2017-07-23,3,CLEANING,2320.0,25
2017-07-24,3,CLEANING,2109.0,18
2017-07-25,3,CLEANING,1661.0,18
2017-07-26,3,CLEANING,1825.0,19
2017-07-27,3,CLEANING,1664.0,22
2017-07-28,3,CLEANING,2060.0,26
2017-07-29,3,CLEANING,2404.0,25
2017-07-30,3,CLEANING,3030.0,28
2017-07-31,3,CLEANING,2390.0,26
2017-01-01,3,DAIRY,0.0,0
2017-01-02,3,DAIRY,3547.0,17
2017-01-03,3,DAIRY,2743.0,16
2017-01-04,3,DAIRY,2870.0,37
2017-01-05,3,DAIRY,2144.0,27
2017-01-06,3,DAIRY,2555.0,28
2017-01-07,3,DAIRY,3184.0,29
2017-01-08,3,DAIRY,3481.0,28
2017-01-09,3,DAIRY,2248.0,29
2017-01-10,3,DAIRY,1895.0,27
2017-01-11,3,DAIRY,2140.0,28
2017-01-12,3,DAIRY,1704.0,31
2017-01-13,3,DAIRY,2470.0,28
2017-01-14,3,DAIRY,3107.0,28
2017-01-15,3,DAIRY,3549.0,22
2017-01-16,3,DAIRY,2249.0,21
2017-01-17,3,DAIRY,2005.0,23
2017-01-18,3,DAIRY,2315.0,32
2017-01-19,3,DAIRY,1774.0,25
2017-01-20,3,DAIRY,2067.0,25
2017-01-21,3,DAIRY,3441.0,24
2017-01-22,3,DAIRY,3687.0,24
2017-01-23,3,DAIRY,2282.0,24
2017-01-24,3,DAIRY,1963.0,22
2017-01-25,3,DAIRY,2247.0,35
2017-01-26,3,DAIRY,1815.0,20
2017-01-27,3,DAIRY,2545.0,21
2017-01-28,3,DAIRY,2999.0,21
2017-01-29,3,DAIRY,3411.0,20
2017-01-30,3,DAIRY,1998.0,22
2017-01-31,3,DAIRY,2227.0,20
2017-02-01,3,DAIRY,2855.0,21
2017-02-02,3,DAIRY,1894.0,17
2017-02-03,3,DAIRY,2548.0,21
2017-02-04,3,DAIRY,3072.0,20
2017-02-05,3,DAIRY,3194.0,19
2017-02-06,3,DAIRY,2292.0,21
2017-02-07,3,DAIRY,1921.0,22
2017-02-08,3,DAIRY,2384.0,26
2017-02-09,3,DAIRY,1964.0,18
2017-02-10,3,DAIRY,2360.0,20
2017-02-11,3,DAIRY,3071.0,21
2017-02-12,3,DAIRY,3361.0,20
2017-02-13,3,DAIRY,2508.0,21
2017-02-14,3,DAIRY,1810.0,21
2017-02-15,3,DAIRY,2317.0,29
2017-02-16,3,DAIRY,2037.0,18
2017-02-17,3,DAIRY,2499.0,18
2017-02-18,3,DAIRY,3784.0,18
2017-02-19,3,DAIRY,2726.0,18
2017-02-20,3,DAIRY,2186.0,17
2017-02-21,3,DAIRY,2121.0,16
2017-02-22,3,DAIRY,2254.0,17
2017-02-23,3,DAIRY,1760.0,16
2017-02-24,3,DAIRY,2250.0,16
2017-02-25,3,DAIRY,2530.0,16
2017-02-26,3,DAIRY,1982.0,16
2017-02-27,3,DAIRY,1927.0,16
2017-02-28,3,DAIRY,2899.0,16
2017-03-01,3,DAIRY,2640.0,36
2017-03-02,3,DAIRY,2237.0,30
2017-03-03,3,DAIRY,2662.0,38
2017-03-04,3,DAIRY,3230.0,38
2017-03-05,3,DAIRY,3443.0,38
2017-03-06,3,DAIRY,2264.0,39
2017-03-07,3,DAIRY,2136.0,37
2017-03-08,3,DAIRY,2126.0,37
2017-03-09,3,DAIRY,1807.0,34
2017-03-10,3,DAIRY,2530.0,36
2017-03-11,3,DAIRY,3149.0,34
2017-03-12,3,DAIRY,3763.0,34
2017-03-13,3,DAIRY,2305.0,35
2017-03-14,3,DAIRY,1833.0,35
2017-03-15,3,DAIRY,2383.0,38
2017-03-16,3,DAIRY,2001.0,35
2017-03-17,3,DAIRY,2637.0,52
2017-03-18,3,DAIRY,3063.0,47
2017-03-19,3,DAIRY,4037.0,47
2017-03-20,3,DAIRY,2377.0,44
2017-03-21,3,DAIRY,2295.0,51
2017-03-22,3,DAIRY,2266.0,52
2017-03-23,3,DAIRY,2078.0,29
2017-03-24,3,DAIRY,2266.0,36
2017-03-25,3,DAIRY,3239.0,37
2017-03-26,3,DAIRY,3514.0,37
2017-03-27,3,DAIRY,2316.0,36
2017-03-28,3,DAIRY,2024.0,37
2017-03-29,3,DAIRY,2532.0,38
2017-03-30,3,DAIRY,1848.0,29
2017-03-31,3,DAIRY,2982.0,31
2017-04-01,3,DAIRY,4448.0,3
2017-04-02,3,DAIRY,3148.0,2
2017-04-03,3,DAIRY,2202.0,4
2017-04-04,3,DAIRY,2175.0,3
2017-04-05,3,DAIRY,2583.0,6
2017-04-06,3,DAIRY,1899.0,7
2017-04-07,3,DAIRY,2559.0,5
2017-04-08,3,DAIRY,2910.0,8
2017-04-09,3,DAIRY,3336.0,6
2017-04-10,3,DAIRY,2114.0,13
2017-04-11,3,DAIRY,2212.0,8
2017-04-12,3,DAIRY,2412.0,12
2017-04-13,3,DAIRY,2392.0,8
2017-04-14,3,DAIRY,2337.0,8
2017-04-15,3,DAIRY,2656.0,9
2017-04-16,3,DAIRY,3167.0,10
2017-04-17,3,DAIRY,2378.0,9
2017-04-18,3,DAIRY,1954.0,10
2017-04-19,3,DAIRY,2471.0,20
2017-04-20,3,DAIRY,1944.0,15
2017-04-21,3,DAIRY,2715.0,26
2017-04-22,3,DAIRY,3145.0,25
2017-04-23,3,DAIRY,3578.0,27
2017-04-24,3,DAIRY,2112.0,25
2017-04-25,3,DAIRY,2163.0,25
2017-04-26,3,DAIRY,2127.0,27
2017-04-27,3,DAIRY,1722.0,27
2017-04-28,3,DAIRY,2342.0,30
2017-04-29,3,DAIRY,2776.0,31
2017-04-30,3,DAIRY,2871.0,27
2017-05-01,3,DAIRY,3424.0,29
2017-05-02,3,DAIRY,2285.0,29
2017-05-03,3,DAIRY,2567.0,38
2017-05-04,3,DAIRY,2112.0,35
2017-05-05,3,DAIRY,2259.0,36
2017-05-06,3,DAIRY,3008.0,33
2017-05-07,3,DAIRY,3654.0,30
2017-05-08,3,DAIRY,2271.0,33
2017-05-09,3,DAIRY,1890.0,39
2017-05-10,3,DAIRY,2345.0,49
2017-05-11,3,DAIRY,1699.0,31
2017-05-12,3,DAIRY,2265.0,30
2017-05-13,3,DAIRY,3349.0,30
2017-05-14,3,DAIRY,2547.0,31
2017-05-15,3,DAIRY,1965.0,30
2017-05-16,3,DAIRY,2208.0,33
2017-05-17,3,DAIRY,2476.0,35
2017-05-18,3,DAIRY,1725.0,31
2017-05-19,3,DAIRY,2140.0,31
2017-05-20,3,DAIRY,3051.0,30
2017-05-21,3,DAIRY,3592.0,33
2017-05-22,3,DAIRY,2082.0,34
2017-05-23,3,DAIRY,1744.0,30
2017-05-24,3,DAIRY,2099.0,31
2017-05-25,3,DAIRY,1708.0,27
2017-05-26,3,DAIRY,2592.0,34
2017-05-27,3,DAIRY,2511.0,34
2017-05-28,3,DAIRY,2788.0,30
2017-05-29,3,DAIRY,2175.0,29
2017-05-30,3,DAIRY,1924.0,29
2017-05-31,3,DAIRY,2259.0,30
2017-06-01,3,DAIRY,2001.0,4
2017-06-02,3,DAIRY,2810.0,20
2017-06-03,3,DAIRY,3131.0,24
2017-06-04,3,DAIRY,4277.0,24
2017-06-05,3,DAIRY,2289.0,22
2017-06-06,3,DAIRY,1969.0,20
2017-06-07,3,DAIRY,2248.0,26
2017-06-08,3,DAIRY,1710.0,33
2017-06-09,3,DAIRY,2423.0,42
2017-06-10,3,DAIRY,2804.0,45
2017-06-11,3,DAIRY,3227.0,44
2017-06-12,3,DAIRY,2098.0,46
2017-06-13,3,DAIRY,1971.0,44
2017-06-14,3,DAIRY,2253.0,43
2017-06-15,3,DAIRY,1855.0,28
2017-06-16,3,DAIRY,2537.0,31
2017-06-17,3,DAIRY,3348.0,32
2017-06-18,3,DAIRY,2442.0,30
2017-06-19,3,DAIRY,2098.0,35
2017-06-20,3,DAIRY,1906.0,39
2017-06-21,3,DAIRY,2133.0,46
2017-06-22,3,DAIRY,1803.0,38
2017-06-23,3,DAIRY,2316.0,29
2017-06-24,3,DAIRY,2698.0,28
2017-06-25,3,DAIRY,3441.0,33
2017-06-26,3,DAIRY,2128.0,30
2017-06-27,3,DAIRY,1898.0,28
2017-06-28,3,DAIRY,2154.0,27
2017-06-29,3,DAIRY,1559.0,23
2017-06-30,3,DAIRY,2120.0,28
2017-07-01,3,DAIRY,3284.0,29
2017-07-02,3,DAIRY,3545.0,30
2017-07-03,3,DAIRY,2438.0,28
2017-07-04,3,DAIRY,1867.0,28
2017-07-05,3,DAIRY,2250.0,45
2017-07-06,3,DAIRY,1612.0,40
2017-07-07,3,DAIRY,2335.0,40
2017-07-08,3,DAIRY,2644.0,42
2017-07-09,3,DAIRY,3000.0,42
2017-07-10,3,DAIRY,2032.0,39
2017-07-11,3,DAIRY,1788.0,40
2017-07-12,3,DAIRY,2084.0,39
2017-07-13,3,DAIRY,1591.0,30
2017-07-14,3,DAIRY,2016.0,31
2017-07-15,3,DAIRY,2531.0,30
2017-07-16,3,DAIRY,2762.0,21
2017-07-17,3,DAIRY,2020.0,23
2017-07-18,3,DAIRY,1822.0,23
2017-07-19,3,DAIRY,2003.0,22
2017-07-20,3,DAIRY,1725.0,23
2017-07-21,3,DAIRY,2095.0,23
2017-07-22,3,DAIRY,2396.0,21
2017-07-23,3,DAIRY,2658.0,21
2017-07-24,3,DAIRY,2103.0,22
2017-07-25,3,DAIRY,1728.0,20
2017-07-26,3,DAIRY,1962.0,23
2017-07-27,3,DAIRY,1586.0,10
2017-07-28,3,DAIRY,2103.0,11
2017-07-29,3,DAIRY,2392.0,11
2017-07-30,3,DAIRY,2638.0,9
2017-07-31,3,DAIRY,1970.0,10
2017-01-01,3,DELI,0.0,0
2017-01-02,3,DELI,611.638,11
2017-01-03,3,DELI,346.988,7
2017-01-04,3,DELI,309.81,8
2017-01-05,3,DELI,347.902,1
2017-01-06,3,DELI,472.306,65
2017-01-07,3,DELI,574.943,3
2017-01-08,3,DELI,502.642,1
2017-01-09,3,DELI,347.276,7
2017-01-10,3,DELI,304.516,10
2017-01-11,3,DELI,334.536,9
2017-01-12,3,DELI,259.335,9
2017-01-13,3,DELI,425.933,68
2017-01-14,3,DELI,502.284,10
2017-01-15,3,DELI,509.296,9
2017-01-16,3,DELI,380.416,10
2017-01-17,3,DELI,381.191,10
2017-01-18,3,DELI,352.739,12
2017-01-19,3,DELI,286.111,11
2017-01-20,3,DELI,425.405,65
2017-01-21,3,DELI,664.497,13
2017-01-22,3,DELI,679.186,12
2017-01-23,3,DELI,406.646,11
2017-01-24,3,DELI,306.047,12
2017-01-25,3,DELI,401.672,13
2017-01-26,3,DELI,301.568,9
2017-01-27,3,DELI,437.491,65
2017-01-28,3,DELI,566.857,13
2017-01-29,3,DELI,571.576,12
2017-01-30,3,DELI,342.461,13
2017-01-31,3,DELI,372.245,13
2017-02-01,3,DELI,437.273,7
2017-02-02,3,DELI,340.061,7
2017-02-03,3,DELI,465.093,65
2017-02-04,3,DELI,592.494,7
2017-02-05,3,DELI,653.562,6
2017-02-06,3,DELI,371.641,6
2017-02-07,3,DELI,321.259,8
2017-02-08,3,DELI,454.206,12
2017-02-09,3,DELI,338.17,5
2017-02-10,3,DELI,423.784,68
2017-02-11,3,DELI,493.226,6
2017-02-12,3,DELI,536.637,6
2017-02-13,3,DELI,392.453,5
2017-02-14,3,DELI,276.307,6
2017-02-15,3,DELI,282.986,5
2017-02-16,3,DELI,315.495,6
2017-02-17,3,DELI,433.389,67
2017-02-18,3,DELI,598.393,6
2017-02-19,3,DELI,476.43,6
2017-02-20,3,DELI,367.454,6
2017-02-21,3,DELI,362.255,7
2017-02-22,3,DELI,297.491,5
2017-02-23,3,DELI,295.977,6
2017-02-24,3,DELI,497.006,67
2017-02-25,3,DELI,483.648,8
2017-02-26,3,DELI,327.45898,7
2017-02-27,3,DELI,308.512,6
2017-02-28,3,DELI,524.335,7
2017-03-01,3,DELI,410.007,3
2017-03-02,3,DELI,320.036,0
2017-03-03,3,DELI,409.082,62
2017-03-04,3,DELI,569.025,0
2017-03-05,3,DELI,620.626,0
2017-03-06,3,DELI,350.371,0
2017-03-07,3,DELI,313.901,0
2017-03-08,3,DELI,304.614,2
2017-03-09,3,DELI,241.505,5
2017-03-10,3,DELI,481.616,64
2017-03-11,3,DELI,554.781,4
2017-03-12,3,DELI,635.785,5
2017-03-13,3,DELI,427.49,4
2017-03-14,3,DELI,292.412,3
2017-03-15,3,DELI,390.766,4
2017-03-16,3,DELI,366.885,4
2017-03-17,3,DELI,529.68097,65
2017-03-18,3,DELI,658.73,2
2017-03-19,3,DELI,670.8,2
2017-03-20,3,DELI,421.632,5
2017-03-21,3,DELI,355.689,10
2017-03-22,3,DELI,343.84,12
2017-03-23,3,DELI,405.644,10
2017-03-24,3,DELI,473.161,66
2017-03-25,3,DELI,563.628,11
2017-03-26,3,DELI,682.952,13
2017-03-27,3,DELI,373.803,13
2017-03-28,3,DELI,401.8,13
2017-03-29,3,DELI,395.929,10
2017-03-30,3,DELI,356.799,11
2017-03-31,3,DELI,530.488,70
2017-04-01,3,DELI,852.963,13
2017-04-02,3,DELI,572.43,13
2017-04-03,3,DELI,423.497,11
2017-04-04,3,DELI,385.368,9
2017-04-05,3,DELI,441.682,10
2017-04-06,3,DELI,326.874,11
2017-04-07,3,DELI,470.774,70
2017-04-08,3,DELI,538.325,12
2017-04-09,3,DELI,710.493,11
2017-04-10,3,DELI,326.423,6
2017-04-11,3,DELI,361.731,5
2017-04-12,3,DELI,249.739,5
2017-04-13,3,DELI,279.004,7
2017-04-14,3,DELI,342.688,65
2017-04-15,3,DELI,509.58,6
2017-04-16,3,DELI,529.564,6
2017-04-17,3,DELI,410.239,7
2017-04-18,3,DELI,296.622,6
2017-04-19,3,DELI,346.401,5
2017-04-20,3,DELI,317.947,4
2017-04-21,3,DELI,481.977,69
2017-04-22,3,DELI,536.8,3
2017-04-23,3,DELI,626.812,3
2017-04-24,3,DELI,317.558,4
2017-04-25,3,DELI,349.113,5
2017-04-26,3,DELI,318.968,6
2017-04-27,3,DELI,278.921,5
2017-04-28,3,DELI,437.366,71
2017-04-29,3,DELI,493.197,5
2017-04-30,3,DELI,458.482,4
2017-05-01,3,DELI,678.882,1
2017-05-02,3,DELI,450.769,2
2017-05-03,3,DELI,381.175,3
2017-05-04,3,DELI,341.93,2
2017-05-05,3,DELI,384.715,69
2017-05-06,3,DELI,580.156,2
2017-05-07,3,DELI,590.376,2
2017-05-08,3,DELI,349.508,11
2017-05-09,3,DELI,267.87,9
2017-05-10,3,DELI,277.946,14
2017-05-11,3,DELI,236.014,10
2017-05-12,3,DELI,353.36,63
2017-05-13,3,DELI,610.804,14
2017-05-14,3,DELI,349.862,12
2017-05-15,3,DELI,356.37,11
2017-05-16,3,DELI,357.245,11
2017-05-17,3,DELI,387.195,13
2017-05-18,3,DELI,310.405,10
2017-05-19,3,DELI,440.226,67
2017-05-20,3,DELI,516.753,12
2017-05-21,3,DELI,617.894,13
2017-05-22,3,DELI,349.914,11
2017-05-23,3,DELI,320.292,11
2017-05-24,3,DELI,311.648,11
2017-05-25,3,DELI,280.905,9
2017-05-26,3,DELI,534.814,68
2017-05-27,3,DELI,496.309,11
2017-05-28,3,DELI,509.975,11
2017-05-29,3,DELI,346.603,13
2017-05-30,3,DELI,340.735,13
2017-05-31,3,DELI,365.209,12
2017-06-01,3,DELI,281.969,0
2017-06-02,3,DELI,554.311,64
2017-06-03,3,DELI,610.396,8
2017-06-04,3,DELI,626.743,8
2017-06-05,3,DELI,479.315,7
2017-06-06,3,DELI,306.48,8
2017-06-07,3,DELI,428.495,8
2017-06-08,3,DELI,366.407,8
2017-06-09,3,DELI,430.47,67
2017-06-10,3,DELI,516.493,8
2017-06-11,3,DELI,641.48,8
2017-06-12,3,DELI,385.67,11
2017-06-13,3,DELI,304.434,8
2017-06-14,3,DELI,408.287,8
2017-06-15,3,DELI,344.802,3
2017-06-16,3,DELI,488.582,68
2017-06-17,3,DELI,615.314,3
2017-06-18,3,DELI,426.107,3
2017-06-19,3,DELI,379.16,3
2017-06-20,3,DELI,312.406,3
2017-06-21,3,DELI,317.779,4
2017-06-22,3,DELI,283.979,1
2017-06-23,3,DELI,386.591,64
2017-06-24,3,DELI,484.281,1
2017-06-25,3,DELI,597.799,2
2017-06-26,3,DELI,338.905,3
2017-06-27,3,DELI,331.961,1
2017-06-28,3,DELI,271.286,2
2017-06-29,3,DELI,264.763,1
2017-06-30,3,DELI,385.599,69
2017-07-01,3,DELI,627.458,1
2017-07-02,3,DELI,529.685,1
2017-07-03,3,DELI,489.995,2
2017-07-04,3,DELI,348.662,4
2017-07-05,3,DELI,375.907,15
2017-07-06,3,DELI,288.878,14
2017-07-07,3,DELI,517.359,70
2017-07-08,3,DELI,537.383,15
2017-07-09,3,DELI,511.031,14
2017-07-10,3,DELI,362.794,13
2017-07-11,3,DELI,346.776,14
2017-07-12,3,DELI,311.454,16
2017-07-13,3,DELI,246.672,13
2017-07-14,3,DELI,416.629,66
2017-07-15,3,DELI,479.062,15
2017-07-16,3,DELI,492.26,15
2017-07-17,3,DELI,415.321,15
2017-07-18,3,DELI,316.861,16
2017-07-19,3,DELI,307.924,15
2017-07-20,3,DELI,314.574,15
2017-07-21,3,DELI,452.379,66
2017-07-22,3,DELI,442.701,16
2017-07-23,3,DELI,408.683,14
2017-07-24,3,DELI,308.839,16
2017-07-25,3,DELI,300.198,16
2017-07-26,3,DELI,260.741,16
2017-07-27,3,DELI,283.61,10
2017-07-28,3,DELI,429.948,66
2017-07-29,3,DELI,418.514,9
2017-07-30,3,DELI,493.467,7
2017-07-31,3,DELI,313.129,9
2017-01-01,3,EGGS,0.0,0
2017-01-02,3,EGGS,853.0,0
2017-01-03,3,EGGS,664.0,0
2017-01-04,3,EGGS,596.0,0
2017-01-05,3,EGGS,447.0,2
2017-01-06,3,EGGS,512.0,31
2017-01-07,3,EGGS,617.0,2
2017-01-08,3,EGGS,727.0,2
2017-01-09,3,EGGS,440.0,2
2017-01-10,3,EGGS,416.0,2
2017-01-11,3,EGGS,437.0,2
2017-01-12,3,EGGS,362.0,2
2017-01-13,3,EGGS,494.0,31
2017-01-14,3,EGGS,606.0,2
2017-01-15,3,EGGS,743.0,2
2017-01-16,3,EGGS,496.0,2
2017-01-17,3,EGGS,431.0,2
2017-01-18,3,EGGS,479.0,2
2017-01-19,3,EGGS,345.0,2
2017-01-20,3,EGGS,481.0,32
2017-01-21,3,EGGS,726.0,2
2017-01-22,3,EGGS,765.0,2
2017-01-23,3,EGGS,501.0,2
2017-01-24,3,EGGS,393.0,2
2017-01-25,3,EGGS,447.0,2
2017-01-26,3,EGGS,339.0,2
2017-01-27,3,EGGS,493.0,32
2017-01-28,3,EGGS,616.0,2
2017-01-29,3,EGGS,648.0,2
2017-01-30,3,EGGS,434.0,2
2017-01-31,3,EGGS,449.0,2
2017-02-01,3,EGGS,561.0,0
2017-02-02,3,EGGS,379.0,0
2017-02-03,3,EGGS,522.0,31
2017-02-04,3,EGGS,638.0,0
2017-02-05,3,EGGS,691.0,0
2017-02-06,3,EGGS,498.0,0
2017-02-07,3,EGGS,361.0,0
2017-02-08,3,EGGS,462.0,0
2017-02-09,3,EGGS,386.0,0
2017-02-10,3,EGGS,477.0,31
2017-02-11,3,EGGS,573.0,0
2017-02-12,3,EGGS,700.0,0
2017-02-13,3,EGGS,557.0,0
2017-02-14,3,EGGS,348.0,0
2017-02-15,3,EGGS,470.0,1
2017-02-16,3,EGGS,443.0,1
2017-02-17,3,EGGS,554.0,31
2017-02-18,3,EGGS,747.0,1
2017-02-19,3,EGGS,549.0,1
2017-02-20,3,EGGS,488.0,1
2017-02-21,3,EGGS,469.0,1
2017-02-22,3,EGGS,458.0,1
2017-02-23,3,EGGS,362.0,1
2017-02-24,3,EGGS,546.0,31
2017-02-25,3,EGGS,550.0,1
2017-02-26,3,EGGS,449.0,1
2017-02-27,3,EGGS,409.0,1
2017-02-28,3,EGGS,618.0,1
2017-03-01,3,EGGS,618.0,4
2017-03-02,3,EGGS,511.0,1
2017-03-03,3,EGGS,631.0,30
2017-03-04,3,EGGS,697.0,1
2017-03-05,3,EGGS,753.0,1
2017-03-06,3,EGGS,530.0,1
2017-03-07,3,EGGS,397.0,1
2017-03-08,3,EGGS,446.0,1
2017-03-09,3,EGGS,360.0,0
2017-03-10,3,EGGS,532.0,30
2017-03-11,3,EGGS,638.0,0
2017-03-12,3,EGGS,760.0,0
2017-03-13,3,EGGS,474.0,0
2017-03-14,3,EGGS,375.0,0
2017-03-15,3,EGGS,494.0,0
2017-03-16,3,EGGS,417.0,0
2017-03-17,3,EGGS,554.0,32
2017-03-18,3,EGGS,638.0,0
2017-03-19,3,EGGS,825.0,0
2017-03-20,3,EGGS,513.0,0
2017-03-21,3,EGGS,402.0,0
2017-03-22,3,EGGS,479.0,0
2017-03-23,3,EGGS,364.0,0
2017-03-24,3,EGGS,474.0,30
2017-03-25,3,EGGS,643.0,2
2017-03-26,3,EGGS,639.0,2
2017-03-27,3,EGGS,436.0,2
2017-03-28,3,EGGS,391.0,2
2017-03-29,3,EGGS,515.0,2
2017-03-30,3,EGGS,377.0,2
2017-03-31,3,EGGS,620.0,31
2017-04-01,3,EGGS,898.0,2
2017-04-02,3,EGGS,659.0,2
2017-04-03,3,EGGS,463.0,2
2017-04-04,3,EGGS,472.0,2
2017-04-05,3,EGGS,517.0,2
2017-04-06,3,EGGS,412.0,2
2017-04-07,3,EGGS,577.0,31
2017-04-08,3,EGGS,607.0,3
2017-04-09,3,EGGS,692.0,2
2017-04-10,3,EGGS,418.0,3
2017-04-11,3,EGGS,451.0,3
2017-04-12,3,EGGS,479.0,2
2017-04-13,3,EGGS,475.0,3
2017-04-14,3,EGGS,415.0,31
2017-04-15,3,EGGS,554.0,1
2017-04-16,3,EGGS,641.0,1
2017-04-17,3,EGGS,464.0,1
2017-04-18,3,EGGS,443.0,1
2017-04-19,3,EGGS,516.0,1
2017-04-20,3,EGGS,405.0,2
2017-04-21,3,EGGS,570.0,32
2017-04-22,3,EGGS,632.0,2
2017-04-23,3,EGGS,789.0,2
2017-04-24,3,EGGS,472.0,1
2017-04-25,3,EGGS,414.0,2
2017-04-26,3,EGGS,484.0,1
2017-04-27,3,EGGS,356.0,2
2017-04-28,3,EGGS,514.0,32
2017-04-29,3,EGGS,543.0,1
2017-04-30,3,EGGS,546.0,1
2017-05-01,3,EGGS,728.0,2
2017-05-02,3,EGGS,471.0,2
2017-05-03,3,EGGS,557.0,1
2017-05-04,3,EGGS,396.0,2
2017-05-05,3,EGGS,471.0,32
2017-05-06,3,EGGS,639.0,1
2017-05-07,3,EGGS,806.0,1
2017-05-08,3,EGGS,446.0,1
2017-05-09,3,EGGS,428.0,1
2017-05-10,3,EGGS,430.0,3
2017-05-11,3,EGGS,348.0,2
2017-05-12,3,EGGS,462.0,31
2017-05-13,3,EGGS,701.0,2
2017-05-14,3,EGGS,472.0,1
2017-05-15,3,EGGS,506.0,1
2017-05-16,3,EGGS,456.0,1
2017-05-17,3,EGGS,526.0,1
2017-05-18,3,EGGS,391.0,1
2017-05-19,3,EGGS,480.0,31
2017-05-20,3,EGGS,630.0,1
2017-05-21,3,EGGS,766.0,1
2017-05-22,3,EGGS,484.0,2
2017-05-23,3,EGGS,381.0,1
2017-05-24,3,EGGS,407.0,2
2017-05-25,3,EGGS,371.0,1
2017-05-26,3,EGGS,565.0,31
2017-05-27,3,EGGS,544.0,2
2017-05-28,3,EGGS,639.0,1
2017-05-29,3,EGGS,509.0,1
2017-05-30,3,EGGS,437.0,1
2017-05-31,3,EGGS,492.0,1
2017-06-01,3,EGGS,450.0,0
2017-06-02,3,EGGS,683.0,32
2017-06-03,3,EGGS,732.0,3
2017-06-04,3,EGGS,971.0,4
2017-06-05,3,EGGS,597.0,3
2017-06-06,3,EGGS,448.0,3
2017-06-07,3,EGGS,550.0,3
2017-06-08,3,EGGS,393.0,3
2017-06-09,3,EGGS,603.0,31
2017-06-10,3,EGGS,617.0,4
2017-06-11,3,EGGS,819.0,3
2017-06-12,3,EGGS,496.0,3
2017-06-13,3,EGGS,435.0,3
2017-06-14,3,EGGS,562.0,4
2017-06-15,3,EGGS,436.0,3
2017-06-16,3,EGGS,642.0,30
2017-06-17,3,EGGS,840.0,3
2017-06-18,3,EGGS,601.0,3
2017-06-19,3,EGGS,547.0,3
2017-06-20,3,EGGS,526.0,3
2017-06-21,3,EGGS,495.0,3
2017-06-22,3,EGGS,398.0,0
2017-06-23,3,EGGS,555.0,32
2017-06-24,3,EGGS,584.0,0
2017-06-25,3,EGGS,730.0,0
2017-06-26,3,EGGS,463.0,1
2017-06-27,3,EGGS,424.0,0
2017-06-28,3,EGGS,459.0,0
2017-06-29,3,EGGS,338.0,0
2017-06-30,3,EGGS,518.0,32
2017-07-01,3,EGGS,666.0,1
2017-07-02,3,EGGS,757.0,0
2017-07-03,3,EGGS,565.0,0
2017-07-04,3,EGGS,429.0,1
2017-07-05,3,EGGS,480.0,1
2017-07-06,3,EGGS,375.0,0
2017-07-07,3,EGGS,522.0,32
2017-07-08,3,EGGS,608.0,0
2017-07-09,3,EGGS,631.0,0
2017-07-10,3,EGGS,455.0,0
2017-07-11,3,EGGS,398.0,0
2017-07-12,3,EGGS,458.0,0
2017-07-13,3,EGGS,373.0,0
2017-07-14,3,EGGS,486.0,31
2017-07-15,3,EGGS,593.0,0
2017-07-16,3,EGGS,704.0,0
2017-07-17,3,EGGS,519.0,0
2017-07-18,3,EGGS,446.0,0
2017-07-19,3,EGGS,455.0,0
2017-07-20,3,EGGS,402.0,0
2017-07-21,3,EGGS,547.0,31
2017-07-22,3,EGGS,575.0,0
2017-07-23,3,EGGS,676.0,0
2017-07-24,3,EGGS,472.0,0
2017-07-25,3,EGGS,416.0,0
2017-07-26,3,EGGS,426.0,0
2017-07-27,3,EGGS,388.0,0
2017-07-28,3,EGGS,558.0,32
2017-07-29,3,EGGS,580.0,0
2017-07-30,3,EGGS,643.0,0
2017-07-31,3,EGGS,507.0,0
2017-01-01,3,FROZEN FOODS,0.0,0
2017-01-02,3,FROZEN FOODS,613.321,2
2017-01-03,3,FROZEN FOODS,437.233,1
2017-01-04,3,FROZEN FOODS,471.367,3
2017-01-05,3,FROZEN FOODS,348.275,3
2017-01-06,3,FROZEN FOODS,503.486,3
2017-01-07,3,FROZEN FOODS,574.885,3
2017-01-08,3,FROZEN FOODS,591.698,4
2017-01-09,3,FROZEN FOODS,279.375,2
2017-01-10,3,FROZEN FOODS,323.556,2
2017-01-11,3,FROZEN FOODS,328.727,2
2017-01-12,3,FROZEN FOODS,273.631,4
2017-01-13,3,FROZEN FOODS,437.234,3
2017-01-14,3,FROZEN FOODS,530.557,3
2017-01-15,3,FROZEN FOODS,478.163,1
2017-01-16,3,FROZEN FOODS,319.313,1
2017-01-17,3,FROZEN FOODS,250.144,4
2017-01-18,3,FROZEN FOODS,312.035,3
2017-01-19,3,FROZEN FOODS,291.044,3
2017-01-20,3,FROZEN FOODS,278.774,4
2017-01-21,3,FROZEN FOODS,515.918,3
2017-01-22,3,FROZEN FOODS,513.808,3
2017-01-23,3,FROZEN FOODS,340.341,3
2017-01-24,3,FROZEN FOODS,275.358,2
2017-01-25,3,FROZEN FOODS,291.659,4
2017-01-26,3,FROZEN FOODS,250.668,2
2017-01-27,3,FROZEN FOODS,383.8,3
2017-01-28,3,FROZEN FOODS,484.0,2
2017-01-29,3,FROZEN FOODS,419.379,2
2017-01-30,3,FROZEN FOODS,238.0,3
2017-01-31,3,FROZEN FOODS,272.838,2
2017-02-01,3,FROZEN FOODS,352.483,2
2017-02-02,3,FROZEN FOODS,241.41,2
2017-02-03,3,FROZEN FOODS,374.667,3
2017-02-04,3,FROZEN FOODS,434.68,5
2017-02-05,3,FROZEN FOODS,531.394,4
2017-02-06,3,FROZEN FOODS,289.51,3
2017-02-07,3,FROZEN FOODS,291.368,5
2017-02-08,3,FROZEN FOODS,353.867,8
2017-02-09,3,FROZEN FOODS,281.775,1
2017-02-10,3,FROZEN FOODS,409.141,3
2017-02-11,3,FROZEN FOODS,513.959,2
2017-02-12,3,FROZEN FOODS,491.115,2
2017-02-13,3,FROZEN FOODS,273.0,1
2017-02-14,3,FROZEN FOODS,248.774,1
2017-02-15,3,FROZEN FOODS,311.121,4
2017-02-16,3,FROZEN FOODS,274.876,3
2017-02-17,3,FROZEN FOODS,338.359,4
2017-02-18,3,FROZEN FOODS,518.071,3
2017-02-19,3,FROZEN FOODS,368.141,3
2017-02-20,3,FROZEN FOODS,240.419,3
2017-02-21,3,FROZEN FOODS,227.0,3
2017-02-22,3,FROZEN FOODS,284.625,3
2017-02-23,3,FROZEN FOODS,217.195,2
2017-02-24,3,FROZEN FOODS,321.5,3
2017-02-25,3,FROZEN FOODS,400.0,3
2017-02-26,3,FROZEN FOODS,297.928,3
2017-02-27,3,FROZEN FOODS,329.127,3
2017-02-28,3,FROZEN FOODS,365.253,3
2017-03-01,3,FROZEN FOODS,345.077,3
2017-03-02,3,FROZEN FOODS,322.829,2
2017-03-03,3,FROZEN FOODS,457.574,2
2017-03-04,3,FROZEN FOODS,563.132,2
2017-03-05,3,FROZEN FOODS,516.59,2
2017-03-06,3,FROZEN FOODS,268.0,2
2017-03-07,3,FROZEN FOODS,247.0,3
2017-03-08,3,FROZEN FOODS,291.429,3
2017-03-09,3,FROZEN FOODS,244.419,2
2017-03-10,3,FROZEN FOODS,414.396,3
2017-03-11,3,FROZEN FOODS,428.371,3
2017-03-12,3,FROZEN FOODS,439.644,3
2017-03-13,3,FROZEN FOODS,248.356,2
2017-03-14,3,FROZEN FOODS,248.485,3
2017-03-15,3,FROZEN FOODS,341.411,3
2017-03-16,3,FROZEN FOODS,314.138,3
2017-03-17,3,FROZEN FOODS,366.315,3
2017-03-18,3,FROZEN FOODS,415.296,3
2017-03-19,3,FROZEN FOODS,494.792,3
2017-03-20,3,FROZEN FOODS,352.025,3
2017-03-21,3,FROZEN FOODS,284.344,3
2017-03-22,3,FROZEN FOODS,297.003,3
2017-03-23,3,FROZEN FOODS,280.884,2
2017-03-24,3,FROZEN FOODS,343.724,2
2017-03-25,3,FROZEN FOODS,448.417,2
2017-03-26,3,FROZEN FOODS,412.976,2
2017-03-27,3,FROZEN FOODS,278.41,2
2017-03-28,3,FROZEN FOODS,238.745,2
2017-03-29,3,FROZEN FOODS,281.938,2
2017-03-30,3,FROZEN FOODS,266.623,3
2017-03-31,3,FROZEN FOODS,457.046,3
2017-04-01,3,FROZEN FOODS,544.24,1
2017-04-02,3,FROZEN FOODS,533.543,0
2017-04-03,3,FROZEN FOODS,233.365,0
2017-04-04,3,FROZEN FOODS,253.626,0
2017-04-05,3,FROZEN FOODS,300.108,1
2017-04-06,3,FROZEN FOODS,246.554,0
2017-04-07,3,FROZEN FOODS,333.795,2
2017-04-08,3,FROZEN FOODS,457.121,0
2017-04-09,3,FROZEN FOODS,446.629,2
2017-04-10,3,FROZEN FOODS,267.705,3
2017-04-11,3,FROZEN FOODS,261.496,0
2017-04-12,3,FROZEN FOODS,318.154,5
2017-04-13,3,FROZEN FOODS,347.849,3
2017-04-14,3,FROZEN FOODS,327.003,2
2017-04-15,3,FROZEN FOODS,442.616,4
2017-04-16,3,FROZEN FOODS,416.969,3
2017-04-17,3,FROZEN FOODS,344.429,5
2017-04-18,3,FROZEN FOODS,236.522,3
2017-04-19,3,FROZEN FOODS,372.151,2
2017-04-20,3,FROZEN FOODS,225.497,2
2017-04-21,3,FROZEN FOODS,435.687,2
2017-04-22,3,FROZEN FOODS,465.32,2
2017-04-23,3,FROZEN FOODS,465.732,2
2017-04-24,3,FROZEN FOODS,245.759,2
2017-04-25,3,FROZEN FOODS,365.043,2
2017-04-26,3,FROZEN FOODS,322.958,3
2017-04-27,3,FROZEN FOODS,277.657,3
2017-04-28,3,FROZEN FOODS,439.698,4
2017-04-29,3,FROZEN FOODS,443.969,2
2017-04-30,3,FROZEN FOODS,403.601,3
2017-05-01,3,FROZEN FOODS,576.897,2
2017-05-02,3,FROZEN FOODS,373.928,2
2017-05-03,3,FROZEN FOODS,336.011,2
2017-05-04,3,FROZEN FOODS,271.839,4
2017-05-05,3,FROZEN FOODS,430.02,3
2017-05-06,3,FROZEN FOODS,609.798,2
2017-05-07,3,FROZEN FOODS,509.373,2
2017-05-08,3,FROZEN FOODS,344.355,2
2017-05-09,3,FROZEN FOODS,260.498,3
2017-05-10,3,FROZEN FOODS,351.589,4
2017-05-11,3,FROZEN FOODS,322.183,3
2017-05-12,3,FROZEN FOODS,438.726,4
2017-05-13,3,FROZEN FOODS,586.273,3
2017-05-14,3,FROZEN FOODS,467.368,3
2017-05-15,3,FROZEN FOODS,275.871,3
2017-05-16,3,FROZEN FOODS,251.977,3
2017-05-17,3,FROZEN FOODS,359.714,3
2017-05-18,3,FROZEN FOODS,292.224,4
2017-05-19,3,FROZEN FOODS,357.22,3
2017-05-20,3,FROZEN FOODS,550.41,4
2017-05-21,3,FROZEN FOODS,545.135,3
2017-05-22,3,FROZEN FOODS,321.302,4
2017-05-23,3,FROZEN FOODS,277.421,3
2017-05-24,3,FROZEN FOODS,293.913,3
2017-05-25,3,FROZEN FOODS,308.292,3
2017-05-26,3,FROZEN FOODS,619.30597,4
2017-05-27,3,FROZEN FOODS,450.944,3
2017-05-28,3,FROZEN FOODS,387.769,3
2017-05-29,3,FROZEN FOODS,253.962,3
2017-05-30,3,FROZEN FOODS,263.586,3
2017-05-31,3,FROZEN FOODS,277.715,4
2017-06-01,3,FROZEN FOODS,293.438,0
2017-06-02,3,FROZEN FOODS,498.25,3
2017-06-03,3,FROZEN FOODS,547.917,1
2017-06-04,3,FROZEN FOODS,569.902,3
2017-06-05,3,FROZEN FOODS,363.898,2
2017-06-06,3,FROZEN FOODS,285.227,1
2017-06-07,3,FROZEN FOODS,390.258,4
2017-06-08,3,FROZEN FOODS,274.872,2
2017-06-09,3,FROZEN FOODS,392.726,2
2017-06-10,3,FROZEN FOODS,525.739,1
2017-06-11,3,FROZEN FOODS,447.592,3
2017-06-12,3,FROZEN FOODS,308.968,2
2017-06-13,3,FROZEN FOODS,343.115,1
2017-06-14,3,FROZEN FOODS,427.415,1
2017-06-15,3,FROZEN FOODS,365.782,2
2017-06-16,3,FROZEN FOODS,493.214,3
2017-06-17,3,FROZEN FOODS,583.856,1
2017-06-18,3,FROZEN FOODS,429.387,1
2017-06-19,3,FROZEN FOODS,272.064,4
2017-06-20,3,FROZEN FOODS,284.695,1
2017-06-21,3,FROZEN FOODS,384.697,1
2017-06-22,3,FROZEN FOODS,275.226,0
2017-06-23,3,FROZEN FOODS,425.346,2
2017-06-24,3,FROZEN FOODS,465.152,0
2017-06-25,3,FROZEN FOODS,456.423,1
2017-06-26,3,FROZEN FOODS,248.329,0
2017-06-27,3,FROZEN FOODS,238.647,0
2017-06-28,3,FROZEN FOODS,322.102,0
2017-06-29,3,FROZEN FOODS,244.094,1
2017-06-30,3,FROZEN FOODS,438.882,2
2017-07-01,3,FROZEN FOODS,582.435,1
2017-07-02,3,FROZEN FOODS,554.888,1
2017-07-03,3,FROZEN FOODS,396.474,1
2017-07-04,3,FROZEN FOODS,351.287,1
2017-07-05,3,FROZEN FOODS,376.35,2
2017-07-06,3,FROZEN FOODS,306.326,0
2017-07-07,3,FROZEN FOODS,371.493,0
2017-07-08,3,FROZEN FOODS,516.676,0
2017-07-09,3,FROZEN FOODS,509.053,0
2017-07-10,3,FROZEN FOODS,350.093,0
2017-07-11,3,FROZEN FOODS,340.268,0
2017-07-12,3,FROZEN FOODS,397.256,1
2017-07-13,3,FROZEN FOODS,139.657,1
2017-07-14,3,FROZEN FOODS,402.424,1
2017-07-15,3,FROZEN FOODS,494.828,1
2017-07-16,3,FROZEN FOODS,502.308,1
2017-07-17,3,FROZEN FOODS,260.017,1
2017-07-18,3,FROZEN FOODS,265.216,1
2017-07-19,3,FROZEN FOODS,340.293,1
2017-07-20,3,FROZEN FOODS,328.425,1
2017-07-21,3,FROZEN FOODS,408.418,2
2017-07-22,3,FROZEN FOODS,516.485,1
2017-07-23,3,FROZEN FOODS,435.045,1
2017-07-24,3,FROZEN FOODS,305.066,1
2017-07-25,3,FROZEN FOODS,273.492,1
2017-07-26,3,FROZEN FOODS,335.565,1
2017-07-27,3,FROZEN FOODS,278.977,1
2017-07-28,3,FROZEN FOODS,409.887,2
2017-07-29,3,FROZEN FOODS,535.112,1
2017-07-30,3,FROZEN FOODS,438.421,1
2017-07-31,3,FROZEN FOODS,353.889,2
2017-01-01,3,GROCERY I,0.0,0
2017-01-02,3,GROCERY I,15054.0,98
2017-01-03,3,GROCERY I,11312.0,91
2017-01-04,3,GROCERY I,10457.0,129
2017-01-05,3,GROCERY I,8745.0,56
2017-01-06,3,GROCERY I,10156.0,64
2017-01-07,3,GROCERY I,12612.0,71
2017-01-08,3,GROCERY I,12486.0,59
2017-01-09,3,GROCERY I,8228.0,59
2017-01-10,3,GROCERY I,7715.0,63
2017-01-11,3,GROCERY I,7801.0,64
2017-01-12,3,GROCERY I,7212.0,58
2017-01-13,3,GROCERY I,7986.0,62
2017-01-14,3,GROCERY I,11153.0,60
2017-01-15,3,GROCERY I,12620.0,63
2017-01-16,3,GROCERY I,8560.0,58
2017-01-17,3,GROCERY I,6800.0,58
2017-01-18,3,GROCERY I,7822.0,73
2017-01-19,3,GROCERY I,6268.0,68
2017-01-20,3,GROCERY I,7448.0,60
2017-01-21,3,GROCERY I,11512.0,61
2017-01-22,3,GROCERY I,12885.0,55
2017-01-23,3,GROCERY I,9069.0,62
2017-01-24,3,GROCERY I,6666.0,62
2017-01-25,3,GROCERY I,7552.0,75
2017-01-26,3,GROCERY I,6174.0,40
2017-01-27,3,GROCERY I,8985.0,37
2017-01-28,3,GROCERY I,9820.0,42
2017-01-29,3,GROCERY I,10047.0,41
2017-01-30,3,GROCERY I,6759.0,37
2017-01-31,3,GROCERY I,8093.0,33
2017-02-01,3,GROCERY I,9462.0,57
2017-02-02,3,GROCERY I,6846.0,40
2017-02-03,3,GROCERY I,8921.0,44
2017-02-04,3,GROCERY I,11296.0,46
2017-02-05,3,GROCERY I,12773.0,37
2017-02-06,3,GROCERY I,8572.0,55
2017-02-07,3,GROCERY I,7827.0,60
2017-02-08,3,GROCERY I,8145.0,83
2017-02-09,3,GROCERY I,7829.0,43
2017-02-10,3,GROCERY I,8124.0,46
2017-02-11,3,GROCERY I,9317.0,42
2017-02-12,3,GROCERY I,11778.0,41
2017-02-13,3,GROCERY I,8964.0,43
2017-02-14,3,GROCERY I,6347.0,36
2017-02-15,3,GROCERY I,7494.0,60
2017-02-16,3,GROCERY I,7311.0,62
2017-02-17,3,GROCERY I,8857.0,66
2017-02-18,3,GROCERY I,12994.0,62
2017-02-19,3,GROCERY I,8684.0,64
2017-02-20,3,GROCERY I,8080.0,64
2017-02-21,3,GROCERY I,8161.0,62
2017-02-22,3,GROCERY I,7877.0,76
2017-02-23,3,GROCERY I,7031.0,73
2017-02-24,3,GROCERY I,8779.0,73
2017-02-25,3,GROCERY I,9454.0,77
2017-02-26,3,GROCERY I,7123.0,74
2017-02-27,3,GROCERY I,6974.0,73
2017-02-28,3,GROCERY I,10543.0,75
2017-03-01,3,GROCERY I,9703.0,72
2017-03-02,3,GROCERY I,8643.0,56
2017-03-03,3,GROCERY I,10069.0,56
2017-03-04,3,GROCERY I,12670.0,58
2017-03-05,3,GROCERY I,13330.0,61
2017-03-06,3,GROCERY I,8542.0,41
2017-03-07,3,GROCERY I,7709.0,40
2017-03-08,3,GROCERY I,7541.0,42
2017-03-09,3,GROCERY I,7513.0,35
2017-03-10,3,GROCERY I,8659.0,32
2017-03-11,3,GROCERY I,10726.0,31
2017-03-12,3,GROCERY I,13894.0,33
2017-03-13,3,GROCERY I,8333.0,29
2017-03-14,3,GROCERY I,7045.0,27
2017-03-15,3,GROCERY I,8028.0,30
2017-03-16,3,GROCERY I,7006.0,26
2017-03-17,3,GROCERY I,8462.0,26
2017-03-18,3,GROCERY I,10545.0,27
2017-03-19,3,GROCERY I,13166.0,24
2017-03-20,3,GROCERY I,8223.0,23
2017-03-21,3,GROCERY I,7293.0,23
2017-03-22,3,GROCERY I,7279.0,31
2017-03-23,3,GROCERY I,7561.0,27
2017-03-24,3,GROCERY I,7921.0,30
2017-03-25,3,GROCERY I,10628.0,33
2017-03-26,3,GROCERY I,11000.0,31
2017-03-27,3,GROCERY I,7290.0,27
2017-03-28,3,GROCERY I,7045.0,36
2017-03-29,3,GROCERY I,8819.0,40
2017-03-30,3,GROCERY I,7094.0,52
2017-03-31,3,GROCERY I,11041.0,53
2017-04-01,3,GROCERY I,17714.0,53
2017-04-02,3,GROCERY I,12743.0,52
2017-04-03,3,GROCERY I,9099.0,50
2017-04-04,3,GROCERY I,8031.0,50
2017-04-05,3,GROCERY I,9300.0,62
2017-04-06,3,GROCERY I,7798.0,57
2017-04-07,3,GROCERY I,9201.0,56
2017-04-08,3,GROCERY I,10687.0,63
2017-04-09,3,GROCERY I,12708.0,60
2017-04-10,3,GROCERY I,7097.0,71
2017-04-11,3,GROCERY I,7639.0,59
2017-04-12,3,GROCERY I,7766.0,95
2017-04-13,3,GROCERY I,7750.0,87
2017-04-14,3,GROCERY I,7135.0,98
2017-04-15,3,GROCERY I,9694.0,102
2017-04-16,3,GROCERY I,11474.0,94
2017-04-17,3,GROCERY I,8234.0,93
2017-04-18,3,GROCERY I,7278.0,94
2017-04-19,3,GROCERY I,8810.0,120
2017-04-20,3,GROCERY I,6865.0,108
2017-04-21,3,GROCERY I,9095.0,96
2017-04-22,3,GROCERY I,10859.0,104
2017-04-23,3,GROCERY I,12557.0,104
2017-04-24,3,GROCERY I,7304.0,98
2017-04-25,3,GROCERY I,7219.0,99
2017-04-26,3,GROCERY I,7203.0,99
2017-04-27,3,GROCERY I,5520.0,102
2017-04-28,3,GROCERY I,7888.0,98
2017-04-29,3,GROCERY I,9593.0,92
2017-04-30,3,GROCERY I,9537.0,90
2017-05-01,3,GROCERY I,12777.0,80
2017-05-02,3,GROCERY I,8182.0,82
2017-05-03,3,GROCERY I,10304.0,101
2017-05-04,3,GROCERY I,6669.0,78
2017-05-05,3,GROCERY I,8177.0,81
2017-05-06,3,GROCERY I,10535.0,65
2017-05-07,3,GROCERY I,12460.0,67
2017-05-08,3,GROCERY I,8191.0,69
2017-05-09,3,GROCERY I,7425.0,70
2017-05-10,3,GROCERY I,7776.0,91
2017-05-11,3,GROCERY I,7185.0,61
2017-05-12,3,GROCERY I,9084.0,54
2017-05-13,3,GROCERY I,11366.0,58
2017-05-14,3,GROCERY I,8297.0,54
2017-05-15,3,GROCERY I,8045.0,58
2017-05-16,3,GROCERY I,8359.0,63
2017-05-17,3,GROCERY I,9176.0,60
2017-05-18,3,GROCERY I,6447.0,50
2017-05-19,3,GROCERY I,7241.0,46
2017-05-20,3,GROCERY I,10602.0,47
2017-05-21,3,GROCERY I,13526.0,51
2017-05-22,3,GROCERY I,7537.0,44
2017-05-23,3,GROCERY I,6555.0,49
2017-05-24,3,GROCERY I,7307.0,47
2017-05-25,3,GROCERY I,7655.0,46
2017-05-26,3,GROCERY I,9914.0,56
2017-05-27,3,GROCERY I,9333.0,50
2017-05-28,3,GROCERY I,9798.0,48
2017-05-29,3,GROCERY I,8254.0,52
2017-05-30,3,GROCERY I,7076.0,47
2017-05-31,3,GROCERY I,8398.0,49
2017-06-01,3,GROCERY I,8065.0,13
2017-06-02,3,GROCERY I,10054.0,45
2017-06-03,3,GROCERY I,12902.0,49
2017-06-04,3,GROCERY I,14790.0,43
2017-06-05,3,GROCERY I,9111.0,48
2017-06-06,3,GROCERY I,7222.0,49
2017-06-07,3,GROCERY I,9042.0,61
2017-06-08,3,GROCERY I,7427.0,62
2017-06-09,3,GROCERY I,9236.0,70
2017-06-10,3,GROCERY I,9768.0,68
2017-06-11,3,GROCERY I,11784.0,72
2017-06-12,3,GROCERY I,7211.0,72
2017-06-13,3,GROCERY I,6908.0,63
2017-06-14,3,GROCERY I,8137.0,80
2017-06-15,3,GROCERY I,6724.0,62
2017-06-16,3,GROCERY I,8932.0,74
2017-06-17,3,GROCERY I,11394.0,71
2017-06-18,3,GROCERY I,8410.0,71
2017-06-19,3,GROCERY I,7631.0,67
2017-06-20,3,GROCERY I,7628.0,64
2017-06-21,3,GROCERY I,8082.0,93
2017-06-22,3,GROCERY I,6245.0,63
2017-06-23,3,GROCERY I,8422.0,72
2017-06-24,3,GROCERY I,10224.0,74
2017-06-25,3,GROCERY I,12200.0,73
2017-06-26,3,GROCERY I,7282.0,60
2017-06-27,3,GROCERY I,6773.0,49
2017-06-28,3,GROCERY I,7481.0,67
2017-06-29,3,GROCERY I,6005.0,71
2017-06-30,3,GROCERY I,8229.0,69
2017-07-01,3,GROCERY I,12200.0,70
2017-07-02,3,GROCERY I,12303.0,65
2017-07-03,3,GROCERY I,8998.0,67
2017-07-04,3,GROCERY I,7346.0,84
2017-07-05,3,GROCERY I,8863.0,110
2017-07-06,3,GROCERY I,6477.0,69
2017-07-07,3,GROCERY I,8899.0,65
2017-07-08,3,GROCERY I,9921.0,62
2017-07-09,3,GROCERY I,10352.0,62
2017-07-10,3,GROCERY I,7708.0,62
2017-07-11,3,GROCERY I,7372.0,69
2017-07-12,3,GROCERY I,7452.0,76
2017-07-13,3,GROCERY I,5749.0,73
2017-07-14,3,GROCERY I,7365.0,82
2017-07-15,3,GROCERY I,10013.0,84
2017-07-16,3,GROCERY I,10376.0,81
2017-07-17,3,GROCERY I,8492.0,74
2017-07-18,3,GROCERY I,6796.0,76
2017-07-19,3,GROCERY I,8256.0,84
2017-07-20,3,GROCERY I,6633.0,78
2017-07-21,3,GROCERY I,8306.0,86
2017-07-22,3,GROCERY I,9614.0,86
2017-07-23,3,GROCERY I,9701.0,86
2017-07-24,3,GROCERY I,7794.0,86
2017-07-25,3,GROCERY I,6825.0,82
2017-07-26,3,GROCERY I,7100.0,86
2017-07-27,3,GROCERY I,6332.0,68
2017-07-28,3,GROCERY I,8176.0,72
2017-07-29,3,GROCERY I,8949.0,73
2017-07-30,3,GROCERY I,10361.0,73
2017-07-31,3,GROCERY I,7491.0,68
2017-01-01,3,GROCERY II,0.0,0
2017-01-02,3,GROCERY II,75.0,0
2017-01-03,3,GROCERY II,45.0,0
2017-01-04,3,GROCERY II,97.0,0
2017-01-05,3,GROCERY II,79.0,0
2017-01-06,3,GROCERY II,74.0,0
2017-01-07,3,GROCERY II,72.0,0
2017-01-08,3,GROCERY II,95.0,0
2017-01-09,3,GROCERY II,60.0,0
2017-01-10,3,GROCERY II,62.0,0
2017-01-11,3,GROCERY II,67.0,0
2017-01-12,3,GROCERY II,65.0,0
2017-01-13,3,GROCERY II,111.0,0
2017-01-14,3,GROCERY II,87.0,0
2017-01-15,3,GROCERY II,64.0,0
2017-01-16,3,GROCERY II,50.0,0
2017-01-17,3,GROCERY II,76.0,0
2017-01-18,3,GROCERY II,84.0,0
2017-01-19,3,GROCERY II,62.0,0
2017-01-20,3,GROCERY II,57.0,0
2017-01-21,3,GROCERY II,141.0,0
2017-01-22,3,GROCERY II,117.0,0
2017-01-23,3,GROCERY II,92.0,0
2017-01-24,3,GROCERY II,73.0,0
2017-01-25,3,GROCERY II,43.0,0
2017-01-26,3,GROCERY II,67.0,0
2017-01-27,3,GROCERY II,61.0,0
2017-01-28,3,GROCERY II,69.0,0
2017-01-29,3,GROCERY II,107.0,0
2017-01-30,3,GROCERY II,60.0,0
2017-01-31,3,GROCERY II,64.0,0
2017-02-01,3,GROCERY II,104.0,0
2017-02-02,3,GROCERY II,70.0,0
2017-02-03,3,GROCERY II,98.0,0
2017-02-04,3,GROCERY II,78.0,0
2017-02-05,3,GROCERY II,82.0,0
2017-02-06,3,GROCERY II,70.0,0
2017-02-07,3,GROCERY II,84.0,0
2017-02-08,3,GROCERY II,83.0,1
2017-02-09,3,GROCERY II,66.0,1
2017-02-10,3,GROCERY II,73.0,1
2017-02-11,3,GROCERY II,77.0,1
2017-02-12,3,GROCERY II,121.0,1
2017-02-13,3,GROCERY II,88.0,1
2017-02-14,3,GROCERY II,68.0,1
2017-02-15,3,GROCERY II,69.0,1
2017-02-16,3,GROCERY II,39.0,1
2017-02-17,3,GROCERY II,75.0,1
2017-02-18,3,GROCERY II,131.0,1
2017-02-19,3,GROCERY II,114.0,1
2017-02-20,3,GROCERY II,49.0,1
2017-02-21,3,GROCERY II,76.0,1
2017-02-22,3,GROCERY II,85.0,1
2017-02-23,3,GROCERY II,93.0,1
2017-02-24,3,GROCERY II,90.0,1
2017-02-25,3,GROCERY II,82.0,1
2017-02-26,3,GROCERY II,48.0,1
2017-02-27,3,GROCERY II,62.0,1
2017-02-28,3,GROCERY II,96.0,1
2017-03-01,3,GROCERY II,69.0,1
2017-03-02,3,GROCERY II,79.0,0
2017-03-03,3,GROCERY II,82.0,0
2017-03-04,3,GROCERY II,117.0,0
2017-03-05,3,GROCERY II,128.0,0
2017-03-06,3,GROCERY II,101.0,0
2017-03-07,3,GROCERY II,62.0,0
2017-03-08,3,GROCERY II,69.0,0
2017-03-09,3,GROCERY II,60.0,0
2017-03-10,3,GROCERY II,100.0,0
2017-03-11,3,GROCERY II,84.0,0
2017-03-12,3,GROCERY II,95.0,0
2017-03-13,3,GROCERY II,62.0,0
2017-03-14,3,GROCERY II,69.0,0
2017-03-15,3,GROCERY II,84.0,0
2017-03-16,3,GROCERY II,60.0,0
2017-03-17,3,GROCERY II,63.0,0
2017-03-18,3,GROCERY II,74.0,0
2017-03-19,3,GROCERY II,116.0,0
2017-03-20,3,GROCERY II,61.0,0
2017-03-21,3,GROCERY II,102.0,0
2017-03-22,3,GROCERY II,83.0,0
2017-03-23,3,GROCERY II,75.0,0
2017-03-24,3,GROCERY II,78.0,0
2017-03-25,3,GROCERY II,85.0,0
2017-03-26,3,GROCERY II,118.0,0
2017-03-27,3,GROCERY II,50.0,0
2017-03-28,3,GROCERY II,80.0,0
2017-03-29,3,GROCERY II,60.0,0
2017-03-30,3,GROCERY II,63.0,0
2017-03-31,3,GROCERY II,91.0,0
2017-04-01,3,GROCERY II,132.0,0
2017-04-02,3,GROCERY II,155.0,0
2017-04-03,3,GROCERY II,76.0,0
2017-04-04,3,GROCERY II,86.0,0
2017-04-05,3,GROCERY II,81.0,0
2017-04-06,3,GROCERY II,63.0,0
2017-04-07,3,GROCERY II,79.0,0
2017-04-08,3,GROCERY II,75.0,0
2017-04-09,3,GROCERY II,101.0,0
2017-04-10,3,GROCERY II,80.0,0
2017-04-11,3,GROCERY II,70.0,0
2017-04-12,3,GROCERY II,78.0,0
2017-04-13,3,GROCERY II,69.0,0
2017-04-14,3,GROCERY II,68.0,0
2017-04-15,3,GROCERY II,63.0,0
2017-04-16,3,GROCERY II,99.0,0
2017-04-17,3,GROCERY II,131.0,0
2017-04-18,3,GROCERY II,87.0,0
2017-04-19,3,GROCERY II,67.0,0
2017-04-20,3,GROCERY II,106.0,0
2017-04-21,3,GROCERY II,71.0,0
2017-04-22,3,GROCERY II,125.0,0
2017-04-23,3,GROCERY II,119.0,0
2017-04-24,3,GROCERY II,100.0,0
2017-04-25,3,GROCERY II,78.0,0
2017-04-26,3,GROCERY II,99.0,0
2017-04-27,3,GROCERY II,65.0,0
2017-04-28,3,GROCERY II,71.0,0
2017-04-29,3,GROCERY II,101.0,0
2017-04-30,3,GROCERY II,99.0,0
2017-05-01,3,GROCERY II,115.0,0
2017-05-02,3,GROCERY II,99.0,0
2017-05-03,3,GROCERY II,122.0,0
2017-05-04,3,GROCERY II,59.0,0
2017-05-05,3,GROCERY II,57.0,0
2017-05-06,3,GROCERY II,118.0,0
2017-05-07,3,GROCERY II,160.0,0
2017-05-08,3,GROCERY II,78.0,0
2017-05-09,3,GROCERY II,90.0,0
2017-05-10,3,GROCERY II,78.0,0
2017-05-11,3,GROCERY II,69.0,0
2017-05-12,3,GROCERY II,120.0,0
2017-05-13,3,GROCERY II,165.0,0
2017-05-14,3,GROCERY II,87.0,0
2017-05-15,3,GROCERY II,87.0,0
2017-05-16,3,GROCERY II,90.0,0
2017-05-17,3,GROCERY II,80.0,0
2017-05-18,3,GROCERY II,68.0,0
2017-05-19,3,GROCERY II,57.0,0
2017-05-20,3,GROCERY II,108.0,0
2017-05-21,3,GROCERY II,145.0,0
2017-05-22,3,GROCERY II,102.0,0
2017-05-23,3,GROCERY II,96.0,0
2017-05-24,3,GROCERY II,86.0,0
2017-05-25,3,GROCERY II,63.0,0
2017-05-26,3,GROCERY II,127.0,0
2017-05-27,3,GROCERY II,125.0,0
2017-05-28,3,GROCERY II,148.0,0
2017-05-29,3,GROCERY II,87.0,0
2017-05-30,3,GROCERY II,66.0,0
2017-05-31,3,GROCERY II,81.0,0
2017-06-01,3,GROCERY II,93.0,0
2017-06-02,3,GROCERY II,93.0,0
2017-06-03,3,GROCERY II,83.0,0
2017-06-04,3,GROCERY II,121.0,0
2017-06-05,3,GROCERY II,195.0,0
2017-06-06,3,GROCERY II,86.0,0
2017-06-07,3,GROCERY II,75.0,0
2017-06-08,3,GROCERY II,62.0,0
2017-06-09,3,GROCERY II,100.0,0
2017-06-10,3,GROCERY II,114.0,0
2017-06-11,3,GROCERY II,127.0,0
2017-06-12,3,GROCERY II,97.0,0
2017-06-13,3,GROCERY II,99.0,0
2017-06-14,3,GROCERY II,98.0,0
2017-06-15,3,GROCERY II,57.0,0
2017-06-16,3,GROCERY II,120.0,0
2017-06-17,3,GROCERY II,142.0,0
2017-06-18,3,GROCERY II,105.0,0
2017-06-19,3,GROCERY II,115.0,0
2017-06-20,3,GROCERY II,86.0,0
2017-06-21,3,GROCERY II,82.0,1
2017-06-22,3,GROCERY II,63.0,0
2017-06-23,3,GROCERY II,64.0,1
2017-06-24,3,GROCERY II,87.0,1
2017-06-25,3,GROCERY II,184.0,1
2017-06-26,3,GROCERY II,73.0,1
2017-06-27,3,GROCERY II,56.0,1
2017-06-28,3,GROCERY II,58.0,0
2017-06-29,3,GROCERY II,87.0,1
2017-06-30,3,GROCERY II,78.0,1
2017-07-01,3,GROCERY II,116.0,0
2017-07-02,3,GROCERY II,138.0,0
2017-07-03,3,GROCERY II,83.0,0
2017-07-04,3,GROCERY II,81.0,0
2017-07-05,3,GROCERY II,58.0,1
2017-07-06,3,GROCERY II,75.0,1
2017-07-07,3,GROCERY II,47.0,1
2017-07-08,3,GROCERY II,107.0,1
2017-07-09,3,GROCERY II,180.0,1
2017-07-10,3,GROCERY II,106.0,1
2017-07-11,3,GROCERY II,73.0,1
2017-07-12,3,GROCERY II,63.0,2
2017-07-13,3,GROCERY II,54.0,1
2017-07-14,3,GROCERY II,84.0,1
2017-07-15,3,GROCERY II,86.0,1
2017-07-16,3,GROCERY II,129.0,1
2017-07-17,3,GROCERY II,101.0,1
2017-07-18,3,GROCERY II,55.0,1
2017-07-19,3,GROCERY II,84.0,0
2017-07-20,3,GROCERY II,70.0,1
2017-07-21,3,GROCERY II,88.0,1
2017-07-22,3,GROCERY II,95.0,1
2017-07-23,3,GROCERY II,151.0,1
2017-07-24,3,GROCERY II,104.0,1
2017-07-25,3,GROCERY II,76.0,1
2017-07-26,3,GROCERY II,97.0,1
2017-07-27,3,GROCERY II,41.0,0
2017-07-28,3,GROCERY II,72.0,1
2017-07-29,3,GROCERY II,99.0,1
2017-07-30,3,GROCERY II,101.0,0
2017-07-31,3,GROCERY II,70.0,0
2017-01-01,3,HARDWARE,0.0,0
2017-01-02,3,HARDWARE,6.0,0
2017-01-03,3,HARDWARE,2.0,0
2017-01-04,3,HARDWARE,3.0,0
2017-01-05,3,HARDWARE,3.0,0
2017-01-06,3,HARDWARE,4.0,0
2017-01-07,3,HARDWARE,7.0,0
2017-01-08,3,HARDWARE,8.0,0
2017-01-09,3,HARDWARE,3.0,0
2017-01-10,3,HARDWARE,3.0,0
2017-01-11,3,HARDWARE,0.0,0
2017-01-12,3,HARDWARE,4.0,0
2017-01-13,3,HARDWARE,4.0,0
2017-01-14,3,HARDWARE,4.0,0
2017-01-15,3,HARDWARE,5.0,0
2017-01-16,3,HARDWARE,3.0,0
2017-01-17,3,HARDWARE,6.0,0
2017-01-18,3,HARDWARE,2.0,0
2017-01-19,3,HARDWARE,2.0,0
2017-01-20,3,HARDWARE,1.0,0
2017-01-21,3,HARDWARE,4.0,0
2017-01-22,3,HARDWARE,5.0,0
2017-01-23,3,HARDWARE,5.0,0
2017-01-24,3,HARDWARE,1.0,0
2017-01-25,3,HARDWARE,2.0,0
2017-01-26,3,HARDWARE,4.0,0
2017-01-27,3,HARDWARE,2.0,0
2017-01-28,3,HARDWARE,2.0,0
2017-01-29,3,HARDWARE,4.0,0
2017-01-30,3,HARDWARE,4.0,0
2017-01-31,3,HARDWARE,6.0,0
2017-02-01,3,HARDWARE,1.0,0
2017-02-02,3,HARDWARE,1.0,0
2017-02-03,3,HARDWARE,0.0,0
2017-02-04,3,HARDWARE,3.0,0
2017-02-05,3,HARDWARE,4.0,0
2017-02-06,3,HARDWARE,3.0,0
2017-02-07,3,HARDWARE,2.0,0
2017-02-08,3,HARDWARE,5.0,0
2017-02-09,3,HARDWARE,2.0,0
2017-02-10,3,HARDWARE,3.0,0
2017-02-11,3,HARDWARE,5.0,0
2017-02-12,3,HARDWARE,5.0,0
2017-02-13,3,HARDWARE,1.0,0
2017-02-14,3,HARDWARE,1.0,0
2017-02-15,3,HARDWARE,2.0,0
2017-02-16,3,HARDWARE,0.0,0
2017-02-17,3,HARDWARE,4.0,0
2017-02-18,3,HARDWARE,4.0,0
2017-02-19,3,HARDWARE,4.0,0
2017-02-20,3,HARDWARE,3.0,0
2017-02-21,3,HARDWARE,1.0,0
2017-02-22,3,HARDWARE,3.0,0
2017-02-23,3,HARDWARE,6.0,0
2017-02-24,3,HARDWARE,3.0,0
2017-02-25,3,HARDWARE,2.0,0
2017-02-26,3,HARDWARE,6.0,0
2017-02-27,3,HARDWARE,1.0,0
2017-02-28,3,HARDWARE,5.0,0
2017-03-01,3,HARDWARE,1.0,0
2017-03-02,3,HARDWARE,3.0,0
2017-03-03,3,HARDWARE,4.0,0
2017-03-04,3,HARDWARE,3.0,0
2017-03-05,3,HARDWARE,1.0,0
2017-03-06,3,HARDWARE,9.0,0
2017-03-07,3,HARDWARE,3.0,0
2017-03-08,3,HARDWARE,1.0,0
2017-03-09,3,HARDWARE,3.0,0
2017-03-10,3,HARDWARE,3.0,0
2017-03-11,3,HARDWARE,5.0,0
2017-03-12,3,HARDWARE,1.0,0
2017-03-13,3,HARDWARE,1.0,0
2017-03-14,3,HARDWARE,5.0,0
2017-03-15,3,HARDWARE,3.0,0
2017-03-16,3,HARDWARE,2.0,0
2017-03-17,3,HARDWARE,2.0,0
2017-03-18,3,HARDWARE,4.0,0
2017-03-19,3,HARDWARE,6.0,0
2017-03-20,3,HARDWARE,5.0,0
2017-03-21,3,HARDWARE,3.0,0
2017-03-22,3,HARDWARE,3.0,0
2017-03-23,3,HARDWARE,4.0,0
2017-03-24,3,HARDWARE,2.0,0
2017-03-25,3,HARDWARE,3.0,0
2017-03-26,3,HARDWARE,1.0,0
2017-03-27,3,HARDWARE,4.0,0
2017-03-28,3,HARDWARE,2.0,0
2017-03-29,3,HARDWARE,0.0,0
2017-03-30,3,HARDWARE,3.0,0
2017-03-31,3,HARDWARE,3.0,0
2017-04-01,3,HARDWARE,4.0,0
2017-04-02,3,HARDWARE,6.0,0
2017-04-03,3,HARDWARE,5.0,0
2017-04-04,3,HARDWARE,1.0,0
2017-04-05,3,HARDWARE,3.0,0
2017-04-06,3,HARDWARE,1.0,0
2017-04-07,3,HARDWARE,1.0,0
2017-04-08,3,HARDWARE,4.0,0
2017-04-09,3,HARDWARE,2.0,0
2017-04-10,3,HARDWARE,8.0,0
2017-04-11,3,HARDWARE,10.0,0
2017-04-12,3,HARDWARE,8.0,0
2017-04-13,3,HARDWARE,5.0,0
2017-04-14,3,HARDWARE,3.0,0
2017-04-15,3,HARDWARE,4.0,0
2017-04-16,3,HARDWARE,6.0,0
2017-04-17,3,HARDWARE,2.0,0
2017-04-18,3,HARDWARE,3.0,0
2017-04-19,3,HARDWARE,5.0,0
2017-04-20,3,HARDWARE,4.0,0
2017-04-21,3,HARDWARE,1.0,0
2017-04-22,3,HARDWARE,6.0,0
2017-04-23,3,HARDWARE,2.0,0
2017-04-24,3,HARDWARE,4.0,0
2017-04-25,3,HARDWARE,5.0,0
2017-04-26,3,HARDWARE,5.0,0
2017-04-27,3,HARDWARE,5.0,0
2017-04-28,3,HARDWARE,3.0,0
2017-04-29,3,HARDWARE,5.0,0
2017-04-30,3,HARDWARE,2.0,0
2017-05-01,3,HARDWARE,2.0,0
2017-05-02,3,HARDWARE,5.0,0
2017-05-03,3,HARDWARE,0.0,0
2017-05-04,3,HARDWARE,5.0,0
2017-05-05,3,HARDWARE,1.0,0
2017-05-06,3,HARDWARE,5.0,0
2017-05-07,3,HARDWARE,2.0,0
2017-05-08,3,HARDWARE,4.0,0
2017-05-09,3,HARDWARE,3.0,0
2017-05-10,3,HARDWARE,5.0,0
2017-05-11,3,HARDWARE,0.0,0
2017-05-12,3,HARDWARE,5.0,0
2017-05-13,3,HARDWARE,6.0,0
2017-05-14,3,HARDWARE,0.0,0
2017-05-15,3,HARDWARE,4.0,0
2017-05-16,3,HARDWARE,3.0,0
2017-05-17,3,HARDWARE,4.0,0
2017-05-18,3,HARDWARE,5.0,0
2017-05-19,3,HARDWARE,1.0,0
2017-05-20,3,HARDWARE,2.0,0
2017-05-21,3,HARDWARE,4.0,0
2017-05-22,3,HARDWARE,3.0,0
2017-05-23,3,HARDWARE,1.0,0
2017-05-24,3,HARDWARE,2.0,0
2017-05-25,3,HARDWARE,4.0,0
2017-05-26,3,HARDWARE,6.0,0
2017-05-27,3,HARDWARE,2.0,0
2017-05-28,3,HARDWARE,7.0,0
2017-05-29,3,HARDWARE,3.0,0
2017-05-30,3,HARDWARE,6.0,0
2017-05-31,3,HARDWARE,1.0,0
2017-06-01,3,HARDWARE,4.0,0
2017-06-02,3,HARDWARE,0.0,0
2017-06-03,3,HARDWARE,3.0,0
2017-06-04,3,HARDWARE,6.0,0
2017-06-05,3,HARDWARE,5.0,0
2017-06-06,3,HARDWARE,4.0,0
2017-06-07,3,HARDWARE,8.0,0
2017-06-08,3,HARDWARE,1.0,0
2017-06-09,3,HARDWARE,2.0,0
2017-06-10,3,HARDWARE,4.0,0
2017-06-11,3,HARDWARE,10.0,0
2017-06-12,3,HARDWARE,3.0,0
2017-06-13,3,HARDWARE,2.0,0
2017-06-14,3,HARDWARE,6.0,0
2017-06-15,3,HARDWARE,5.0,0
2017-06-16,3,HARDWARE,2.0,0
2017-06-17,3,HARDWARE,4.0,0
2017-06-18,3,HARDWARE,4.0,0
2017-06-19,3,HARDWARE,1.0,0
2017-06-20,3,HARDWARE,1.0,0
2017-06-21,3,HARDWARE,2.0,0
2017-06-22,3,HARDWARE,6.0,0
2017-06-23,3,HARDWARE,2.0,0
2017-06-24,3,HARDWARE,3.0,0
2017-06-25,3,HARDWARE,3.0,0
2017-06-26,3,HARDWARE,4.0,0
2017-06-27,3,HARDWARE,4.0,0
2017-06-28,3,HARDWARE,3.0,0
2017-06-29,3,HARDWARE,3.0,0
2017-06-30,3,HARDWARE,2.0,0
2017-07-01,3,HARDWARE,6.0,0
2017-07-02,3,HARDWARE,7.0,0
2017-07-03,3,HARDWARE,4.0,0
2017-07-04,3,HARDWARE,8.0,0
2017-07-05,3,HARDWARE,3.0,0
2017-07-06,3,HARDWARE,0.0,0
2017-07-07,3,HARDWARE,7.0,0
2017-07-08,3,HARDWARE,3.0,0
2017-07-09,3,HARDWARE,5.0,0
2017-07-10,3,HARDWARE,2.0,0
2017-07-11,3,HARDWARE,1.0,0
2017-07-12,3,HARDWARE,8.0,0
2017-07-13,3,HARDWARE,1.0,0
2017-07-14,3,HARDWARE,7.0,0
2017-07-15,3,HARDWARE,4.0,0
2017-07-16,3,HARDWARE,2.0,0
2017-07-17,3,HARDWARE,5.0,0
2017-07-18,3,HARDWARE,1.0,0
2017-07-19,3,HARDWARE,4.0,0
2017-07-20,3,HARDWARE,1.0,0
2017-07-21,3,HARDWARE,1.0,0
2017-07-22,3,HARDWARE,0.0,0
2017-07-23,3,HARDWARE,3.0,0
2017-07-24,3,HARDWARE,1.0,0
2017-07-25,3,HARDWARE,5.0,0
2017-07-26,3,HARDWARE,3.0,0
2017-07-27,3,HARDWARE,2.0,0
2017-07-28,3,HARDWARE,3.0,0
2017-07-29,3,HARDWARE,4.0,0
2017-07-30,3,HARDWARE,1.0,0
2017-07-31,3,HARDWARE,5.0,0
2017-01-01,3,HOME AND KITCHEN I,0.0,0
2017-01-02,3,HOME AND KITCHEN I,113.0,9
2017-01-03,3,HOME AND KITCHEN I,85.0,7
2017-01-04,3,HOME AND KITCHEN I,61.0,9
2017-01-05,3,HOME AND KITCHEN I,59.0,9
2017-01-06,3,HOME AND KITCHEN I,99.0,10
2017-01-07,3,HOME AND KITCHEN I,98.0,11
2017-01-08,3,HOME AND KITCHEN I,97.0,6
2017-01-09,3,HOME AND KITCHEN I,65.0,7
2017-01-10,3,HOME AND KITCHEN I,51.0,7
2017-01-11,3,HOME AND KITCHEN I,68.0,9
2017-01-12,3,HOME AND KITCHEN I,74.0,6
2017-01-13,3,HOME AND KITCHEN I,63.0,8
2017-01-14,3,HOME AND KITCHEN I,66.0,11
2017-01-15,3,HOME AND KITCHEN I,94.0,9
2017-01-16,3,HOME AND KITCHEN I,71.0,4
2017-01-17,3,HOME AND KITCHEN I,63.0,3
2017-01-18,3,HOME AND KITCHEN I,66.0,7
2017-01-19,3,HOME AND KITCHEN I,110.0,2
2017-01-20,3,HOME AND KITCHEN I,61.0,2
2017-01-21,3,HOME AND KITCHEN I,65.0,2
2017-01-22,3,HOME AND KITCHEN I,82.0,2
2017-01-23,3,HOME AND KITCHEN I,48.0,2
2017-01-24,3,HOME AND KITCHEN I,25.0,4
2017-01-25,3,HOME AND KITCHEN I,76.0,3
2017-01-26,3,HOME AND KITCHEN I,40.0,2
2017-01-27,3,HOME AND KITCHEN I,34.0,3
2017-01-28,3,HOME AND KITCHEN I,81.0,3
2017-01-29,3,HOME AND KITCHEN I,86.0,2
2017-01-30,3,HOME AND KITCHEN I,26.0,3
2017-01-31,3,HOME AND KITCHEN I,59.0,3
2017-02-01,3,HOME AND KITCHEN I,45.0,2
2017-02-02,3,HOME AND KITCHEN I,52.0,2
2017-02-03,3,HOME AND KITCHEN I,84.0,3
2017-02-04,3,HOME AND KITCHEN I,83.0,3
2017-02-05,3,HOME AND KITCHEN I,96.0,3
2017-02-06,3,HOME AND KITCHEN I,42.0,3
2017-02-07,3,HOME AND KITCHEN I,74.0,3
2017-02-08,3,HOME AND KITCHEN I,54.0,5
2017-02-09,3,HOME AND KITCHEN I,112.0,2
2017-02-10,3,HOME AND KITCHEN I,46.0,5
2017-02-11,3,HOME AND KITCHEN I,81.0,5
2017-02-12,3,HOME AND KITCHEN I,57.0,3
2017-02-13,3,HOME AND KITCHEN I,48.0,3
2017-02-14,3,HOME AND KITCHEN I,38.0,6
2017-02-15,3,HOME AND KITCHEN I,46.0,5
2017-02-16,3,HOME AND KITCHEN I,42.0,2
2017-02-17,3,HOME AND KITCHEN I,38.0,3
2017-02-18,3,HOME AND KITCHEN I,129.0,5
2017-02-19,3,HOME AND KITCHEN I,51.0,3
2017-02-20,3,HOME AND KITCHEN I,57.0,4
2017-02-21,3,HOME AND KITCHEN I,36.0,3
2017-02-22,3,HOME AND KITCHEN I,51.0,5
2017-02-23,3,HOME AND KITCHEN I,106.0,4
2017-02-24,3,HOME AND KITCHEN I,78.0,2
2017-02-25,3,HOME AND KITCHEN I,85.0,6
2017-02-26,3,HOME AND KITCHEN I,91.0,3
2017-02-27,3,HOME AND KITCHEN I,75.0,4
2017-02-28,3,HOME AND KITCHEN I,45.0,3
2017-03-01,3,HOME AND KITCHEN I,72.0,4
2017-03-02,3,HOME AND KITCHEN I,50.0,5
2017-03-03,3,HOME AND KITCHEN I,46.0,2
2017-03-04,3,HOME AND KITCHEN I,69.0,2
2017-03-05,3,HOME AND KITCHEN I,90.0,5
2017-03-06,3,HOME AND KITCHEN I,45.0,5
2017-03-07,3,HOME AND KITCHEN I,42.0,3
2017-03-08,3,HOME AND KITCHEN I,31.0,1
2017-03-09,3,HOME AND KITCHEN I,60.0,1
2017-03-10,3,HOME AND KITCHEN I,37.0,0
2017-03-11,3,HOME AND KITCHEN I,92.0,0
2017-03-12,3,HOME AND KITCHEN I,70.0,0
2017-03-13,3,HOME AND KITCHEN I,56.0,0
2017-03-14,3,HOME AND KITCHEN I,28.0,0
2017-03-15,3,HOME AND KITCHEN I,30.0,3
2017-03-16,3,HOME AND KITCHEN I,41.0,3
2017-03-17,3,HOME AND KITCHEN I,63.0,3
2017-03-18,3,HOME AND KITCHEN I,77.0,3
2017-03-19,3,HOME AND KITCHEN I,48.0,4
2017-03-20,3,HOME AND KITCHEN I,41.0,4
2017-03-21,3,HOME AND KITCHEN I,32.0,6
2017-03-22,3,HOME AND KITCHEN I,36.0,2
2017-03-23,3,HOME AND KITCHEN I,34.0,3
2017-03-24,3,HOME AND KITCHEN I,70.0,2
2017-03-25,3,HOME AND KITCHEN I,35.0,4
2017-03-26,3,HOME AND KITCHEN I,54.0,4
2017-03-27,3,HOME AND KITCHEN I,21.0,3
2017-03-28,3,HOME AND KITCHEN I,44.0,5
2017-03-29,3,HOME AND KITCHEN I,46.0,1
2017-03-30,3,HOME AND KITCHEN I,58.0,1
2017-03-31,3,HOME AND KITCHEN I,56.0,0
2017-04-01,3,HOME AND KITCHEN I,47.0,0
2017-04-02,3,HOME AND KITCHEN I,37.0,0
2017-04-03,3,HOME AND KITCHEN I,38.0,0
2017-04-04,3,HOME AND KITCHEN I,79.0,0
2017-04-05,3,HOME AND KITCHEN I,23.0,1
2017-04-06,3,HOME AND KITCHEN I,80.0,1
2017-04-07,3,HOME AND KITCHEN I,38.0,0
2017-04-08,3,HOME AND KITCHEN I,77.0,0
2017-04-09,3,HOME AND KITCHEN I,46.0,2
2017-04-10,3,HOME AND KITCHEN I,32.0,0
2017-04-11,3,HOME AND KITCHEN I,16.0,0
2017-04-12,3,HOME AND KITCHEN I,38.0,2
2017-04-13,3,HOME AND KITCHEN I,28.0,2
2017-04-14,3,HOME AND KITCHEN I,56.0,1
2017-04-15,3,HOME AND KITCHEN I,29.0,3
2017-04-16,3,HOME AND KITCHEN I,34.0,2
2017-04-17,3,HOME AND KITCHEN I,63.0,2
2017-04-18,3,HOME AND KITCHEN I,33.0,2
2017-04-19,3,HOME AND KITCHEN I,32.0,1
2017-04-20,3,HOME AND KITCHEN I,50.0,1
2017-04-21,3,HOME AND KITCHEN I,65.0,2
2017-04-22,3,HOME AND KITCHEN I,44.0,5
2017-04-23,3,HOME AND KITCHEN I,60.0,5
2017-04-24,3,HOME AND KITCHEN I,25.0,4
2017-04-25,3,HOME AND KITCHEN I,30.0,2
2017-04-26,3,HOME AND KITCHEN I,40.0,3
2017-04-27,3,HOME AND KITCHEN I,47.0,3
2017-04-28,3,HOME AND KITCHEN I,49.0,4
2017-04-29,3,HOME AND KITCHEN I,60.0,2
2017-04-30,3,HOME AND KITCHEN I,67.0,5
2017-05-01,3,HOME AND KITCHEN I,90.0,5
2017-05-02,3,HOME AND KITCHEN I,60.0,6
2017-05-03,3,HOME AND KITCHEN I,31.0,4
2017-05-04,3,HOME AND KITCHEN I,21.0,1
2017-05-05,3,HOME AND KITCHEN I,85.0,2
2017-05-06,3,HOME AND KITCHEN I,54.0,2
2017-05-07,3,HOME AND KITCHEN I,71.0,3
2017-05-08,3,HOME AND KITCHEN I,42.0,1
2017-05-09,3,HOME AND KITCHEN I,47.0,1
2017-05-10,3,HOME AND KITCHEN I,35.0,2
2017-05-11,3,HOME AND KITCHEN I,64.0,2
2017-05-12,3,HOME AND KITCHEN I,47.0,0
2017-05-13,3,HOME AND KITCHEN I,46.0,2
2017-05-14,3,HOME AND KITCHEN I,61.0,2
2017-05-15,3,HOME AND KITCHEN I,25.0,0
2017-05-16,3,HOME AND KITCHEN I,26.0,1
2017-05-17,3,HOME AND KITCHEN I,30.0,2
2017-05-18,3,HOME AND KITCHEN I,19.0,0
2017-05-19,3,HOME AND KITCHEN I,42.0,2
2017-05-20,3,HOME AND KITCHEN I,145.0,1
2017-05-21,3,HOME AND KITCHEN I,35.0,0
2017-05-22,3,HOME AND KITCHEN I,34.0,0
2017-05-23,3,HOME AND KITCHEN I,30.0,1
2017-05-24,3,HOME AND KITCHEN I,61.0,1
2017-05-25,3,HOME AND KITCHEN I,43.0,2
2017-05-26,3,HOME AND KITCHEN I,71.0,2
2017-05-27,3,HOME AND KITCHEN I,62.0,0
2017-05-28,3,HOME AND KITCHEN I,83.0,2
2017-05-29,3,HOME AND KITCHEN I,38.0,0
2017-05-30,3,HOME AND KITCHEN I,34.0,2
2017-05-31,3,HOME AND KITCHEN I,34.0,0
2017-06-01,3,HOME AND KITCHEN I,26.0,0
2017-06-02,3,HOME AND KITCHEN I,94.0,6
2017-06-03,3,HOME AND KITCHEN I,38.0,4
2017-06-04,3,HOME AND KITCHEN I,47.0,7
2017-06-05,3,HOME AND KITCHEN I,45.0,4
2017-06-06,3,HOME AND KITCHEN I,29.0,6
2017-06-07,3,HOME AND KITCHEN I,40.0,7
2017-06-08,3,HOME AND KITCHEN I,39.0,7
2017-06-09,3,HOME AND KITCHEN I,33.0,8
2017-06-10,3,HOME AND KITCHEN I,88.0,7
2017-06-11,3,HOME AND KITCHEN I,80.0,8
2017-06-12,3,HOME AND KITCHEN I,36.0,7
2017-06-13,3,HOME AND KITCHEN I,38.0,7
2017-06-14,3,HOME AND KITCHEN I,36.0,8
2017-06-15,3,HOME AND KITCHEN I,65.0,5
2017-06-16,3,HOME AND KITCHEN I,52.0,8
2017-06-17,3,HOME AND KITCHEN I,86.0,11
2017-06-18,3,HOME AND KITCHEN I,37.0,8
2017-06-19,3,HOME AND KITCHEN I,53.0,6
2017-06-20,3,HOME AND KITCHEN I,22.0,8
2017-06-21,3,HOME AND KITCHEN I,57.0,5
2017-06-22,3,HOME AND KITCHEN I,29.0,4
2017-06-23,3,HOME AND KITCHEN I,42.0,6
2017-06-24,3,HOME AND KITCHEN I,98.0,8
2017-06-25,3,HOME AND KITCHEN I,90.0,6
2017-06-26,3,HOME AND KITCHEN I,43.0,11
2017-06-27,3,HOME AND KITCHEN I,49.0,8
2017-06-28,3,HOME AND KITCHEN I,153.0,8
2017-06-29,3,HOME AND KITCHEN I,59.0,5
2017-06-30,3,HOME AND KITCHEN I,56.0,7
2017-07-01,3,HOME AND KITCHEN I,89.0,7
2017-07-02,3,HOME AND KITCHEN I,81.0,11
2017-07-03,3,HOME AND KITCHEN I,55.0,6
2017-07-04,3,HOME AND KITCHEN I,46.0,8
2017-07-05,3,HOME AND KITCHEN I,52.0,7
2017-07-06,3,HOME AND KITCHEN I,79.0,9
2017-07-07,3,HOME AND KITCHEN I,63.0,11
2017-07-08,3,HOME AND KITCHEN I,64.0,8
2017-07-09,3,HOME AND KITCHEN I,86.0,9
2017-07-10,3,HOME AND KITCHEN I,61.0,8
2017-07-11,3,HOME AND KITCHEN I,50.0,8
2017-07-12,3,HOME AND KITCHEN I,83.0,9
2017-07-13,3,HOME AND KITCHEN I,79.0,9
2017-07-14,3,HOME AND KITCHEN I,43.0,7
2017-07-15,3,HOME AND KITCHEN I,66.0,8
2017-07-16,3,HOME AND KITCHEN I,64.0,8
2017-07-17,3,HOME AND KITCHEN I,33.0,8
2017-07-18,3,HOME AND KITCHEN I,43.0,8
2017-07-19,3,HOME AND KITCHEN I,92.0,5
2017-07-20,3,HOME AND KITCHEN I,73.0,6
2017-07-21,3,HOME AND KITCHEN I,47.0,5
2017-07-22,3,HOME AND KITCHEN I,64.0,10
2017-07-23,3,HOME AND KITCHEN I,81.0,10
2017-07-24,3,HOME AND KITCHEN I,60.0,6
2017-07-25,3,HOME AND KITCHEN I,40.0,8
2017-07-26,3,HOME AND KITCHEN I,43.0,7
2017-07-27,3,HOME AND KITCHEN I,26.0,2
2017-07-28,3,HOME AND KITCHEN I,30.0,3
2017-07-29,3,HOME AND KITCHEN I,42.0,5
2017-07-30,3,HOME AND KITCHEN I,59.0,4
2017-07-31,3,HOME AND KITCHEN I,46.0,4
2017-01-01,3,HOME AND KITCHEN II,0.0,0
2017-01-02,3,HOME AND KITCHEN II,79.0,5
2017-01-03,3,HOME AND KITCHEN II,79.0,6
2017-01-04,3,HOME AND KITCHEN II,75.0,6
2017-01-05,3,HOME AND KITCHEN II,47.0,1
2017-01-06,3,HOME AND KITCHEN II,53.0,3
2017-01-07,3,HOME AND KITCHEN II,69.0,3
2017-01-08,3,HOME AND KITCHEN II,90.0,3
2017-01-09,3,HOME AND KITCHEN II,79.0,3
2017-01-10,3,HOME AND KITCHEN II,58.0,2
2017-01-11,3,HOME AND KITCHEN II,65.0,3
2017-01-12,3,HOME AND KITCHEN II,45.0,1
2017-01-13,3,HOME AND KITCHEN II,54.0,1
2017-01-14,3,HOME AND KITCHEN II,61.0,1
2017-01-15,3,HOME AND KITCHEN II,89.0,1
2017-01-16,3,HOME AND KITCHEN II,55.0,1
2017-01-17,3,HOME AND KITCHEN II,60.0,1
2017-01-18,3,HOME AND KITCHEN II,59.0,0
2017-01-19,3,HOME AND KITCHEN II,30.0,0
2017-01-20,3,HOME AND KITCHEN II,42.0,0
2017-01-21,3,HOME AND KITCHEN II,93.0,0
2017-01-22,3,HOME AND KITCHEN II,75.0,0
2017-01-23,3,HOME AND KITCHEN II,54.0,0
2017-01-24,3,HOME AND KITCHEN II,42.0,0
2017-01-25,3,HOME AND KITCHEN II,57.0,0
2017-01-26,3,HOME AND KITCHEN II,37.0,0
2017-01-27,3,HOME AND KITCHEN II,39.0,0
2017-01-28,3,HOME AND KITCHEN II,63.0,0
2017-01-29,3,HOME AND KITCHEN II,54.0,0
2017-01-30,3,HOME AND KITCHEN II,46.0,0
2017-01-31,3,HOME AND KITCHEN II,54.0,1
2017-02-01,3,HOME AND KITCHEN II,44.0,0
2017-02-02,3,HOME AND KITCHEN II,55.0,0
2017-02-03,3,HOME AND KITCHEN II,69.0,1
2017-02-04,3,HOME AND KITCHEN II,95.0,1
2017-02-05,3,HOME AND KITCHEN II,71.0,1
2017-02-06,3,HOME AND KITCHEN II,49.0,0
2017-02-07,3,HOME AND KITCHEN II,50.0,1
2017-02-08,3,HOME AND KITCHEN II,49.0,2
2017-02-09,3,HOME AND KITCHEN II,44.0,2
2017-02-10,3,HOME AND KITCHEN II,39.0,1
2017-02-11,3,HOME AND KITCHEN II,58.0,2
2017-02-12,3,HOME AND KITCHEN II,69.0,2
2017-02-13,3,HOME AND KITCHEN II,37.0,2
2017-02-14,3,HOME AND KITCHEN II,32.0,2
2017-02-15,3,HOME AND KITCHEN II,25.0,0
2017-02-16,3,HOME AND KITCHEN II,35.0,2
2017-02-17,3,HOME AND KITCHEN II,52.0,2
2017-02-18,3,HOME AND KITCHEN II,68.0,2
2017-02-19,3,HOME AND KITCHEN II,41.0,2
2017-02-20,3,HOME AND KITCHEN II,39.0,2
2017-02-21,3,HOME AND KITCHEN II,58.0,2
2017-02-22,3,HOME AND KITCHEN II,38.0,2
2017-02-23,3,HOME AND KITCHEN II,34.0,1
2017-02-24,3,HOME AND KITCHEN II,62.0,2
2017-02-25,3,HOME AND KITCHEN II,39.0,0
2017-02-26,3,HOME AND KITCHEN II,36.0,2
2017-02-27,3,HOME AND KITCHEN II,47.0,2
2017-02-28,3,HOME AND KITCHEN II,51.0,1
2017-03-01,3,HOME AND KITCHEN II,52.0,1
2017-03-02,3,HOME AND KITCHEN II,72.0,3
2017-03-03,3,HOME AND KITCHEN II,60.0,3
2017-03-04,3,HOME AND KITCHEN II,70.0,3
2017-03-05,3,HOME AND KITCHEN II,92.0,2
2017-03-06,3,HOME AND KITCHEN II,43.0,2
2017-03-07,3,HOME AND KITCHEN II,42.0,2
2017-03-08,3,HOME AND KITCHEN II,47.0,2
2017-03-09,3,HOME AND KITCHEN II,44.0,2
2017-03-10,3,HOME AND KITCHEN II,51.0,2
2017-03-11,3,HOME AND KITCHEN II,65.0,2
2017-03-12,3,HOME AND KITCHEN II,67.0,2
2017-03-13,3,HOME AND KITCHEN II,48.0,2
2017-03-14,3,HOME AND KITCHEN II,41.0,4
2017-03-15,3,HOME AND KITCHEN II,53.0,2
2017-03-16,3,HOME AND KITCHEN II,44.0,3
2017-03-17,3,HOME AND KITCHEN II,63.0,3
2017-03-18,3,HOME AND KITCHEN II,71.0,3
2017-03-19,3,HOME AND KITCHEN II,77.0,4
2017-03-20,3,HOME AND KITCHEN II,62.0,4
2017-03-21,3,HOME AND KITCHEN II,43.0,4
2017-03-22,3,HOME AND KITCHEN II,57.0,2
2017-03-23,3,HOME AND KITCHEN II,25.0,2
2017-03-24,3,HOME AND KITCHEN II,31.0,0
2017-03-25,3,HOME AND KITCHEN II,60.0,0
2017-03-26,3,HOME AND KITCHEN II,63.0,1
2017-03-27,3,HOME AND KITCHEN II,53.0,0
2017-03-28,3,HOME AND KITCHEN II,66.0,2
2017-03-29,3,HOME AND KITCHEN II,57.0,2
2017-03-30,3,HOME AND KITCHEN II,26.0,1
2017-03-31,3,HOME AND KITCHEN II,49.0,1
2017-04-01,3,HOME AND KITCHEN II,93.0,1
2017-04-02,3,HOME AND KITCHEN II,80.0,1
2017-04-03,3,HOME AND KITCHEN II,33.0,1
2017-04-04,3,HOME AND KITCHEN II,42.0,1
2017-04-05,3,HOME AND KITCHEN II,48.0,0
2017-04-06,3,HOME AND KITCHEN II,33.0,1
2017-04-07,3,HOME AND KITCHEN II,34.0,0
2017-04-08,3,HOME AND KITCHEN II,52.0,1
2017-04-09,3,HOME AND KITCHEN II,67.0,1
2017-04-10,3,HOME AND KITCHEN II,35.0,1
2017-04-11,3,HOME AND KITCHEN II,50.0,1
2017-04-12,3,HOME AND KITCHEN II,53.0,3
2017-04-13,3,HOME AND KITCHEN II,42.0,5
2017-04-14,3,HOME AND KITCHEN II,64.0,6
2017-04-15,3,HOME AND KITCHEN II,63.0,5
2017-04-16,3,HOME AND KITCHEN II,80.0,5
2017-04-17,3,HOME AND KITCHEN II,62.0,5
2017-04-18,3,HOME AND KITCHEN II,41.0,5
2017-04-19,3,HOME AND KITCHEN II,39.0,5
2017-04-20,3,HOME AND KITCHEN II,56.0,4
2017-04-21,3,HOME AND KITCHEN II,41.0,5
2017-04-22,3,HOME AND KITCHEN II,77.0,6
2017-04-23,3,HOME AND KITCHEN II,79.0,6
2017-04-24,3,HOME AND KITCHEN II,45.0,6
2017-04-25,3,HOME AND KITCHEN II,55.0,6
2017-04-26,3,HOME AND KITCHEN II,63.0,5
2017-04-27,3,HOME AND KITCHEN II,51.0,4
2017-04-28,3,HOME AND KITCHEN II,60.0,5
2017-04-29,3,HOME AND KITCHEN II,61.0,6
2017-04-30,3,HOME AND KITCHEN II,71.0,5
2017-05-01,3,HOME AND KITCHEN II,79.0,5
2017-05-02,3,HOME AND KITCHEN II,48.0,4
2017-05-03,3,HOME AND KITCHEN II,64.0,5
2017-05-04,3,HOME AND KITCHEN II,44.0,4
2017-05-05,3,HOME AND KITCHEN II,74.0,5
2017-05-06,3,HOME AND KITCHEN II,85.0,4
2017-05-07,3,HOME AND KITCHEN II,95.0,4
2017-05-08,3,HOME AND KITCHEN II,51.0,4
2017-05-09,3,HOME AND KITCHEN II,69.0,5
2017-05-10,3,HOME AND KITCHEN II,55.0,3
2017-05-11,3,HOME AND KITCHEN II,42.0,3
2017-05-12,3,HOME AND KITCHEN II,44.0,3
2017-05-13,3,HOME AND KITCHEN II,69.0,5
2017-05-14,3,HOME AND KITCHEN II,46.0,5
2017-05-15,3,HOME AND KITCHEN II,36.0,4
2017-05-16,3,HOME AND KITCHEN II,54.0,4
2017-05-17,3,HOME AND KITCHEN II,69.0,5
2017-05-18,3,HOME AND KITCHEN II,66.0,6
2017-05-19,3,HOME AND KITCHEN II,44.0,5
2017-05-20,3,HOME AND KITCHEN II,62.0,6
2017-05-21,3,HOME AND KITCHEN II,60.0,6
2017-05-22,3,HOME AND KITCHEN II,50.0,6
2017-05-23,3,HOME AND KITCHEN II,31.0,5
2017-05-24,3,HOME AND KITCHEN II,81.0,7
2017-05-25,3,HOME AND KITCHEN II,45.0,3
2017-05-26,3,HOME AND KITCHEN II,85.0,6
2017-05-27,3,HOME AND KITCHEN II,64.0,6
2017-05-28,3,HOME AND KITCHEN II,68.0,7
2017-05-29,3,HOME AND KITCHEN II,45.0,5
2017-05-30,3,HOME AND KITCHEN II,39.0,6
2017-05-31,3,HOME AND KITCHEN II,63.0,7
2017-06-01,3,HOME AND KITCHEN II,58.0,2
2017-06-02,3,HOME AND KITCHEN II,41.0,1
2017-06-03,3,HOME AND KITCHEN II,78.0,2
2017-06-04,3,HOME AND KITCHEN II,72.0,2
2017-06-05,3,HOME AND KITCHEN II,76.0,2
2017-06-06,3,HOME AND KITCHEN II,31.0,2
2017-06-07,3,HOME AND KITCHEN II,53.0,2
2017-06-08,3,HOME AND KITCHEN II,51.0,3
2017-06-09,3,HOME AND KITCHEN II,51.0,2
2017-06-10,3,HOME AND KITCHEN II,48.0,3
2017-06-11,3,HOME AND KITCHEN II,80.0,2
2017-06-12,3,HOME AND KITCHEN II,49.0,2
2017-06-13,3,HOME AND KITCHEN II,56.0,2
2017-06-14,3,HOME AND KITCHEN II,47.0,2
2017-06-15,3,HOME AND KITCHEN II,39.0,1
2017-06-16,3,HOME AND KITCHEN II,45.0,1
2017-06-17,3,HOME AND KITCHEN II,58.0,2
2017-06-18,3,HOME AND KITCHEN II,71.0,1
2017-06-19,3,HOME AND KITCHEN II,34.0,1
2017-06-20,3,HOME AND KITCHEN II,43.0,1
2017-06-21,3,HOME AND KITCHEN II,24.0,1
2017-06-22,3,HOME AND KITCHEN II,41.0,0
2017-06-23,3,HOME AND KITCHEN II,63.0,1
2017-06-24,3,HOME AND KITCHEN II,87.0,2
2017-06-25,3,HOME AND KITCHEN II,85.0,2
2017-06-26,3,HOME AND KITCHEN II,49.0,1
2017-06-27,3,HOME AND KITCHEN II,60.0,2
2017-06-28,3,HOME AND KITCHEN II,55.0,1
2017-06-29,3,HOME AND KITCHEN II,48.0,1
2017-06-30,3,HOME AND KITCHEN II,37.0,1
2017-07-01,3,HOME AND KITCHEN II,93.0,1
2017-07-02,3,HOME AND KITCHEN II,55.0,1
2017-07-03,3,HOME AND KITCHEN II,65.0,2
2017-07-04,3,HOME AND KITCHEN II,69.0,1
2017-07-05,3,HOME AND KITCHEN II,53.0,2
2017-07-06,3,HOME AND KITCHEN II,54.0,2
2017-07-07,3,HOME AND KITCHEN II,28.0,2
2017-07-08,3,HOME AND KITCHEN II,74.0,2
2017-07-09,3,HOME AND KITCHEN II,93.0,2
2017-07-10,3,HOME AND KITCHEN II,59.0,2
2017-07-11,3,HOME AND KITCHEN II,82.0,2
2017-07-12,3,HOME AND KITCHEN II,62.0,2
2017-07-13,3,HOME AND KITCHEN II,38.0,2
2017-07-14,3,HOME AND KITCHEN II,52.0,1
2017-07-15,3,HOME AND KITCHEN II,67.0,1
2017-07-16,3,HOME AND KITCHEN II,38.0,1
2017-07-17,3,HOME AND KITCHEN II,52.0,1
2017-07-18,3,HOME AND KITCHEN II,75.0,1
2017-07-19,3,HOME AND KITCHEN II,39.0,1
2017-07-20,3,HOME AND KITCHEN II,49.0,1
2017-07-21,3,HOME AND KITCHEN II,41.0,1
2017-07-22,3,HOME AND KITCHEN II,67.0,1
2017-07-23,3,HOME AND KITCHEN II,95.0,1
2017-07-24,3,HOME AND KITCHEN II,63.0,1
2017-07-25,3,HOME AND KITCHEN II,44.0,1
2017-07-26,3,HOME AND KITCHEN II,49.0,1
2017-07-27,3,HOME AND KITCHEN II,35.0,1
2017-07-28,3,HOME AND KITCHEN II,63.0,1
2017-07-29,3,HOME AND KITCHEN II,43.0,1
2017-07-30,3,HOME AND KITCHEN II,71.0,1
2017-07-31,3,HOME AND KITCHEN II,64.0,1
2017-01-01,3,HOME APPLIANCES,0.0,0
2017-01-02,3,HOME APPLIANCES,3.0,0
2017-01-03,3,HOME APPLIANCES,0.0,0
2017-01-04,3,HOME APPLIANCES,4.0,0
2017-01-05,3,HOME APPLIANCES,0.0,0
2017-01-06,3,HOME APPLIANCES,3.0,0
2017-01-07,3,HOME APPLIANCES,3.0,0
2017-01-08,3,HOME APPLIANCES,4.0,0
2017-01-09,3,HOME APPLIANCES,3.0,0
2017-01-10,3,HOME APPLIANCES,4.0,0
2017-01-11,3,HOME APPLIANCES,4.0,0
2017-01-12,3,HOME APPLIANCES,0.0,0
2017-01-13,3,HOME APPLIANCES,0.0,0
2017-01-14,3,HOME APPLIANCES,0.0,0
2017-01-15,3,HOME APPLIANCES,0.0,0
2017-01-16,3,HOME APPLIANCES,0.0,0
2017-01-17,3,HOME APPLIANCES,0.0,0
2017-01-18,3,HOME APPLIANCES,0.0,0
2017-01-19,3,HOME APPLIANCES,0.0,0
2017-01-20,3,HOME APPLIANCES,5.0,0
2017-01-21,3,HOME APPLIANCES,3.0,0
2017-01-22,3,HOME APPLIANCES,3.0,0
2017-01-23,3,HOME APPLIANCES,1.0,0
2017-01-24,3,HOME APPLIANCES,3.0,0
2017-01-25,3,HOME APPLIANCES,4.0,0
2017-01-26,3,HOME APPLIANCES,1.0,0
2017-01-27,3,HOME APPLIANCES,1.0,0
2017-01-28,3,HOME APPLIANCES,7.0,0
2017-01-29,3,HOME APPLIANCES,6.0,0
2017-01-30,3,HOME APPLIANCES,1.0,0
2017-01-31,3,HOME APPLIANCES,1.0,0
2017-02-01,3,HOME APPLIANCES,4.0,0
2017-02-02,3,HOME APPLIANCES,0.0,0
2017-02-03,3,HOME APPLIANCES,3.0,0
2017-02-04,3,HOME APPLIANCES,3.0,0
2017-02-05,3,HOME APPLIANCES,1.0,0
2017-02-06,3,HOME APPLIANCES,2.0,0
2017-02-07,3,HOME APPLIANCES,3.0,0
2017-02-08,3,HOME APPLIANCES,3.0,0
2017-02-09,3,HOME APPLIANCES,3.0,0
2017-02-10,3,HOME APPLIANCES,5.0,0
2017-02-11,3,HOME APPLIANCES,5.0,0
2017-02-12,3,HOME APPLIANCES,2.0,0
2017-02-13,3,HOME APPLIANCES,3.0,0
2017-02-14,3,HOME APPLIANCES,1.0,0
2017-02-15,3,HOME APPLIANCES,2.0,0
2017-02-16,3,HOME APPLIANCES,1.0,0
2017-02-17,3,HOME APPLIANCES,1.0,0
2017-02-18,3,HOME APPLIANCES,2.0,0
2017-02-19,3,HOME APPLIANCES,3.0,0
2017-02-20,3,HOME APPLIANCES,0.0,0
2017-02-21,3,HOME APPLIANCES,0.0,0
2017-02-22,3,HOME APPLIANCES,1.0,0
2017-02-23,3,HOME APPLIANCES,2.0,0
2017-02-24,3,HOME APPLIANCES,3.0,0
2017-02-25,3,HOME APPLIANCES,1.0,0
2017-02-26,3,HOME APPLIANCES,1.0,0
2017-02-27,3,HOME APPLIANCES,2.0,0
2017-02-28,3,HOME APPLIANCES,3.0,0
2017-03-01,3,HOME APPLIANCES,1.0,0
2017-03-02,3,HOME APPLIANCES,4.0,0
2017-03-03,3,HOME APPLIANCES,3.0,0
2017-03-04,3,HOME APPLIANCES,3.0,0
2017-03-05,3,HOME APPLIANCES,2.0,0
2017-03-06,3,HOME APPLIANCES,1.0,0
2017-03-07,3,HOME APPLIANCES,2.0,0
2017-03-08,3,HOME APPLIANCES,0.0,0
2017-03-09,3,HOME APPLIANCES,2.0,0
2017-03-10,3,HOME APPLIANCES,3.0,0
2017-03-11,3,HOME APPLIANCES,3.0,0
2017-03-12,3,HOME APPLIANCES,3.0,0
2017-03-13,3,HOME APPLIANCES,4.0,0
2017-03-14,3,HOME APPLIANCES,3.0,0
2017-03-15,3,HOME APPLIANCES,1.0,0
2017-03-16,3,HOME APPLIANCES,2.0,0
2017-03-17,3,HOME APPLIANCES,2.0,0
2017-03-18,3,HOME APPLIANCES,4.0,0
2017-03-19,3,HOME APPLIANCES,4.0,0
2017-03-20,3,HOME APPLIANCES,1.0,0
2017-03-21,3,HOME APPLIANCES,4.0,0
2017-03-22,3,HOME APPLIANCES,2.0,0
2017-03-23,3,HOME APPLIANCES,0.0,0
2017-03-24,3,HOME APPLIANCES,2.0,0
2017-03-25,3,HOME APPLIANCES,3.0,0
2017-03-26,3,HOME APPLIANCES,2.0,0
2017-03-27,3,HOME APPLIANCES,2.0,0
2017-03-28,3,HOME APPLIANCES,2.0,0
2017-03-29,3,HOME APPLIANCES,3.0,0
2017-03-30,3,HOME APPLIANCES,1.0,0
2017-03-31,3,HOME APPLIANCES,2.0,0
2017-04-01,3,HOME APPLIANCES,4.0,0
2017-04-02,3,HOME APPLIANCES,5.0,0
2017-04-03,3,HOME APPLIANCES,3.0,0
2017-04-04,3,HOME APPLIANCES,1.0,0
2017-04-05,3,HOME APPLIANCES,1.0,0
2017-04-06,3,HOME APPLIANCES,1.0,0
2017-04-07,3,HOME APPLIANCES,2.0,0
2017-04-08,3,HOME APPLIANCES,2.0,0
2017-04-09,3,HOME APPLIANCES,6.0,0
2017-04-10,3,HOME APPLIANCES,1.0,0
2017-04-11,3,HOME APPLIANCES,1.0,0
2017-04-12,3,HOME APPLIANCES,3.0,0
2017-04-13,3,HOME APPLIANCES,3.0,0
2017-04-14,3,HOME APPLIANCES,7.0,0
2017-04-15,3,HOME APPLIANCES,2.0,0
2017-04-16,3,HOME APPLIANCES,0.0,0
2017-04-17,3,HOME APPLIANCES,0.0,0
2017-04-18,3,HOME APPLIANCES,0.0,0
2017-04-19,3,HOME APPLIANCES,0.0,0
2017-04-20,3,HOME APPLIANCES,1.0,0
2017-04-21,3,HOME APPLIANCES,3.0,0
2017-04-22,3,HOME APPLIANCES,5.0,0
2017-04-23,3,HOME APPLIANCES,2.0,0
2017-04-24,3,HOME APPLIANCES,3.0,0
2017-04-25,3,HOME APPLIANCES,2.0,0
2017-04-26,3,HOME APPLIANCES,5.0,0
2017-04-27,3,HOME APPLIANCES,3.0,0
2017-04-28,3,HOME APPLIANCES,2.0,0
2017-04-29,3,HOME APPLIANCES,4.0,0
2017-04-30,3,HOME APPLIANCES,2.0,0
2017-05-01,3,HOME APPLIANCES,4.0,0
2017-05-02,3,HOME APPLIANCES,2.0,0
2017-05-03,3,HOME APPLIANCES,5.0,0
2017-05-04,3,HOME APPLIANCES,1.0,0
2017-05-05,3,HOME APPLIANCES,5.0,0
2017-05-06,3,HOME APPLIANCES,5.0,0
2017-05-07,3,HOME APPLIANCES,4.0,0
2017-05-08,3,HOME APPLIANCES,1.0,0
2017-05-09,3,HOME APPLIANCES,1.0,0
2017-05-10,3,HOME APPLIANCES,0.0,0
2017-05-11,3,HOME APPLIANCES,2.0,0
2017-05-12,3,HOME APPLIANCES,2.0,0
2017-05-13,3,HOME APPLIANCES,1.0,0
2017-05-14,3,HOME APPLIANCES,3.0,0
2017-05-15,3,HOME APPLIANCES,1.0,0
2017-05-16,3,HOME APPLIANCES,1.0,0
2017-05-17,3,HOME APPLIANCES,2.0,0
2017-05-18,3,HOME APPLIANCES,3.0,0
2017-05-19,3,HOME APPLIANCES,1.0,0
2017-05-20,3,HOME APPLIANCES,4.0,0
2017-05-21,3,HOME APPLIANCES,3.0,0
2017-05-22,3,HOME APPLIANCES,1.0,0
2017-05-23,3,HOME APPLIANCES,1.0,0
2017-05-24,3,HOME APPLIANCES,2.0,0
2017-05-25,3,HOME APPLIANCES,1.0,0
2017-05-26,3,HOME APPLIANCES,2.0,0
2017-05-27,3,HOME APPLIANCES,1.0,0
2017-05-28,3,HOME APPLIANCES,4.0,0
2017-05-29,3,HOME APPLIANCES,2.0,0
2017-05-30,3,HOME APPLIANCES,3.0,0
2017-05-31,3,HOME APPLIANCES,3.0,0
2017-06-01,3,HOME APPLIANCES,1.0,0
2017-06-02,3,HOME APPLIANCES,0.0,0
2017-06-03,3,HOME APPLIANCES,4.0,0
2017-06-04,3,HOME APPLIANCES,6.0,0
2017-06-05,3,HOME APPLIANCES,0.0,0
2017-06-06,3,HOME APPLIANCES,4.0,0
2017-06-07,3,HOME APPLIANCES,3.0,0
2017-06-08,3,HOME APPLIANCES,3.0,0
2017-06-09,3,HOME APPLIANCES,1.0,0
2017-06-10,3,HOME APPLIANCES,1.0,0
2017-06-11,3,HOME APPLIANCES,2.0,0
2017-06-12,3,HOME APPLIANCES,1.0,0
2017-06-13,3,HOME APPLIANCES,2.0,0
2017-06-14,3,HOME APPLIANCES,3.0,0
2017-06-15,3,HOME APPLIANCES,3.0,0
2017-06-16,3,HOME APPLIANCES,0.0,0
2017-06-17,3,HOME APPLIANCES,0.0,0
2017-06-18,3,HOME APPLIANCES,1.0,0
2017-06-19,3,HOME APPLIANCES,2.0,0
2017-06-20,3,HOME APPLIANCES,2.0,0
2017-06-21,3,HOME APPLIANCES,2.0,0
2017-06-22,3,HOME APPLIANCES,5.0,0
2017-06-23,3,HOME APPLIANCES,2.0,0
2017-06-24,3,HOME APPLIANCES,3.0,0
2017-06-25,3,HOME APPLIANCES,2.0,0
2017-06-26,3,HOME APPLIANCES,3.0,0
2017-06-27,3,HOME APPLIANCES,2.0,0
2017-06-28,3,HOME APPLIANCES,2.0,0
2017-06-29,3,HOME APPLIANCES,1.0,0
2017-06-30,3,HOME APPLIANCES,1.0,0
2017-07-01,3,HOME APPLIANCES,3.0,0
2017-07-02,3,HOME APPLIANCES,2.0,0
2017-07-03,3,HOME APPLIANCES,3.0,0
2017-07-04,3,HOME APPLIANCES,3.0,0
2017-07-05,3,HOME APPLIANCES,4.0,0
2017-07-06,3,HOME APPLIANCES,1.0,0
2017-07-07,3,HOME APPLIANCES,2.0,0
2017-07-08,3,HOME APPLIANCES,1.0,0
2017-07-09,3,HOME APPLIANCES,3.0,0
2017-07-10,3,HOME APPLIANCES,4.0,0
2017-07-11,3,HOME APPLIANCES,1.0,0
2017-07-12,3,HOME APPLIANCES,1.0,0
2017-07-13,3,HOME APPLIANCES,0.0,0
2017-07-14,3,HOME APPLIANCES,4.0,0
2017-07-15,3,HOME APPLIANCES,4.0,0
2017-07-16,3,HOME APPLIANCES,0.0,0
2017-07-17,3,HOME APPLIANCES,1.0,0
2017-07-18,3,HOME APPLIANCES,0.0,0
2017-07-19,3,HOME APPLIANCES,3.0,0
2017-07-20,3,HOME APPLIANCES,1.0,0
2017-07-21,3,HOME APPLIANCES,4.0,0
2017-07-22,3,HOME APPLIANCES,0.0,0
2017-07-23,3,HOME APPLIANCES,1.0,0
2017-07-24,3,HOME APPLIANCES,1.0,0
2017-07-25,3,HOME APPLIANCES,1.0,0
2017-07-26,3,HOME APPLIANCES,0.0,0
2017-07-27,3,HOME APPLIANCES,0.0,0
2017-07-28,3,HOME APPLIANCES,0.0,0
2017-07-29,3,HOME APPLIANCES,0.0,0
2017-07-30,3,HOME APPLIANCES,0.0,0
2017-07-31,3,HOME APPLIANCES,1.0,0
2017-01-01,3,HOME CARE,0.0,0
2017-01-02,3,HOME CARE,1100.0,6
2017-01-03,3,HOME CARE,764.0,5
2017-01-04,3,HOME CARE,802.0,9
2017-01-05,3,HOME CARE,556.0,5
2017-01-06,3,HOME CARE,642.0,7
2017-01-07,3,HOME CARE,911.0,7
2017-01-08,3,HOME CARE,903.0,8
2017-01-09,3,HOME CARE,599.0,7
2017-01-10,3,HOME CARE,484.0,8
2017-01-11,3,HOME CARE,501.0,6
2017-01-12,3,HOME CARE,417.0,7
2017-01-13,3,HOME CARE,471.0,7
2017-01-14,3,HOME CARE,665.0,8
2017-01-15,3,HOME CARE,812.0,8
2017-01-16,3,HOME CARE,517.0,9
2017-01-17,3,HOME CARE,435.0,7
2017-01-18,3,HOME CARE,530.0,9
2017-01-19,3,HOME CARE,357.0,9
2017-01-20,3,HOME CARE,399.0,9
2017-01-21,3,HOME CARE,782.0,10
2017-01-22,3,HOME CARE,907.0,10
2017-01-23,3,HOME CARE,517.0,9
2017-01-24,3,HOME CARE,441.0,9
2017-01-25,3,HOME CARE,488.0,12
2017-01-26,3,HOME CARE,389.0,8
2017-01-27,3,HOME CARE,527.0,8
2017-01-28,3,HOME CARE,747.0,9
2017-01-29,3,HOME CARE,864.0,12
2017-01-30,3,HOME CARE,452.0,8
2017-01-31,3,HOME CARE,509.0,9
2017-02-01,3,HOME CARE,761.0,8
2017-02-02,3,HOME CARE,485.0,7
2017-02-03,3,HOME CARE,663.0,7
2017-02-04,3,HOME CARE,743.0,5
2017-02-05,3,HOME CARE,744.0,6
2017-02-06,3,HOME CARE,462.0,7
2017-02-07,3,HOME CARE,435.0,8
2017-02-08,3,HOME CARE,415.0,9
2017-02-09,3,HOME CARE,332.0,4
2017-02-10,3,HOME CARE,394.0,4
2017-02-11,3,HOME CARE,593.0,4
2017-02-12,3,HOME CARE,717.0,4
2017-02-13,3,HOME CARE,489.0,3
2017-02-14,3,HOME CARE,316.0,4
2017-02-15,3,HOME CARE,457.0,8
2017-02-16,3,HOME CARE,434.0,6
2017-02-17,3,HOME CARE,479.0,6
2017-02-18,3,HOME CARE,821.0,5
2017-02-19,3,HOME CARE,642.0,6
2017-02-20,3,HOME CARE,504.0,5
2017-02-21,3,HOME CARE,491.0,7
2017-02-22,3,HOME CARE,479.0,6
2017-02-23,3,HOME CARE,384.0,6
2017-02-24,3,HOME CARE,526.0,6
2017-02-25,3,HOME CARE,709.0,6
2017-02-26,3,HOME CARE,562.0,7
2017-02-27,3,HOME CARE,455.0,6
2017-02-28,3,HOME CARE,795.0,5
2017-03-01,3,HOME CARE,652.0,6
2017-03-02,3,HOME CARE,479.0,5
2017-03-03,3,HOME CARE,573.0,4
2017-03-04,3,HOME CARE,774.0,4
2017-03-05,3,HOME CARE,912.0,4
2017-03-06,3,HOME CARE,581.0,4
2017-03-07,3,HOME CARE,497.0,4
2017-03-08,3,HOME CARE,578.0,4
2017-03-09,3,HOME CARE,400.0,3
2017-03-10,3,HOME CARE,499.0,6
2017-03-11,3,HOME CARE,717.0,6
2017-03-12,3,HOME CARE,848.0,6
2017-03-13,3,HOME CARE,489.0,3
2017-03-14,3,HOME CARE,385.0,5
2017-03-15,3,HOME CARE,536.0,4
2017-03-16,3,HOME CARE,395.0,5
2017-03-17,3,HOME CARE,451.0,5
2017-03-18,3,HOME CARE,667.0,6
2017-03-19,3,HOME CARE,870.0,6
2017-03-20,3,HOME CARE,584.0,5
2017-03-21,3,HOME CARE,451.0,4
2017-03-22,3,HOME CARE,495.0,5
2017-03-23,3,HOME CARE,409.0,8
2017-03-24,3,HOME CARE,479.0,8
2017-03-25,3,HOME CARE,722.0,8
2017-03-26,3,HOME CARE,826.0,10
2017-03-27,3,HOME CARE,494.0,7
2017-03-28,3,HOME CARE,434.0,10
2017-03-29,3,HOME CARE,598.0,10
2017-03-30,3,HOME CARE,358.0,7
2017-03-31,3,HOME CARE,562.0,6
2017-04-01,3,HOME CARE,1139.0,6
2017-04-02,3,HOME CARE,766.0,6
2017-04-03,3,HOME CARE,540.0,5
2017-04-04,3,HOME CARE,460.0,7
2017-04-05,3,HOME CARE,532.0,6
2017-04-06,3,HOME CARE,368.0,6
2017-04-07,3,HOME CARE,437.0,7
2017-04-08,3,HOME CARE,595.0,4
2017-04-09,3,HOME CARE,745.0,6
2017-04-10,3,HOME CARE,389.0,5
2017-04-11,3,HOME CARE,350.0,5
2017-04-12,3,HOME CARE,387.0,10
2017-04-13,3,HOME CARE,387.0,9
2017-04-14,3,HOME CARE,370.0,7
2017-04-15,3,HOME CARE,549.0,8
2017-04-16,3,HOME CARE,626.0,8
2017-04-17,3,HOME CARE,421.0,1
2017-04-18,3,HOME CARE,391.0,2
2017-04-19,3,HOME CARE,433.0,4
2017-04-20,3,HOME CARE,388.0,6
2017-04-21,3,HOME CARE,497.0,6
2017-04-22,3,HOME CARE,662.0,6
2017-04-23,3,HOME CARE,800.0,7
2017-04-24,3,HOME CARE,453.0,6
2017-04-25,3,HOME CARE,451.0,6
2017-04-26,3,HOME CARE,484.0,9
2017-04-27,3,HOME CARE,378.0,8
2017-04-28,3,HOME CARE,427.0,8
2017-04-29,3,HOME CARE,564.0,8
2017-04-30,3,HOME CARE,676.0,8
2017-05-01,3,HOME CARE,776.0,9
2017-05-02,3,HOME CARE,548.0,6
2017-05-03,3,HOME CARE,577.0,11
2017-05-04,3,HOME CARE,483.0,8
2017-05-05,3,HOME CARE,447.0,10
2017-05-06,3,HOME CARE,647.0,8
2017-05-07,3,HOME CARE,780.0,9
2017-05-08,3,HOME CARE,502.0,8
2017-05-09,3,HOME CARE,362.0,8
2017-05-10,3,HOME CARE,381.0,8
2017-05-11,3,HOME CARE,309.0,10
2017-05-12,3,HOME CARE,424.0,12
2017-05-13,3,HOME CARE,592.0,11
2017-05-14,3,HOME CARE,511.0,12
2017-05-15,3,HOME CARE,512.0,13
2017-05-16,3,HOME CARE,513.0,13
2017-05-17,3,HOME CARE,636.0,14
2017-05-18,3,HOME CARE,431.0,12
2017-05-19,3,HOME CARE,421.0,11
2017-05-20,3,HOME CARE,751.0,13
2017-05-21,3,HOME CARE,893.0,13
2017-05-22,3,HOME CARE,524.0,13
2017-05-23,3,HOME CARE,408.0,14
2017-05-24,3,HOME CARE,474.0,11
2017-05-25,3,HOME CARE,370.0,14
2017-05-26,3,HOME CARE,636.0,13
2017-05-27,3,HOME CARE,621.0,12
2017-05-28,3,HOME CARE,729.0,11
2017-05-29,3,HOME CARE,428.0,12
2017-05-30,3,HOME CARE,420.0,9
2017-05-31,3,HOME CARE,458.0,10
2017-06-01,3,HOME CARE,446.0,3
2017-06-02,3,HOME CARE,529.0,5
2017-06-03,3,HOME CARE,711.0,6
2017-06-04,3,HOME CARE,924.0,7
2017-06-05,3,HOME CARE,560.0,5
2017-06-06,3,HOME CARE,392.0,7
2017-06-07,3,HOME CARE,494.0,5
2017-06-08,3,HOME CARE,321.0,11
2017-06-09,3,HOME CARE,449.0,14
2017-06-10,3,HOME CARE,558.0,14
2017-06-11,3,HOME CARE,725.0,13
2017-06-12,3,HOME CARE,441.0,12
2017-06-13,3,HOME CARE,396.0,10
2017-06-14,3,HOME CARE,448.0,14
2017-06-15,3,HOME CARE,372.0,13
2017-06-16,3,HOME CARE,420.0,11
2017-06-17,3,HOME CARE,602.0,15
2017-06-18,3,HOME CARE,546.0,14
2017-06-19,3,HOME CARE,446.0,12
2017-06-20,3,HOME CARE,439.0,12
2017-06-21,3,HOME CARE,430.0,14
2017-06-22,3,HOME CARE,386.0,16
2017-06-23,3,HOME CARE,425.0,16
2017-06-24,3,HOME CARE,642.0,16
2017-06-25,3,HOME CARE,827.0,15
2017-06-26,3,HOME CARE,435.0,12
2017-06-27,3,HOME CARE,422.0,12
2017-06-28,3,HOME CARE,430.0,13
2017-06-29,3,HOME CARE,324.0,15
2017-06-30,3,HOME CARE,518.0,18
2017-07-01,3,HOME CARE,872.0,16
2017-07-02,3,HOME CARE,997.0,16
2017-07-03,3,HOME CARE,611.0,13
2017-07-04,3,HOME CARE,522.0,14
2017-07-05,3,HOME CARE,533.0,15
2017-07-06,3,HOME CARE,379.0,12
2017-07-07,3,HOME CARE,500.0,13
2017-07-08,3,HOME CARE,681.0,13
2017-07-09,3,HOME CARE,722.0,12
2017-07-10,3,HOME CARE,451.0,13
2017-07-11,3,HOME CARE,497.0,12
2017-07-12,3,HOME CARE,441.0,12
2017-07-13,3,HOME CARE,391.0,13
2017-07-14,3,HOME CARE,516.0,14
2017-07-15,3,HOME CARE,797.0,16
2017-07-16,3,HOME CARE,864.0,13
2017-07-17,3,HOME CARE,593.0,12
2017-07-18,3,HOME CARE,497.0,13
2017-07-19,3,HOME CARE,579.0,14
2017-07-20,3,HOME CARE,472.0,15
2017-07-21,3,HOME CARE,597.0,11
2017-07-22,3,HOME CARE,732.0,10
2017-07-23,3,HOME CARE,795.0,11
2017-07-24,3,HOME CARE,513.0,7
2017-07-25,3,HOME CARE,544.0,8
2017-07-26,3,HOME CARE,516.0,9
2017-07-27,3,HOME CARE,413.0,10
2017-07-28,3,HOME CARE,550.0,11
2017-07-29,3,HOME CARE,791.0,10
2017-07-30,3,HOME CARE,860.0,10
2017-07-31,3,HOME CARE,590.0,9
2017-01-01,3,LADIESWEAR,0.0,0
2017-01-02,3,LADIESWEAR,113.0,0
2017-01-03,3,LADIESWEAR,62.0,0
2017-01-04,3,LADIESWEAR,56.0,0
2017-01-05,3,LADIESWEAR,60.0,0
2017-01-06,3,LADIESWEAR,41.0,0
2017-01-07,3,LADIESWEAR,88.0,0
2017-01-08,3,LADIESWEAR,78.0,0
2017-01-09,3,LADIESWEAR,44.0,0
2017-01-10,3,LADIESWEAR,41.0,0
2017-01-11,3,LADIESWEAR,33.0,0
2017-01-12,3,LADIESWEAR,25.0,0
2017-01-13,3,LADIESWEAR,46.0,0
2017-01-14,3,LADIESWEAR,92.0,0
2017-01-15,3,LADIESWEAR,116.0,0
2017-01-16,3,LADIESWEAR,40.0,0
2017-01-17,3,LADIESWEAR,24.0,0
2017-01-18,3,LADIESWEAR,31.0,0
2017-01-19,3,LADIESWEAR,47.0,0
2017-01-20,3,LADIESWEAR,36.0,0
2017-01-21,3,LADIESWEAR,67.0,0
2017-01-22,3,LADIESWEAR,102.0,0
2017-01-23,3,LADIESWEAR,22.0,0
2017-01-24,3,LADIESWEAR,32.0,0
2017-01-25,3,LADIESWEAR,35.0,0
2017-01-26,3,LADIESWEAR,36.0,0
2017-01-27,3,LADIESWEAR,29.0,0
2017-01-28,3,LADIESWEAR,85.0,0
2017-01-29,3,LADIESWEAR,92.0,0
2017-01-30,3,LADIESWEAR,27.0,0
2017-01-31,3,LADIESWEAR,46.0,0
2017-02-01,3,LADIESWEAR,52.0,0
2017-02-02,3,LADIESWEAR,40.0,0
2017-02-03,3,LADIESWEAR,35.0,0
2017-02-04,3,LADIESWEAR,76.0,0
2017-02-05,3,LADIESWEAR,106.0,0
2017-02-06,3,LADIESWEAR,38.0,0
2017-02-07,3,LADIESWEAR,48.0,0
2017-02-08,3,LADIESWEAR,53.0,0
2017-02-09,3,LADIESWEAR,48.0,0
2017-02-10,3,LADIESWEAR,30.0,0
2017-02-11,3,LADIESWEAR,77.0,0
2017-02-12,3,LADIESWEAR,106.0,0
2017-02-13,3,LADIESWEAR,32.0,0
2017-02-14,3,LADIESWEAR,19.0,0
2017-02-15,3,LADIESWEAR,68.0,0
2017-02-16,3,LADIESWEAR,29.0,0
2017-02-17,3,LADIESWEAR,30.0,0
2017-02-18,3,LADIESWEAR,89.0,0
2017-02-19,3,LADIESWEAR,81.0,0
2017-02-20,3,LADIESWEAR,44.0,0
2017-02-21,3,LADIESWEAR,62.0,0
2017-02-22,3,LADIESWEAR,49.0,0
2017-02-23,3,LADIESWEAR,38.0,0
2017-02-24,3,LADIESWEAR,38.0,0
2017-02-25,3,LADIESWEAR,53.0,0
2017-02-26,3,LADIESWEAR,71.0,0
2017-02-27,3,LADIESWEAR,66.0,0
2017-02-28,3,LADIESWEAR,74.0,0
2017-03-01,3,LADIESWEAR,39.0,0
2017-03-02,3,LADIESWEAR,40.0,0
2017-03-03,3,LADIESWEAR,31.0,0
2017-03-04,3,LADIESWEAR,73.0,0
2017-03-05,3,LADIESWEAR,87.0,0
2017-03-06,3,LADIESWEAR,56.0,0
2017-03-07,3,LADIESWEAR,43.0,0
2017-03-08,3,LADIESWEAR,27.0,0
2017-03-09,3,LADIESWEAR,35.0,0
2017-03-10,3,LADIESWEAR,42.0,0
2017-03-11,3,LADIESWEAR,85.0,0
2017-03-12,3,LADIESWEAR,94.0,0
2017-03-13,3,LADIESWEAR,53.0,0
2017-03-14,3,LADIESWEAR,32.0,0
2017-03-15,3,LADIESWEAR,44.0,0
2017-03-16,3,LADIESWEAR,42.0,0
2017-03-17,3,LADIESWEAR,45.0,0
2017-03-18,3,LADIESWEAR,57.0,0
2017-03-19,3,LADIESWEAR,94.0,0
2017-03-20,3,LADIESWEAR,44.0,0
2017-03-21,3,LADIESWEAR,39.0,0
2017-03-22,3,LADIESWEAR,16.0,0
2017-03-23,3,LADIESWEAR,30.0,0
2017-03-24,3,LADIESWEAR,55.0,0
2017-03-25,3,LADIESWEAR,79.0,0
2017-03-26,3,LADIESWEAR,27.0,0
2017-03-27,3,LADIESWEAR,37.0,0
2017-03-28,3,LADIESWEAR,29.0,0
2017-03-29,3,LADIESWEAR,42.0,0
2017-03-30,3,LADIESWEAR,42.0,0
2017-03-31,3,LADIESWEAR,32.0,0
2017-04-01,3,LADIESWEAR,102.0,0
2017-04-02,3,LADIESWEAR,59.0,0
2017-04-03,3,LADIESWEAR,29.0,0
2017-04-04,3,LADIESWEAR,32.0,0
2017-04-05,3,LADIESWEAR,42.0,0
2017-04-06,3,LADIESWEAR,24.0,0
2017-04-07,3,LADIESWEAR,31.0,0
2017-04-08,3,LADIESWEAR,41.0,0
2017-04-09,3,LADIESWEAR,72.0,0
2017-04-10,3,LADIESWEAR,33.0,0
2017-04-11,3,LADIESWEAR,31.0,0
2017-04-12,3,LADIESWEAR,19.0,0
2017-04-13,3,LADIESWEAR,25.0,0
2017-04-14,3,LADIESWEAR,33.0,0
2017-04-15,3,LADIESWEAR,51.0,0
2017-04-16,3,LADIESWEAR,54.0,0
2017-04-17,3,LADIESWEAR,16.0,0
2017-04-18,3,LADIESWEAR,14.0,0
2017-04-19,3,LADIESWEAR,15.0,0
2017-04-20,3,LADIESWEAR,29.0,0
2017-04-21,3,LADIESWEAR,33.0,0
2017-04-22,3,LADIESWEAR,60.0,0
2017-04-23,3,LADIESWEAR,66.0,0
2017-04-24,3,LADIESWEAR,28.0,0
2017-04-25,3,LADIESWEAR,21.0,0
2017-04-26,3,LADIESWEAR,43.0,0
2017-04-27,3,LADIESWEAR,8.0,0
2017-04-28,3,LADIESWEAR,34.0,0
2017-04-29,3,LADIESWEAR,46.0,0
2017-04-30,3,LADIESWEAR,61.0,0
2017-05-01,3,LADIESWEAR,61.0,0
2017-05-02,3,LADIESWEAR,37.0,0
2017-05-03,3,LADIESWEAR,47.0,0
2017-05-04,3,LADIESWEAR,49.0,0
2017-05-05,3,LADIESWEAR,34.0,0
2017-05-06,3,LADIESWEAR,60.0,0
2017-05-07,3,LADIESWEAR,95.0,0
2017-05-08,3,LADIESWEAR,37.0,0
2017-05-09,3,LADIESWEAR,44.0,0
2017-05-10,3,LADIESWEAR,47.0,0
2017-05-11,3,LADIESWEAR,31.0,0
2017-05-12,3,LADIESWEAR,24.0,0
2017-05-13,3,LADIESWEAR,60.0,0
2017-05-14,3,LADIESWEAR,74.0,0
2017-05-15,3,LADIESWEAR,35.0,0
2017-05-16,3,LADIESWEAR,45.0,0
2017-05-17,3,LADIESWEAR,41.0,0
2017-05-18,3,LADIESWEAR,30.0,0
2017-05-19,3,LADIESWEAR,53.0,0
2017-05-20,3,LADIESWEAR,85.0,0
2017-05-21,3,LADIESWEAR,98.0,0
2017-05-22,3,LADIESWEAR,16.0,0
2017-05-23,3,LADIESWEAR,42.0,0
2017-05-24,3,LADIESWEAR,21.0,0
2017-05-25,3,LADIESWEAR,18.0,0
2017-05-26,3,LADIESWEAR,56.0,0
2017-05-27,3,LADIESWEAR,52.0,0
2017-05-28,3,LADIESWEAR,35.0,0
2017-05-29,3,LADIESWEAR,17.0,0
2017-05-30,3,LADIESWEAR,24.0,0
2017-05-31,3,LADIESWEAR,22.0,0
2017-06-01,3,LADIESWEAR,37.0,0
2017-06-02,3,LADIESWEAR,44.0,0
2017-06-03,3,LADIESWEAR,72.0,0
2017-06-04,3,LADIESWEAR,94.0,0
2017-06-05,3,LADIESWEAR,33.0,0
2017-06-06,3,LADIESWEAR,34.0,0
2017-06-07,3,LADIESWEAR,57.0,0
2017-06-08,3,LADIESWEAR,13.0,0
2017-06-09,3,LADIESWEAR,34.0,0
2017-06-10,3,LADIESWEAR,70.0,0
2017-06-11,3,LADIESWEAR,92.0,0
2017-06-12,3,LADIESWEAR,32.0,0
2017-06-13,3,LADIESWEAR,24.0,0
2017-06-14,3,LADIESWEAR,51.0,0
2017-06-15,3,LADIESWEAR,46.0,0
2017-06-16,3,LADIESWEAR,33.0,0
2017-06-17,3,LADIESWEAR,71.0,0
2017-06-18,3,LADIESWEAR,36.0,0
2017-06-19,3,LADIESWEAR,27.0,0
2017-06-20,3,LADIESWEAR,28.0,0
2017-06-21,3,LADIESWEAR,46.0,0
2017-06-22,3,LADIESWEAR,45.0,0
2017-06-23,3,LADIESWEAR,37.0,0
2017-06-24,3,LADIESWEAR,71.0,0
2017-06-25,3,LADIESWEAR,80.0,0
2017-06-26,3,LADIESWEAR,35.0,0
2017-06-27,3,LADIESWEAR,32.0,0
2017-06-28,3,LADIESWEAR,33.0,0
2017-06-29,3,LADIESWEAR,36.0,0
2017-06-30,3,LADIESWEAR,46.0,0
2017-07-01,3,LADIESWEAR,82.0,0
2017-07-02,3,LADIESWEAR,120.0,0
2017-07-03,3,LADIESWEAR,41.0,0
2017-07-04,3,LADIESWEAR,28.0,0
2017-07-05,3,LADIESWEAR,38.0,0
2017-07-06,3,LADIESWEAR,27.0,0
2017-07-07,3,LADIESWEAR,43.0,0
2017-07-08,3,LADIESWEAR,61.0,0
2017-07-09,3,LADIESWEAR,45.0,0
2017-07-10,3,LADIESWEAR,21.0,0
2017-07-11,3,LADIESWEAR,46.0,0
2017-07-12,3,LADIESWEAR,31.0,0
2017-07-13,3,LADIESWEAR,41.0,0
2017-07-14,3,LADIESWEAR,44.0,0
2017-07-15,3,LADIESWEAR,52.0,0
2017-07-16,3,LADIESWEAR,69.0,0
2017-07-17,3,LADIESWEAR,41.0,0
2017-07-18,3,LADIESWEAR,26.0,0
2017-07-19,3,LADIESWEAR,43.0,0
2017-07-20,3,LADIESWEAR,30.0,0
2017-07-21,3,LADIESWEAR,47.0,0
2017-07-22,3,LADIESWEAR,78.0,0
2017-07-23,3,LADIESWEAR,94.0,0
2017-07-24,3,LADIESWEAR,56.0,0
2017-07-25,3,LADIESWEAR,31.0,0
2017-07-26,3,LADIESWEAR,22.0,0
2017-07-27,3,LADIESWEAR,18.0,0
2017-07-28,3,LADIESWEAR,39.0,0
2017-07-29,3,LADIESWEAR,59.0,0
2017-07-30,3,LADIESWEAR,59.0,0
2017-07-31,3,LADIESWEAR,41.0,0
2017-01-01,3,LAWN AND GARDEN,0.0,0
2017-01-02,3,LAWN AND GARDEN,71.0,0
2017-01-03,3,LAWN AND GARDEN,50.0,0
2017-01-04,3,LAWN AND GARDEN,66.0,10
2017-01-05,3,LAWN AND GARDEN,59.0,0
2017-01-06,3,LAWN AND GARDEN,55.0,0
2017-01-07,3,LAWN AND GARDEN,105.0,0
2017-01-08,3,LAWN AND GARDEN,69.0,0
2017-01-09,3,LAWN AND GARDEN,39.0,0
2017-01-10,3,LAWN AND GARDEN,32.0,0
2017-01-11,3,LAWN AND GARDEN,87.0,11
2017-01-12,3,LAWN AND GARDEN,38.0,0
2017-01-13,3,LAWN AND GARDEN,73.0,0
2017-01-14,3,LAWN AND GARDEN,66.0,0
2017-01-15,3,LAWN AND GARDEN,65.0,0
2017-01-16,3,LAWN AND GARDEN,38.0,0
2017-01-17,3,LAWN AND GARDEN,48.0,0
2017-01-18,3,LAWN AND GARDEN,90.0,13
2017-01-19,3,LAWN AND GARDEN,56.0,0
2017-01-20,3,LAWN AND GARDEN,63.0,0
2017-01-21,3,LAWN AND GARDEN,76.0,0
2017-01-22,3,LAWN AND GARDEN,70.0,0
2017-01-23,3,LAWN AND GARDEN,42.0,0
2017-01-24,3,LAWN AND GARDEN,36.0,0
2017-01-25,3,LAWN AND GARDEN,65.0,5
2017-01-26,3,LAWN AND GARDEN,66.0,0
2017-01-27,3,LAWN AND GARDEN,69.0,0
2017-01-28,3,LAWN AND GARDEN,78.0,0
2017-01-29,3,LAWN AND GARDEN,63.0,0
2017-01-30,3,LAWN AND GARDEN,36.0,0
2017-01-31,3,LAWN AND GARDEN,50.0,0
2017-02-01,3,LAWN AND GARDEN,66.0,7
2017-02-02,3,LAWN AND GARDEN,53.0,0
2017-02-03,3,LAWN AND GARDEN,82.0,0
2017-02-04,3,LAWN AND GARDEN,94.0,0
2017-02-05,3,LAWN AND GARDEN,84.0,0
2017-02-06,3,LAWN AND GARDEN,31.0,0
2017-02-07,3,LAWN AND GARDEN,34.0,0
2017-02-08,3,LAWN AND GARDEN,74.0,11
2017-02-09,3,LAWN AND GARDEN,37.0,0
2017-02-10,3,LAWN AND GARDEN,86.0,0
2017-02-11,3,LAWN AND GARDEN,66.0,1
2017-02-12,3,LAWN AND GARDEN,92.0,0
2017-02-13,3,LAWN AND GARDEN,157.0,0
2017-02-14,3,LAWN AND GARDEN,230.0,0
2017-02-15,3,LAWN AND GARDEN,52.0,7
2017-02-16,3,LAWN AND GARDEN,25.0,0
2017-02-17,3,LAWN AND GARDEN,82.0,0
2017-02-18,3,LAWN AND GARDEN,94.0,0
2017-02-19,3,LAWN AND GARDEN,54.0,0
2017-02-20,3,LAWN AND GARDEN,45.0,0
2017-02-21,3,LAWN AND GARDEN,38.0,0
2017-02-22,3,LAWN AND GARDEN,56.0,10
2017-02-23,3,LAWN AND GARDEN,54.0,0
2017-02-24,3,LAWN AND GARDEN,80.0,0
2017-02-25,3,LAWN AND GARDEN,77.0,0
2017-02-26,3,LAWN AND GARDEN,61.0,0
2017-02-27,3,LAWN AND GARDEN,52.0,0
2017-02-28,3,LAWN AND GARDEN,53.0,0
2017-03-01,3,LAWN AND GARDEN,75.0,13
2017-03-02,3,LAWN AND GARDEN,60.0,0
2017-03-03,3,LAWN AND GARDEN,65.0,0
2017-03-04,3,LAWN AND GARDEN,101.0,0
2017-03-05,3,LAWN AND GARDEN,93.0,0
2017-03-06,3,LAWN AND GARDEN,51.0,0
2017-03-07,3,LAWN AND GARDEN,50.0,0
2017-03-08,3,LAWN AND GARDEN,105.0,13
2017-03-09,3,LAWN AND GARDEN,43.0,0
2017-03-10,3,LAWN AND GARDEN,51.0,0
2017-03-11,3,LAWN AND GARDEN,64.0,0
2017-03-12,3,LAWN AND GARDEN,70.0,0
2017-03-13,3,LAWN AND GARDEN,32.0,0
2017-03-14,3,LAWN AND GARDEN,71.0,0
2017-03-15,3,LAWN AND GARDEN,47.0,12
2017-03-16,3,LAWN AND GARDEN,56.0,0
2017-03-17,3,LAWN AND GARDEN,68.0,0
2017-03-18,3,LAWN AND GARDEN,92.0,0
2017-03-19,3,LAWN AND GARDEN,56.0,0
2017-03-20,3,LAWN AND GARDEN,53.0,0
2017-03-21,3,LAWN AND GARDEN,58.0,0
2017-03-22,3,LAWN AND GARDEN,69.0,12
2017-03-23,3,LAWN AND GARDEN,58.0,0
2017-03-24,3,LAWN AND GARDEN,67.0,0
2017-03-25,3,LAWN AND GARDEN,68.0,0
2017-03-26,3,LAWN AND GARDEN,70.0,0
2017-03-27,3,LAWN AND GARDEN,40.0,0
2017-03-28,3,LAWN AND GARDEN,67.0,0
2017-03-29,3,LAWN AND GARDEN,82.0,12
2017-03-30,3,LAWN AND GARDEN,43.0,0
2017-03-31,3,LAWN AND GARDEN,62.0,0
2017-04-01,3,LAWN AND GARDEN,65.0,0
2017-04-02,3,LAWN AND GARDEN,50.0,0
2017-04-03,3,LAWN AND GARDEN,30.0,1
2017-04-04,3,LAWN AND GARDEN,48.0,0
2017-04-05,3,LAWN AND GARDEN,102.0,13
2017-04-06,3,LAWN AND GARDEN,56.0,0
2017-04-07,3,LAWN AND GARDEN,80.0,0
2017-04-08,3,LAWN AND GARDEN,59.0,0
2017-04-09,3,LAWN AND GARDEN,90.0,0
2017-04-10,3,LAWN AND GARDEN,21.0,0
2017-04-11,3,LAWN AND GARDEN,43.0,0
2017-04-12,3,LAWN AND GARDEN,67.0,12
2017-04-13,3,LAWN AND GARDEN,67.0,0
2017-04-14,3,LAWN AND GARDEN,53.0,0
2017-04-15,3,LAWN AND GARDEN,80.0,0
2017-04-16,3,LAWN AND GARDEN,53.0,0
2017-04-17,3,LAWN AND GARDEN,70.0,0
2017-04-18,3,LAWN AND GARDEN,43.0,0
2017-04-19,3,LAWN AND GARDEN,85.0,12
2017-04-20,3,LAWN AND GARDEN,47.0,0
2017-04-21,3,LAWN AND GARDEN,92.0,0
2017-04-22,3,LAWN AND GARDEN,62.0,0
2017-04-23,3,LAWN AND GARDEN,78.0,0
2017-04-24,3,LAWN AND GARDEN,42.0,0
2017-04-25,3,LAWN AND GARDEN,67.0,0
2017-04-26,3,LAWN AND GARDEN,80.0,12
2017-04-27,3,LAWN AND GARDEN,38.0,1
2017-04-28,3,LAWN AND GARDEN,79.0,0
2017-04-29,3,LAWN AND GARDEN,94.0,0
2017-04-30,3,LAWN AND GARDEN,80.0,0
2017-05-01,3,LAWN AND GARDEN,59.0,0
2017-05-02,3,LAWN AND GARDEN,48.0,0
2017-05-03,3,LAWN AND GARDEN,87.0,12
2017-05-04,3,LAWN AND GARDEN,34.0,1
2017-05-05,3,LAWN AND GARDEN,68.0,0
2017-05-06,3,LAWN AND GARDEN,80.0,0
2017-05-07,3,LAWN AND GARDEN,77.0,0
2017-05-08,3,LAWN AND GARDEN,46.0,0
2017-05-09,3,LAWN AND GARDEN,44.0,0
2017-05-10,3,LAWN AND GARDEN,38.0,6
2017-05-11,3,LAWN AND GARDEN,52.0,0
2017-05-12,3,LAWN AND GARDEN,132.0,1
2017-05-13,3,LAWN AND GARDEN,227.0,0
2017-05-14,3,LAWN AND GARDEN,139.0,0
2017-05-15,3,LAWN AND GARDEN,31.0,0
2017-05-16,3,LAWN AND GARDEN,39.0,0
2017-05-17,3,LAWN AND GARDEN,78.0,12
2017-05-18,3,LAWN AND GARDEN,59.0,0
2017-05-19,3,LAWN AND GARDEN,50.0,0
2017-05-20,3,LAWN AND GARDEN,83.0,0
2017-05-21,3,LAWN AND GARDEN,63.0,0
2017-05-22,3,LAWN AND GARDEN,53.0,0
2017-05-23,3,LAWN AND GARDEN,51.0,0
2017-05-24,3,LAWN AND GARDEN,86.0,12
2017-05-25,3,LAWN AND GARDEN,61.0,0
2017-05-26,3,LAWN AND GARDEN,94.0,0
2017-05-27,3,LAWN AND GARDEN,56.0,0
2017-05-28,3,LAWN AND GARDEN,69.0,0
2017-05-29,3,LAWN AND GARDEN,44.0,0
2017-05-30,3,LAWN AND GARDEN,56.0,0
2017-05-31,3,LAWN AND GARDEN,83.0,11
2017-06-01,3,LAWN AND GARDEN,57.0,0
2017-06-02,3,LAWN AND GARDEN,76.0,0
2017-06-03,3,LAWN AND GARDEN,38.0,0
2017-06-04,3,LAWN AND GARDEN,86.0,0
2017-06-05,3,LAWN AND GARDEN,37.0,0
2017-06-06,3,LAWN AND GARDEN,57.0,0
2017-06-07,3,LAWN AND GARDEN,69.0,10
2017-06-08,3,LAWN AND GARDEN,35.0,0
2017-06-09,3,LAWN AND GARDEN,70.0,0
2017-06-10,3,LAWN AND GARDEN,85.0,0
2017-06-11,3,LAWN AND GARDEN,110.0,0
2017-06-12,3,LAWN AND GARDEN,36.0,0
2017-06-13,3,LAWN AND GARDEN,60.0,0
2017-06-14,3,LAWN AND GARDEN,79.0,11
2017-06-15,3,LAWN AND GARDEN,38.0,0
2017-06-16,3,LAWN AND GARDEN,133.0,0
2017-06-17,3,LAWN AND GARDEN,115.0,0
2017-06-18,3,LAWN AND GARDEN,68.0,0
2017-06-19,3,LAWN AND GARDEN,47.0,0
2017-06-20,3,LAWN AND GARDEN,44.0,0
2017-06-21,3,LAWN AND GARDEN,83.0,10
2017-06-22,3,LAWN AND GARDEN,44.0,0
2017-06-23,3,LAWN AND GARDEN,65.0,0
2017-06-24,3,LAWN AND GARDEN,68.0,0
2017-06-25,3,LAWN AND GARDEN,53.0,0
2017-06-26,3,LAWN AND GARDEN,31.0,0
2017-06-27,3,LAWN AND GARDEN,34.0,0
2017-06-28,3,LAWN AND GARDEN,98.0,11
2017-06-29,3,LAWN AND GARDEN,44.0,0
2017-06-30,3,LAWN AND GARDEN,84.0,0
2017-07-01,3,LAWN AND GARDEN,80.0,0
2017-07-02,3,LAWN AND GARDEN,87.0,0
2017-07-03,3,LAWN AND GARDEN,36.0,0
2017-07-04,3,LAWN AND GARDEN,35.0,0
2017-07-05,3,LAWN AND GARDEN,99.0,11
2017-07-06,3,LAWN AND GARDEN,26.0,0
2017-07-07,3,LAWN AND GARDEN,74.0,0
2017-07-08,3,LAWN AND GARDEN,55.0,0
2017-07-09,3,LAWN AND GARDEN,72.0,0
2017-07-10,3,LAWN AND GARDEN,34.0,0
2017-07-11,3,LAWN AND GARDEN,58.0,0
2017-07-12,3,LAWN AND GARDEN,78.0,12
2017-07-13,3,LAWN AND GARDEN,44.0,0
2017-07-14,3,LAWN AND GARDEN,68.0,0
2017-07-15,3,LAWN AND GARDEN,62.0,0
2017-07-16,3,LAWN AND GARDEN,72.0,0
2017-07-17,3,LAWN AND GARDEN,51.0,0
2017-07-18,3,LAWN AND GARDEN,58.0,0
2017-07-19,3,LAWN AND GARDEN,84.0,9
2017-07-20,3,LAWN AND GARDEN,44.0,0
2017-07-21,3,LAWN AND GARDEN,70.0,0
2017-07-22,3,LAWN AND GARDEN,78.0,0
2017-07-23,3,LAWN AND GARDEN,88.0,0
2017-07-24,3,LAWN AND GARDEN,54.0,0
2017-07-25,3,LAWN AND GARDEN,61.0,0
2017-07-26,3,LAWN AND GARDEN,82.0,11
2017-07-27,3,LAWN AND GARDEN,41.0,0
2017-07-28,3,LAWN AND GARDEN,66.0,0
2017-07-29,3,LAWN AND GARDEN,89.0,0
2017-07-30,3,LAWN AND GARDEN,56.0,0
2017-07-31,3,LAWN AND GARDEN,39.0,0
2017-01-01,3,LINGERIE,0.0,0
2017-01-02,3,LINGERIE,35.0,0
2017-01-03,3,LINGERIE,33.0,0
2017-01-04,3,LINGERIE,28.0,0
2017-01-05,3,LINGERIE,41.0,0
2017-01-06,3,LINGERIE,26.0,0
2017-01-07,3,LINGERIE,52.0,0
2017-01-08,3,LINGERIE,24.0,0
2017-01-09,3,LINGERIE,12.0,0
2017-01-10,3,LINGERIE,43.0,0
2017-01-11,3,LINGERIE,23.0,0
2017-01-12,3,LINGERIE,14.0,0
2017-01-13,3,LINGERIE,17.0,0
2017-01-14,3,LINGERIE,24.0,0
2017-01-15,3,LINGERIE,48.0,0
2017-01-16,3,LINGERIE,30.0,0
2017-01-17,3,LINGERIE,37.0,0
2017-01-18,3,LINGERIE,13.0,0
2017-01-19,3,LINGERIE,18.0,0
2017-01-20,3,LINGERIE,34.0,0
2017-01-21,3,LINGERIE,40.0,0
2017-01-22,3,LINGERIE,33.0,0
2017-01-23,3,LINGERIE,20.0,0
2017-01-24,3,LINGERIE,21.0,0
2017-01-25,3,LINGERIE,20.0,0
2017-01-26,3,LINGERIE,14.0,0
2017-01-27,3,LINGERIE,14.0,0
2017-01-28,3,LINGERIE,32.0,0
2017-01-29,3,LINGERIE,29.0,0
2017-01-30,3,LINGERIE,24.0,0
2017-01-31,3,LINGERIE,25.0,0
2017-02-01,3,LINGERIE,29.0,0
2017-02-02,3,LINGERIE,33.0,0
2017-02-03,3,LINGERIE,17.0,0
2017-02-04,3,LINGERIE,35.0,0
2017-02-05,3,LINGERIE,30.0,0
2017-02-06,3,LINGERIE,24.0,0
2017-02-07,3,LINGERIE,18.0,0
2017-02-08,3,LINGERIE,22.0,0
2017-02-09,3,LINGERIE,26.0,0
2017-02-10,3,LINGERIE,27.0,0
2017-02-11,3,LINGERIE,25.0,0
2017-02-12,3,LINGERIE,24.0,0
2017-02-13,3,LINGERIE,37.0,0
2017-02-14,3,LINGERIE,16.0,0
2017-02-15,3,LINGERIE,30.0,0
2017-02-16,3,LINGERIE,14.0,0
2017-02-17,3,LINGERIE,32.0,0
2017-02-18,3,LINGERIE,26.0,0
2017-02-19,3,LINGERIE,26.0,0
2017-02-20,3,LINGERIE,19.0,0
2017-02-21,3,LINGERIE,27.0,0
2017-02-22,3,LINGERIE,17.0,0
2017-02-23,3,LINGERIE,26.0,0
2017-02-24,3,LINGERIE,29.0,0
2017-02-25,3,LINGERIE,36.0,0
2017-02-26,3,LINGERIE,25.0,0
2017-02-27,3,LINGERIE,19.0,0
2017-02-28,3,LINGERIE,41.0,0
2017-03-01,3,LINGERIE,22.0,0
2017-03-02,3,LINGERIE,31.0,0
2017-03-03,3,LINGERIE,34.0,0
2017-03-04,3,LINGERIE,30.0,0
2017-03-05,3,LINGERIE,38.0,0
2017-03-06,3,LINGERIE,37.0,0
2017-03-07,3,LINGERIE,33.0,0
2017-03-08,3,LINGERIE,17.0,0
2017-03-09,3,LINGERIE,14.0,0
2017-03-10,3,LINGERIE,17.0,0
2017-03-11,3,LINGERIE,27.0,0
2017-03-12,3,LINGERIE,20.0,0
2017-03-13,3,LINGERIE,40.0,0
2017-03-14,3,LINGERIE,17.0,0
2017-03-15,3,LINGERIE,20.0,0
2017-03-16,3,LINGERIE,32.0,1
2017-03-17,3,LINGERIE,36.0,0
2017-03-18,3,LINGERIE,29.0,0
2017-03-19,3,LINGERIE,54.0,0
2017-03-20,3,LINGERIE,14.0,0
2017-03-21,3,LINGERIE,19.0,0
2017-03-22,3,LINGERIE,27.0,0
2017-03-23,3,LINGERIE,16.0,0
2017-03-24,3,LINGERIE,28.0,0
2017-03-25,3,LINGERIE,36.0,0
2017-03-26,3,LINGERIE,42.0,0
2017-03-27,3,LINGERIE,7.0,0
2017-03-28,3,LINGERIE,38.0,0
2017-03-29,3,LINGERIE,41.0,0
2017-03-30,3,LINGERIE,38.0,0
2017-03-31,3,LINGERIE,39.0,0
2017-04-01,3,LINGERIE,38.0,0
2017-04-02,3,LINGERIE,27.0,0
2017-04-03,3,LINGERIE,28.0,0
2017-04-04,3,LINGERIE,21.0,0
2017-04-05,3,LINGERIE,12.0,0
2017-04-06,3,LINGERIE,15.0,0
2017-04-07,3,LINGERIE,15.0,0
2017-04-08,3,LINGERIE,32.0,0
2017-04-09,3,LINGERIE,69.0,0
2017-04-10,3,LINGERIE,43.0,0
2017-04-11,3,LINGERIE,25.0,0
2017-04-12,3,LINGERIE,20.0,0
2017-04-13,3,LINGERIE,21.0,0
2017-04-14,3,LINGERIE,11.0,0
2017-04-15,3,LINGERIE,22.0,0
2017-04-16,3,LINGERIE,26.0,0
2017-04-17,3,LINGERIE,26.0,0
2017-04-18,3,LINGERIE,32.0,0
2017-04-19,3,LINGERIE,15.0,0
2017-04-20,3,LINGERIE,15.0,0
2017-04-21,3,LINGERIE,22.0,0
2017-04-22,3,LINGERIE,21.0,1
2017-04-23,3,LINGERIE,29.0,1
2017-04-24,3,LINGERIE,25.0,1
2017-04-25,3,LINGERIE,26.0,1
2017-04-26,3,LINGERIE,23.0,1
2017-04-27,3,LINGERIE,10.0,0
2017-04-28,3,LINGERIE,14.0,0
2017-04-29,3,LINGERIE,60.0,1
2017-04-30,3,LINGERIE,26.0,1
2017-05-01,3,LINGERIE,33.0,1
2017-05-02,3,LINGERIE,27.0,1
2017-05-03,3,LINGERIE,34.0,1
2017-05-04,3,LINGERIE,11.0,0
2017-05-05,3,LINGERIE,25.0,1
2017-05-06,3,LINGERIE,20.0,1
2017-05-07,3,LINGERIE,41.0,1
2017-05-08,3,LINGERIE,32.0,1
2017-05-09,3,LINGERIE,9.0,0
2017-05-10,3,LINGERIE,23.0,1
2017-05-11,3,LINGERIE,31.0,1
2017-05-12,3,LINGERIE,14.0,1
2017-05-13,3,LINGERIE,18.0,1
2017-05-14,3,LINGERIE,31.0,1
2017-05-15,3,LINGERIE,32.0,1
2017-05-16,3,LINGERIE,29.0,1
2017-05-17,3,LINGERIE,30.0,1
2017-05-18,3,LINGERIE,9.0,0
2017-05-19,3,LINGERIE,27.0,0
2017-05-20,3,LINGERIE,39.0,0
2017-05-21,3,LINGERIE,30.0,0
2017-05-22,3,LINGERIE,21.0,1
2017-05-23,3,LINGERIE,19.0,0
2017-05-24,3,LINGERIE,13.0,0
2017-05-25,3,LINGERIE,13.0,0
2017-05-26,3,LINGERIE,23.0,0
2017-05-27,3,LINGERIE,25.0,0
2017-05-28,3,LINGERIE,16.0,0
2017-05-29,3,LINGERIE,25.0,0
2017-05-30,3,LINGERIE,20.0,0
2017-05-31,3,LINGERIE,14.0,0
2017-06-01,3,LINGERIE,5.0,0
2017-06-02,3,LINGERIE,23.0,0
2017-06-03,3,LINGERIE,35.0,0
2017-06-04,3,LINGERIE,36.0,0
2017-06-05,3,LINGERIE,20.0,0
2017-06-06,3,LINGERIE,21.0,0
2017-06-07,3,LINGERIE,50.0,0
2017-06-08,3,LINGERIE,19.0,0
2017-06-09,3,LINGERIE,26.0,0
2017-06-10,3,LINGERIE,34.0,0
2017-06-11,3,LINGERIE,32.0,1
2017-06-12,3,LINGERIE,18.0,0
2017-06-13,3,LINGERIE,26.0,0
2017-06-14,3,LINGERIE,12.0,0
2017-06-15,3,LINGERIE,19.0,0
2017-06-16,3,LINGERIE,19.0,0
2017-06-17,3,LINGERIE,17.0,0
2017-06-18,3,LINGERIE,11.0,0
2017-06-19,3,LINGERIE,20.0,0
2017-06-20,3,LINGERIE,53.0,0
2017-06-21,3,LINGERIE,25.0,0
2017-06-22,3,LINGERIE,22.0,0
2017-06-23,3,LINGERIE,30.0,0
2017-06-24,3,LINGERIE,30.0,0
2017-06-25,3,LINGERIE,29.0,0
2017-06-26,3,LINGERIE,18.0,0
2017-06-27,3,LINGERIE,27.0,0
2017-06-28,3,LINGERIE,31.0,0
2017-06-29,3,LINGERIE,32.0,0
2017-06-30,3,LINGERIE,23.0,0
2017-07-01,3,LINGERIE,53.0,0
2017-07-02,3,LINGERIE,33.0,0
2017-07-03,3,LINGERIE,27.0,0
2017-07-04,3,LINGERIE,13.0,0
2017-07-05,3,LINGERIE,23.0,0
2017-07-06,3,LINGERIE,6.0,0
2017-07-07,3,LINGERIE,19.0,0
2017-07-08,3,LINGERIE,29.0,0
2017-07-09,3,LINGERIE,23.0,0
2017-07-10,3,LINGERIE,9.0,0
2017-07-11,3,LINGERIE,23.0,0
2017-07-12,3,LINGERIE,18.0,0
2017-07-13,3,LINGERIE,11.0,0
2017-07-14,3,LINGERIE,23.0,0
2017-07-15,3,LINGERIE,21.0,0
2017-07-16,3,LINGERIE,27.0,0
2017-07-17,3,LINGERIE,21.0,0
2017-07-18,3,LINGERIE,19.0,0
2017-07-19,3,LINGERIE,16.0,0
2017-07-20,3,LINGERIE,8.0,0
2017-07-21,3,LINGERIE,14.0,0
2017-07-22,3,LINGERIE,22.0,0
2017-07-23,3,LINGERIE,20.0,0
2017-07-24,3,LINGERIE,27.0,0
2017-07-25,3,LINGERIE,24.0,0
2017-07-26,3,LINGERIE,15.0,0
2017-07-27,3,LINGERIE,9.0,0
2017-07-28,3,LINGERIE,24.0,0
2017-07-29,3,LINGERIE,20.0,0
2017-07-30,3,LINGERIE,41.0,0
2017-07-31,3,LINGERIE,25.0,0
2017-01-01,3,"LIQUOR,WINE,BEER",0.0,0
2017-01-02,3,"LIQUOR,WINE,BEER",241.0,1
2017-01-03,3,"LIQUOR,WINE,BEER",210.0,3
2017-01-04,3,"LIQUOR,WINE,BEER",144.0,4
2017-01-05,3,"LIQUOR,WINE,BEER",130.0,3
2017-01-06,3,"LIQUOR,WINE,BEER",287.0,7
2017-01-07,3,"LIQUOR,WINE,BEER",383.0,6
2017-01-08,3,"LIQUOR,WINE,BEER",187.0,3
2017-01-09,3,"LIQUOR,WINE,BEER",118.0,4
2017-01-10,3,"LIQUOR,WINE,BEER",115.0,2
2017-01-11,3,"LIQUOR,WINE,BEER",143.0,2
2017-01-12,3,"LIQUOR,WINE,BEER",133.0,2
2017-01-13,3,"LIQUOR,WINE,BEER",286.0,4
2017-01-14,3,"LIQUOR,WINE,BEER",396.0,3
2017-01-15,3,"LIQUOR,WINE,BEER",172.0,4
2017-01-16,3,"LIQUOR,WINE,BEER",146.0,3
2017-01-17,3,"LIQUOR,WINE,BEER",122.0,3
2017-01-18,3,"LIQUOR,WINE,BEER",127.0,3
2017-01-19,3,"LIQUOR,WINE,BEER",171.0,3
2017-01-20,3,"LIQUOR,WINE,BEER",323.0,4
2017-01-21,3,"LIQUOR,WINE,BEER",345.0,5
2017-01-22,3,"LIQUOR,WINE,BEER",192.0,3
2017-01-23,3,"LIQUOR,WINE,BEER",105.0,3
2017-01-24,3,"LIQUOR,WINE,BEER",119.0,3
2017-01-25,3,"LIQUOR,WINE,BEER",108.0,3
2017-01-26,3,"LIQUOR,WINE,BEER",142.0,2
2017-01-27,3,"LIQUOR,WINE,BEER",334.0,3
2017-01-28,3,"LIQUOR,WINE,BEER",339.0,4
2017-01-29,3,"LIQUOR,WINE,BEER",190.0,3
2017-01-30,3,"LIQUOR,WINE,BEER",116.0,2
2017-01-31,3,"LIQUOR,WINE,BEER",118.0,4
2017-02-01,3,"LIQUOR,WINE,BEER",157.0,2
2017-02-02,3,"LIQUOR,WINE,BEER",178.0,2
2017-02-03,3,"LIQUOR,WINE,BEER",286.0,3
2017-02-04,3,"LIQUOR,WINE,BEER",455.0,3
2017-02-05,3,"LIQUOR,WINE,BEER",228.0,3
2017-02-06,3,"LIQUOR,WINE,BEER",126.0,3
2017-02-07,3,"LIQUOR,WINE,BEER",164.0,3
2017-02-08,3,"LIQUOR,WINE,BEER",163.0,3
2017-02-09,3,"LIQUOR,WINE,BEER",172.0,2
2017-02-10,3,"LIQUOR,WINE,BEER",335.0,2
2017-02-11,3,"LIQUOR,WINE,BEER",344.0,3
2017-02-12,3,"LIQUOR,WINE,BEER",186.0,3
2017-02-13,3,"LIQUOR,WINE,BEER",126.0,2
2017-02-14,3,"LIQUOR,WINE,BEER",158.0,3
2017-02-15,3,"LIQUOR,WINE,BEER",198.0,3
2017-02-16,3,"LIQUOR,WINE,BEER",274.0,2
2017-02-17,3,"LIQUOR,WINE,BEER",95.0,1
2017-02-18,3,"LIQUOR,WINE,BEER",0.0,0
2017-02-19,3,"LIQUOR,WINE,BEER",0.0,0
2017-02-20,3,"LIQUOR,WINE,BEER",116.0,1
2017-02-21,3,"LIQUOR,WINE,BEER",170.0,1
2017-02-22,3,"LIQUOR,WINE,BEER",142.0,0
2017-02-23,3,"LIQUOR,WINE,BEER",204.0,1
2017-02-24,3,"LIQUOR,WINE,BEER",378.0,2
2017-02-25,3,"LIQUOR,WINE,BEER",376.0,2
2017-02-26,3,"LIQUOR,WINE,BEER",239.0,2
2017-02-27,3,"LIQUOR,WINE,BEER",229.0,1
2017-02-28,3,"LIQUOR,WINE,BEER",187.0,1
2017-03-01,3,"LIQUOR,WINE,BEER",139.0,1
2017-03-02,3,"LIQUOR,WINE,BEER",148.0,0
2017-03-03,3,"LIQUOR,WINE,BEER",308.0,4
2017-03-04,3,"LIQUOR,WINE,BEER",396.0,4
2017-03-05,3,"LIQUOR,WINE,BEER",161.0,2
2017-03-06,3,"LIQUOR,WINE,BEER",136.0,1
2017-03-07,3,"LIQUOR,WINE,BEER",109.0,0
2017-03-08,3,"LIQUOR,WINE,BEER",127.0,1
2017-03-09,3,"LIQUOR,WINE,BEER",132.0,1
2017-03-10,3,"LIQUOR,WINE,BEER",317.0,4
2017-03-11,3,"LIQUOR,WINE,BEER",413.0,3
2017-03-12,3,"LIQUOR,WINE,BEER",166.0,1
2017-03-13,3,"LIQUOR,WINE,BEER",75.0,0
2017-03-14,3,"LIQUOR,WINE,BEER",94.0,1
2017-03-15,3,"LIQUOR,WINE,BEER",190.0,2
2017-03-16,3,"LIQUOR,WINE,BEER",155.0,1
2017-03-17,3,"LIQUOR,WINE,BEER",327.0,5
2017-03-18,3,"LIQUOR,WINE,BEER",418.0,5
2017-03-19,3,"LIQUOR,WINE,BEER",222.0,2
2017-03-20,3,"LIQUOR,WINE,BEER",165.0,4
2017-03-21,3,"LIQUOR,WINE,BEER",123.0,2
2017-03-22,3,"LIQUOR,WINE,BEER",143.0,5
2017-03-23,3,"LIQUOR,WINE,BEER",354.0,5
2017-03-24,3,"LIQUOR,WINE,BEER",277.0,5
2017-03-25,3,"LIQUOR,WINE,BEER",471.0,7
2017-03-26,3,"LIQUOR,WINE,BEER",182.0,5
2017-03-27,3,"LIQUOR,WINE,BEER",137.0,5
2017-03-28,3,"LIQUOR,WINE,BEER",222.0,6
2017-03-29,3,"LIQUOR,WINE,BEER",149.0,4
2017-03-30,3,"LIQUOR,WINE,BEER",225.0,4
2017-03-31,3,"LIQUOR,WINE,BEER",73.0,1
2017-04-01,3,"LIQUOR,WINE,BEER",0.0,0
2017-04-02,3,"LIQUOR,WINE,BEER",0.0,0
2017-04-03,3,"LIQUOR,WINE,BEER",113.0,1
2017-04-04,3,"LIQUOR,WINE,BEER",160.0,0
2017-04-05,3,"LIQUOR,WINE,BEER",190.0,0
2017-04-06,3,"LIQUOR,WINE,BEER",152.0,0
2017-04-07,3,"LIQUOR,WINE,BEER",315.0,1
2017-04-08,3,"LIQUOR,WINE,BEER",393.0,1
2017-04-09,3,"LIQUOR,WINE,BEER",201.0,1
2017-04-10,3,"LIQUOR,WINE,BEER",137.0,0
2017-04-11,3,"LIQUOR,WINE,BEER",155.0,0
2017-04-12,3,"LIQUOR,WINE,BEER",192.0,2
2017-04-13,3,"LIQUOR,WINE,BEER",331.0,2
2017-04-14,3,"LIQUOR,WINE,BEER",377.0,4
2017-04-15,3,"LIQUOR,WINE,BEER",432.0,4
2017-04-16,3,"LIQUOR,WINE,BEER",190.0,4
2017-04-17,3,"LIQUOR,WINE,BEER",106.0,3
2017-04-18,3,"LIQUOR,WINE,BEER",138.0,1
2017-04-19,3,"LIQUOR,WINE,BEER",167.0,4
2017-04-20,3,"LIQUOR,WINE,BEER",166.0,3
2017-04-21,3,"LIQUOR,WINE,BEER",334.0,7
2017-04-22,3,"LIQUOR,WINE,BEER",512.0,7
2017-04-23,3,"LIQUOR,WINE,BEER",269.0,6
2017-04-24,3,"LIQUOR,WINE,BEER",130.0,5
2017-04-25,3,"LIQUOR,WINE,BEER",100.0,5
2017-04-26,3,"LIQUOR,WINE,BEER",129.0,2
2017-04-27,3,"LIQUOR,WINE,BEER",161.0,5
2017-04-28,3,"LIQUOR,WINE,BEER",437.0,8
2017-04-29,3,"LIQUOR,WINE,BEER",487.0,7
2017-04-30,3,"LIQUOR,WINE,BEER",351.0,4
2017-05-01,3,"LIQUOR,WINE,BEER",290.0,3
2017-05-02,3,"LIQUOR,WINE,BEER",152.0,2
2017-05-03,3,"LIQUOR,WINE,BEER",178.0,1
2017-05-04,3,"LIQUOR,WINE,BEER",213.0,0
2017-05-05,3,"LIQUOR,WINE,BEER",295.0,5
2017-05-06,3,"LIQUOR,WINE,BEER",388.0,4
2017-05-07,3,"LIQUOR,WINE,BEER",177.0,3
2017-05-08,3,"LIQUOR,WINE,BEER",135.0,4
2017-05-09,3,"LIQUOR,WINE,BEER",101.0,1
2017-05-10,3,"LIQUOR,WINE,BEER",145.0,5
2017-05-11,3,"LIQUOR,WINE,BEER",205.0,2
2017-05-12,3,"LIQUOR,WINE,BEER",294.0,4
2017-05-13,3,"LIQUOR,WINE,BEER",529.0,7
2017-05-14,3,"LIQUOR,WINE,BEER",293.0,5
2017-05-15,3,"LIQUOR,WINE,BEER",75.0,3
2017-05-16,3,"LIQUOR,WINE,BEER",121.0,4
2017-05-17,3,"LIQUOR,WINE,BEER",170.0,5
2017-05-18,3,"LIQUOR,WINE,BEER",137.0,6
2017-05-19,3,"LIQUOR,WINE,BEER",278.0,3
2017-05-20,3,"LIQUOR,WINE,BEER",420.0,7
2017-05-21,3,"LIQUOR,WINE,BEER",212.0,4
2017-05-22,3,"LIQUOR,WINE,BEER",116.0,4
2017-05-23,3,"LIQUOR,WINE,BEER",103.0,3
2017-05-24,3,"LIQUOR,WINE,BEER",175.0,4
2017-05-25,3,"LIQUOR,WINE,BEER",288.0,4
2017-05-26,3,"LIQUOR,WINE,BEER",482.0,5
2017-05-27,3,"LIQUOR,WINE,BEER",313.0,6
2017-05-28,3,"LIQUOR,WINE,BEER",206.0,6
2017-05-29,3,"LIQUOR,WINE,BEER",115.0,3
2017-05-30,3,"LIQUOR,WINE,BEER",119.0,4
2017-05-31,3,"LIQUOR,WINE,BEER",173.0,4
2017-06-01,3,"LIQUOR,WINE,BEER",200.0,3
2017-06-02,3,"LIQUOR,WINE,BEER",353.0,2
2017-06-03,3,"LIQUOR,WINE,BEER",482.0,2
2017-06-04,3,"LIQUOR,WINE,BEER",204.0,2
2017-06-05,3,"LIQUOR,WINE,BEER",121.0,1
2017-06-06,3,"LIQUOR,WINE,BEER",113.0,2
2017-06-07,3,"LIQUOR,WINE,BEER",153.0,3
2017-06-08,3,"LIQUOR,WINE,BEER",136.0,3
2017-06-09,3,"LIQUOR,WINE,BEER",322.0,4
2017-06-10,3,"LIQUOR,WINE,BEER",353.0,6
2017-06-11,3,"LIQUOR,WINE,BEER",201.0,3
2017-06-12,3,"LIQUOR,WINE,BEER",90.0,3
2017-06-13,3,"LIQUOR,WINE,BEER",99.0,3
2017-06-14,3,"LIQUOR,WINE,BEER",190.0,6
2017-06-15,3,"LIQUOR,WINE,BEER",201.0,5
2017-06-16,3,"LIQUOR,WINE,BEER",404.0,5
2017-06-17,3,"LIQUOR,WINE,BEER",664.0,6
2017-06-18,3,"LIQUOR,WINE,BEER",410.0,6
2017-06-19,3,"LIQUOR,WINE,BEER",122.0,2
2017-06-20,3,"LIQUOR,WINE,BEER",133.0,3
2017-06-21,3,"LIQUOR,WINE,BEER",210.0,5
2017-06-22,3,"LIQUOR,WINE,BEER",219.0,6
2017-06-23,3,"LIQUOR,WINE,BEER",403.0,3
2017-06-24,3,"LIQUOR,WINE,BEER",481.0,3
2017-06-25,3,"LIQUOR,WINE,BEER",245.0,3
2017-06-26,3,"LIQUOR,WINE,BEER",100.0,2
2017-06-27,3,"LIQUOR,WINE,BEER",149.0,1
2017-06-28,3,"LIQUOR,WINE,BEER",167.0,3
2017-06-29,3,"LIQUOR,WINE,BEER",199.0,5
2017-06-30,3,"LIQUOR,WINE,BEER",379.0,6
2017-07-01,3,"LIQUOR,WINE,BEER",461.0,6
2017-07-02,3,"LIQUOR,WINE,BEER",230.0,4
2017-07-03,3,"LIQUOR,WINE,BEER",132.0,4
2017-07-04,3,"LIQUOR,WINE,BEER",130.0,4
2017-07-05,3,"LIQUOR,WINE,BEER",131.0,5
2017-07-06,3,"LIQUOR,WINE,BEER",137.0,3
2017-07-07,3,"LIQUOR,WINE,BEER",252.0,5
2017-07-08,3,"LIQUOR,WINE,BEER",417.0,7
2017-07-09,3,"LIQUOR,WINE,BEER",190.0,5
2017-07-10,3,"LIQUOR,WINE,BEER",105.0,4
2017-07-11,3,"LIQUOR,WINE,BEER",136.0,6
2017-07-12,3,"LIQUOR,WINE,BEER",181.0,5
2017-07-13,3,"LIQUOR,WINE,BEER",141.0,5
2017-07-14,3,"LIQUOR,WINE,BEER",339.0,6
2017-07-15,3,"LIQUOR,WINE,BEER",424.0,6
2017-07-16,3,"LIQUOR,WINE,BEER",229.0,4
2017-07-17,3,"LIQUOR,WINE,BEER",122.0,5
2017-07-18,3,"LIQUOR,WINE,BEER",168.0,4
2017-07-19,3,"LIQUOR,WINE,BEER",181.0,5
2017-07-20,3,"LIQUOR,WINE,BEER",221.0,4
2017-07-21,3,"LIQUOR,WINE,BEER",359.0,5
2017-07-22,3,"LIQUOR,WINE,BEER",431.0,4
2017-07-23,3,"LIQUOR,WINE,BEER",228.0,3
2017-07-24,3,"LIQUOR,WINE,BEER",141.0,2
2017-07-25,3,"LIQUOR,WINE,BEER",117.0,3
2017-07-26,3,"LIQUOR,WINE,BEER",172.0,3
2017-07-27,3,"LIQUOR,WINE,BEER",189.0,3
2017-07-28,3,"LIQUOR,WINE,BEER",372.0,5
2017-07-29,3,"LIQUOR,WINE,BEER",386.0,5
2017-07-30,3,"LIQUOR,WINE,BEER",229.0,4
2017-07-31,3,"LIQUOR,WINE,BEER",104.0,3
2017-01-01,3,MAGAZINES,0.0,0
2017-01-02,3,MAGAZINES,33.0,0
2017-01-03,3,MAGAZINES,7.0,0
2017-01-04,3,MAGAZINES,10.0,0
2017-01-05,3,MAGAZINES,9.0,0
2017-01-06,3,MAGAZINES,4.0,0
2017-01-07,3,MAGAZINES,9.0,0
2017-01-08,3,MAGAZINES,18.0,0
2017-01-09,3,MAGAZINES,17.0,0
2017-01-10,3,MAGAZINES,6.0,0
2017-01-11,3,MAGAZINES,12.0,0
2017-01-12,3,MAGAZINES,25.0,0
2017-01-13,3,MAGAZINES,38.0,0
2017-01-14,3,MAGAZINES,43.0,0
2017-01-15,3,MAGAZINES,42.0,0
2017-01-16,3,MAGAZINES,26.0,0
2017-01-17,3,MAGAZINES,19.0,0
2017-01-18,3,MAGAZINES,16.0,0
2017-01-19,3,MAGAZINES,9.0,0
2017-01-20,3,MAGAZINES,4.0,0
2017-01-21,3,MAGAZINES,41.0,0
2017-01-22,3,MAGAZINES,42.0,0
2017-01-23,3,MAGAZINES,35.0,0
2017-01-24,3,MAGAZINES,32.0,0
2017-01-25,3,MAGAZINES,20.0,0
2017-01-26,3,MAGAZINES,26.0,0
2017-01-27,3,MAGAZINES,33.0,0
2017-01-28,3,MAGAZINES,41.0,0
2017-01-29,3,MAGAZINES,26.0,0
2017-01-30,3,MAGAZINES,24.0,0
2017-01-31,3,MAGAZINES,14.0,0
2017-02-01,3,MAGAZINES,23.0,0
2017-02-02,3,MAGAZINES,16.0,0
2017-02-03,3,MAGAZINES,28.0,0
2017-02-04,3,MAGAZINES,23.0,0
2017-02-05,3,MAGAZINES,10.0,0
2017-02-06,3,MAGAZINES,10.0,0
2017-02-07,3,MAGAZINES,13.0,0
2017-02-08,3,MAGAZINES,9.0,0
2017-02-09,3,MAGAZINES,34.0,0
2017-02-10,3,MAGAZINES,34.0,0
2017-02-11,3,MAGAZINES,45.0,0
2017-02-12,3,MAGAZINES,43.0,0
2017-02-13,3,MAGAZINES,17.0,0
2017-02-14,3,MAGAZINES,28.0,0
2017-02-15,3,MAGAZINES,22.0,0
2017-02-16,3,MAGAZINES,26.0,0
2017-02-17,3,MAGAZINES,24.0,0
2017-02-18,3,MAGAZINES,45.0,0
2017-02-19,3,MAGAZINES,24.0,0
2017-02-20,3,MAGAZINES,19.0,0
2017-02-21,3,MAGAZINES,21.0,0
2017-02-22,3,MAGAZINES,14.0,0
2017-02-23,3,MAGAZINES,20.0,0
2017-02-24,3,MAGAZINES,48.0,0
2017-02-25,3,MAGAZINES,51.0,0
2017-02-26,3,MAGAZINES,38.0,0
2017-02-27,3,MAGAZINES,25.0,0
2017-02-28,3,MAGAZINES,37.0,0
2017-03-01,3,MAGAZINES,12.0,0
2017-03-02,3,MAGAZINES,33.0,0
2017-03-03,3,MAGAZINES,25.0,0
2017-03-04,3,MAGAZINES,26.0,0
2017-03-05,3,MAGAZINES,27.0,0
2017-03-06,3,MAGAZINES,3.0,0
2017-03-07,3,MAGAZINES,9.0,0
2017-03-08,3,MAGAZINES,1.0,0
2017-03-09,3,MAGAZINES,50.0,0
2017-03-10,3,MAGAZINES,36.0,0
2017-03-11,3,MAGAZINES,41.0,0
2017-03-12,3,MAGAZINES,48.0,0
2017-03-13,3,MAGAZINES,23.0,0
2017-03-14,3,MAGAZINES,21.0,0
2017-03-15,3,MAGAZINES,28.0,0
2017-03-16,3,MAGAZINES,26.0,0
2017-03-17,3,MAGAZINES,32.0,0
2017-03-18,3,MAGAZINES,25.0,0
2017-03-19,3,MAGAZINES,36.0,0
2017-03-20,3,MAGAZINES,16.0,0
2017-03-21,3,MAGAZINES,12.0,0
2017-03-22,3,MAGAZINES,19.0,0
2017-03-23,3,MAGAZINES,25.0,0
2017-03-24,3,MAGAZINES,19.0,0
2017-03-25,3,MAGAZINES,41.0,0
2017-03-26,3,MAGAZINES,29.0,0
2017-03-27,3,MAGAZINES,18.0,0
2017-03-28,3,MAGAZINES,19.0,0
2017-03-29,3,MAGAZINES,37.0,0
2017-03-30,3,MAGAZINES,13.0,0
2017-03-31,3,MAGAZINES,30.0,0
2017-04-01,3,MAGAZINES,32.0,0
2017-04-02,3,MAGAZINES,16.0,0
2017-04-03,3,MAGAZINES,9.0,0
2017-04-04,3,MAGAZINES,7.0,0
2017-04-05,3,MAGAZINES,11.0,0
2017-04-06,3,MAGAZINES,16.0,0
2017-04-07,3,MAGAZINES,10.0,0
2017-04-08,3,MAGAZINES,42.0,0
2017-04-09,3,MAGAZINES,50.0,0
2017-04-10,3,MAGAZINES,37.0,0
2017-04-11,3,MAGAZINES,31.0,0
2017-04-12,3,MAGAZINES,39.0,0
2017-04-13,3,MAGAZINES,58.0,0
2017-04-14,3,MAGAZINES,29.0,0
2017-04-15,3,MAGAZINES,41.0,0
2017-04-16,3,MAGAZINES,37.0,0
2017-04-17,3,MAGAZINES,31.0,0
2017-04-18,3,MAGAZINES,24.0,0
2017-04-19,3,MAGAZINES,32.0,0
2017-04-20,3,MAGAZINES,28.0,0
2017-04-21,3,MAGAZINES,47.0,0
2017-04-22,3,MAGAZINES,33.0,0
2017-04-23,3,MAGAZINES,39.0,0
2017-04-24,3,MAGAZINES,29.0,0
2017-04-25,3,MAGAZINES,16.0,0
2017-04-26,3,MAGAZINES,29.0,0
2017-04-27,3,MAGAZINES,23.0,0
2017-04-28,3,MAGAZINES,19.0,0
2017-04-29,3,MAGAZINES,26.0,0
2017-04-30,3,MAGAZINES,33.0,0
2017-05-01,3,MAGAZINES,28.0,0
2017-05-02,3,MAGAZINES,12.0,0
2017-05-03,3,MAGAZINES,19.0,0
2017-05-04,3,MAGAZINES,16.0,0
2017-05-05,3,MAGAZINES,30.0,0
2017-05-06,3,MAGAZINES,55.0,0
2017-05-07,3,MAGAZINES,42.0,0
2017-05-08,3,MAGAZINES,34.0,0
2017-05-09,3,MAGAZINES,32.0,0
2017-05-10,3,MAGAZINES,21.0,0
2017-05-11,3,MAGAZINES,22.0,0
2017-05-12,3,MAGAZINES,32.0,0
2017-05-13,3,MAGAZINES,38.0,0
2017-05-14,3,MAGAZINES,32.0,0
2017-05-15,3,MAGAZINES,30.0,0
2017-05-16,3,MAGAZINES,28.0,0
2017-05-17,3,MAGAZINES,27.0,0
2017-05-18,3,MAGAZINES,12.0,0
2017-05-19,3,MAGAZINES,27.0,0
2017-05-20,3,MAGAZINES,43.0,0
2017-05-21,3,MAGAZINES,53.0,0
2017-05-22,3,MAGAZINES,17.0,0
2017-05-23,3,MAGAZINES,20.0,0
2017-05-24,3,MAGAZINES,20.0,0
2017-05-25,3,MAGAZINES,36.0,0
2017-05-26,3,MAGAZINES,38.0,0
2017-05-27,3,MAGAZINES,37.0,0
2017-05-28,3,MAGAZINES,24.0,0
2017-05-29,3,MAGAZINES,19.0,0
2017-05-30,3,MAGAZINES,18.0,0
2017-05-31,3,MAGAZINES,16.0,0
2017-06-01,3,MAGAZINES,30.0,0
2017-06-02,3,MAGAZINES,17.0,0
2017-06-03,3,MAGAZINES,30.0,0
2017-06-04,3,MAGAZINES,27.0,0
2017-06-05,3,MAGAZINES,26.0,0
2017-06-06,3,MAGAZINES,19.0,0
2017-06-07,3,MAGAZINES,24.0,0
2017-06-08,3,MAGAZINES,16.0,0
2017-06-09,3,MAGAZINES,44.0,0
2017-06-10,3,MAGAZINES,41.0,0
2017-06-11,3,MAGAZINES,40.0,0
2017-06-12,3,MAGAZINES,26.0,0
2017-06-13,3,MAGAZINES,17.0,0
2017-06-14,3,MAGAZINES,25.0,0
2017-06-15,3,MAGAZINES,31.0,0
2017-06-16,3,MAGAZINES,40.0,0
2017-06-17,3,MAGAZINES,41.0,0
2017-06-18,3,MAGAZINES,37.0,0
2017-06-19,3,MAGAZINES,22.0,0
2017-06-20,3,MAGAZINES,25.0,0
2017-06-21,3,MAGAZINES,17.0,0
2017-06-22,3,MAGAZINES,22.0,0
2017-06-23,3,MAGAZINES,28.0,0
2017-06-24,3,MAGAZINES,26.0,0
2017-06-25,3,MAGAZINES,32.0,0
2017-06-26,3,MAGAZINES,15.0,0
2017-06-27,3,MAGAZINES,20.0,0
2017-06-28,3,MAGAZINES,13.0,0
2017-06-29,3,MAGAZINES,8.0,0
2017-06-30,3,MAGAZINES,10.0,0
2017-07-01,3,MAGAZINES,14.0,0
2017-07-02,3,MAGAZINES,14.0,0
2017-07-03,3,MAGAZINES,10.0,0
2017-07-04,3,MAGAZINES,10.0,0
2017-07-05,3,MAGAZINES,14.0,0
2017-07-06,3,MAGAZINES,24.0,0
2017-07-07,3,MAGAZINES,26.0,0
2017-07-08,3,MAGAZINES,46.0,0
2017-07-09,3,MAGAZINES,33.0,0
2017-07-10,3,MAGAZINES,26.0,0
2017-07-11,3,MAGAZINES,24.0,0
2017-07-12,3,MAGAZINES,19.0,0
2017-07-13,3,MAGAZINES,17.0,0
2017-07-14,3,MAGAZINES,35.0,0
2017-07-15,3,MAGAZINES,26.0,0
2017-07-16,3,MAGAZINES,31.0,0
2017-07-17,3,MAGAZINES,24.0,0
2017-07-18,3,MAGAZINES,23.0,0
2017-07-19,3,MAGAZINES,29.0,0
2017-07-20,3,MAGAZINES,37.0,0
2017-07-21,3,MAGAZINES,41.0,0
2017-07-22,3,MAGAZINES,43.0,0
2017-07-23,3,MAGAZINES,33.0,0
2017-07-24,3,MAGAZINES,25.0,0
2017-07-25,3,MAGAZINES,16.0,0
2017-07-26,3,MAGAZINES,21.0,0
2017-07-27,3,MAGAZINES,27.0,0
2017-07-28,3,MAGAZINES,27.0,0
2017-07-29,3,MAGAZINES,30.0,0
2017-07-30,3,MAGAZINES,28.0,0
2017-07-31,3,MAGAZINES,15.0,0
2017-01-01,3,MEATS,0.0,0
2017-01-02,3,MEATS,1093.6119,0
2017-01-03,3,MEATS,866.59,1
2017-01-04,3,MEATS,823.939,0
2017-01-05,3,MEATS,774.458,0
2017-01-06,3,MEATS,1595.926,53
2017-01-07,3,MEATS,1096.6641,0
2017-01-08,3,MEATS,1023.713,0
2017-01-09,3,MEATS,687.608,0
2017-01-10,3,MEATS,719.785,1
2017-01-11,3,MEATS,732.051,0
2017-01-12,3,MEATS,634.876,1
2017-01-13,3,MEATS,1633.353,54
2017-01-14,3,MEATS,1017.05,3
2017-01-15,3,MEATS,1097.1849,2
2017-01-16,3,MEATS,760.785,2
2017-01-17,3,MEATS,557.075,0
2017-01-18,3,MEATS,761.386,0
2017-01-19,3,MEATS,514.236,2
2017-01-20,3,MEATS,1425.637,53
2017-01-21,3,MEATS,1183.268,2
2017-01-22,3,MEATS,1037.806,0
2017-01-23,3,MEATS,708.425,0
2017-01-24,3,MEATS,595.271,0
2017-01-25,3,MEATS,732.416,1
2017-01-26,3,MEATS,570.685,0
2017-01-27,3,MEATS,1518.894,54
2017-01-28,3,MEATS,827.86,3
2017-01-29,3,MEATS,973.276,1
2017-01-30,3,MEATS,567.012,1
2017-01-31,3,MEATS,589.546,1
2017-02-01,3,MEATS,871.562,2
2017-02-02,3,MEATS,590.87,3
2017-02-03,3,MEATS,1698.838,52
2017-02-04,3,MEATS,907.807,2
2017-02-05,3,MEATS,1037.809,0
2017-02-06,3,MEATS,705.752,2
2017-02-07,3,MEATS,653.077,2
2017-02-08,3,MEATS,740.36,3
2017-02-09,3,MEATS,577.202,0
2017-02-10,3,MEATS,1540.209,52
2017-02-11,3,MEATS,833.55597,0
2017-02-12,3,MEATS,995.932,0
2017-02-13,3,MEATS,609.818,0
2017-02-14,3,MEATS,564.621,0
2017-02-15,3,MEATS,653.181,0
2017-02-16,3,MEATS,660.594,0
2017-02-17,3,MEATS,1583.851,53
2017-02-18,3,MEATS,1267.44,0
2017-02-19,3,MEATS,762.48,0
2017-02-20,3,MEATS,682.665,1
2017-02-21,3,MEATS,681.161,0
2017-02-22,3,MEATS,716.753,0
2017-02-23,3,MEATS,574.282,0
2017-02-24,3,MEATS,1503.568,53
2017-02-25,3,MEATS,805.869,0
2017-02-26,3,MEATS,626.165,0
2017-02-27,3,MEATS,581.643,0
2017-02-28,3,MEATS,781.485,0
2017-03-01,3,MEATS,750.636,0
2017-03-02,3,MEATS,699.454,0
2017-03-03,3,MEATS,1654.928,54
2017-03-04,3,MEATS,997.625,0
2017-03-05,3,MEATS,1010.504,0
2017-03-06,3,MEATS,614.994,0
2017-03-07,3,MEATS,627.742,0
2017-03-08,3,MEATS,639.489,0
2017-03-09,3,MEATS,585.498,0
2017-03-10,3,MEATS,1399.866,53
2017-03-11,3,MEATS,921.646,0
2017-03-12,3,MEATS,957.881,0
2017-03-13,3,MEATS,593.78,0
2017-03-14,3,MEATS,594.171,0
2017-03-15,3,MEATS,725.295,0
2017-03-16,3,MEATS,627.341,0
2017-03-17,3,MEATS,1553.99,55
2017-03-18,3,MEATS,906.57697,0
2017-03-19,3,MEATS,1122.976,0
2017-03-20,3,MEATS,757.228,0
2017-03-21,3,MEATS,629.282,0
2017-03-22,3,MEATS,672.872,0
2017-03-23,3,MEATS,669.266,1
2017-03-24,3,MEATS,1340.405,54
2017-03-25,3,MEATS,953.275,0
2017-03-26,3,MEATS,962.103,0
2017-03-27,3,MEATS,674.101,0
2017-03-28,3,MEATS,579.229,0
2017-03-29,3,MEATS,748.523,0
2017-03-30,3,MEATS,552.083,0
2017-03-31,3,MEATS,1675.085,54
2017-04-01,3,MEATS,1372.813,0
2017-04-02,3,MEATS,957.718,0
2017-04-03,3,MEATS,671.554,0
2017-04-04,3,MEATS,652.778,0
2017-04-05,3,MEATS,765.14,0
2017-04-06,3,MEATS,575.861,0
2017-04-07,3,MEATS,1460.0859,54
2017-04-08,3,MEATS,899.632,0
2017-04-09,3,MEATS,882.517,0
2017-04-10,3,MEATS,542.04297,2
2017-04-11,3,MEATS,508.929,1
2017-04-12,3,MEATS,510.533,2
2017-04-13,3,MEATS,483.83,2
2017-04-14,3,MEATS,880.291,51
2017-04-15,3,MEATS,765.326,1
2017-04-16,3,MEATS,872.18,1
2017-04-17,3,MEATS,692.506,0
2017-04-18,3,MEATS,631.728,1
2017-04-19,3,MEATS,709.808,3
2017-04-20,3,MEATS,656.477,4
2017-04-21,3,MEATS,1446.164,51
2017-04-22,3,MEATS,963.558,0
2017-04-23,3,MEATS,970.425,0
2017-04-24,3,MEATS,573.205,1
2017-04-25,3,MEATS,608.915,1
2017-04-26,3,MEATS,680.163,1
2017-04-27,3,MEATS,587.9,2
2017-04-28,3,MEATS,1405.1901,53
2017-04-29,3,MEATS,864.199,0
2017-04-30,3,MEATS,893.385,0
2017-05-01,3,MEATS,995.35,0
2017-05-02,3,MEATS,711.073,1
2017-05-03,3,MEATS,723.118,0
2017-05-04,3,MEATS,616.251,0
2017-05-05,3,MEATS,1435.584,52
2017-05-06,3,MEATS,888.541,0
2017-05-07,3,MEATS,979.481,0
2017-05-08,3,MEATS,689.098,0
2017-05-09,3,MEATS,497.651,0
2017-05-10,3,MEATS,631.31,0
2017-05-11,3,MEATS,499.407,3
2017-05-12,3,MEATS,1424.65,51
2017-05-13,3,MEATS,1076.482,0
2017-05-14,3,MEATS,761.16296,0
2017-05-15,3,MEATS,616.62,0
2017-05-16,3,MEATS,636.534,0
2017-05-17,3,MEATS,716.031,0
2017-05-18,3,MEATS,506.138,0
2017-05-19,3,MEATS,1367.711,50
2017-05-20,3,MEATS,879.901,0
2017-05-21,3,MEATS,995.446,0
2017-05-22,3,MEATS,571.708,0
2017-05-23,3,MEATS,500.16602,1
2017-05-24,3,MEATS,632.824,0
2017-05-25,3,MEATS,638.415,0
2017-05-26,3,MEATS,1503.547,51
2017-05-27,3,MEATS,746.85,0
2017-05-28,3,MEATS,825.161,0
2017-05-29,3,MEATS,675.406,1
2017-05-30,3,MEATS,660.231,0
2017-05-31,3,MEATS,726.043,0
2017-06-01,3,MEATS,671.597,1
2017-06-02,3,MEATS,1839.418,51
2017-06-03,3,MEATS,947.676,49
2017-06-04,3,MEATS,1144.068,48
2017-06-05,3,MEATS,837.316,47
2017-06-06,3,MEATS,575.04,48
2017-06-07,3,MEATS,715.915,48
2017-06-08,3,MEATS,575.16003,47
2017-06-09,3,MEATS,1647.808,52
2017-06-10,3,MEATS,809.559,51
2017-06-11,3,MEATS,1024.465,50
2017-06-12,3,MEATS,625.874,50
2017-06-13,3,MEATS,560.761,46
2017-06-14,3,MEATS,623.786,47
2017-06-15,3,MEATS,631.576,47
2017-06-16,3,MEATS,1811.929,53
2017-06-17,3,MEATS,1113.894,50
2017-06-18,3,MEATS,746.026,47
2017-06-19,3,MEATS,617.089,47
2017-06-20,3,MEATS,648.194,48
2017-06-21,3,MEATS,665.003,48
2017-06-22,3,MEATS,575.415,0
2017-06-23,3,MEATS,1305.826,53
2017-06-24,3,MEATS,902.645,0
2017-06-25,3,MEATS,1065.095,0
2017-06-26,3,MEATS,579.563,1
2017-06-27,3,MEATS,558.193,0
2017-06-28,3,MEATS,586.778,0
2017-06-29,3,MEATS,578.382,0
2017-06-30,3,MEATS,1406.145,51
2017-07-01,3,MEATS,1084.541,0
2017-07-02,3,MEATS,1023.094,0
2017-07-03,3,MEATS,694.438,0
2017-07-04,3,MEATS,701.886,3
2017-07-05,3,MEATS,731.84503,3
2017-07-06,3,MEATS,639.415,0
2017-07-07,3,MEATS,1458.55,53
2017-07-08,3,MEATS,935.698,0
2017-07-09,3,MEATS,896.261,0
2017-07-10,3,MEATS,585.043,0
2017-07-11,3,MEATS,627.34,0
2017-07-12,3,MEATS,706.898,0
2017-07-13,3,MEATS,549.554,0
2017-07-14,3,MEATS,1300.369,53
2017-07-15,3,MEATS,888.142,0
2017-07-16,3,MEATS,900.542,0
2017-07-17,3,MEATS,635.51697,0
2017-07-18,3,MEATS,604.725,0
2017-07-19,3,MEATS,696.886,0
2017-07-20,3,MEATS,500.214,0
2017-07-21,3,MEATS,1484.171,51
2017-07-22,3,MEATS,814.24,0
2017-07-23,3,MEATS,965.375,0
2017-07-24,3,MEATS,667.562,0
2017-07-25,3,MEATS,568.927,0
2017-07-26,3,MEATS,622.148,0
2017-07-27,3,MEATS,602.915,0
2017-07-28,3,MEATS,1279.999,54
2017-07-29,3,MEATS,786.006,0
2017-07-30,3,MEATS,851.348,0
2017-07-31,3,MEATS,685.092,0
2017-01-01,3,PERSONAL CARE,0.0,0
2017-01-02,3,PERSONAL CARE,1293.0,14
2017-01-03,3,PERSONAL CARE,820.0,11
2017-01-04,3,PERSONAL CARE,763.0,15
2017-01-05,3,PERSONAL CARE,562.0,7
2017-01-06,3,PERSONAL CARE,586.0,7
2017-01-07,3,PERSONAL CARE,965.0,7
2017-01-08,3,PERSONAL CARE,1074.0,8
2017-01-09,3,PERSONAL CARE,657.0,7
2017-01-10,3,PERSONAL CARE,492.0,7
2017-01-11,3,PERSONAL CARE,442.0,7
2017-01-12,3,PERSONAL CARE,459.0,5
2017-01-13,3,PERSONAL CARE,908.0,6
2017-01-14,3,PERSONAL CARE,750.0,8
2017-01-15,3,PERSONAL CARE,986.0,6
2017-01-16,3,PERSONAL CARE,554.0,6
2017-01-17,3,PERSONAL CARE,432.0,10
2017-01-18,3,PERSONAL CARE,490.0,9
2017-01-19,3,PERSONAL CARE,351.0,9
2017-01-20,3,PERSONAL CARE,433.0,10
2017-01-21,3,PERSONAL CARE,827.0,11
2017-01-22,3,PERSONAL CARE,1040.0,13
2017-01-23,3,PERSONAL CARE,534.0,10
2017-01-24,3,PERSONAL CARE,909.0,10
2017-01-25,3,PERSONAL CARE,419.0,11
2017-01-26,3,PERSONAL CARE,324.0,9
2017-01-27,3,PERSONAL CARE,455.0,8
2017-01-28,3,PERSONAL CARE,737.0,9
2017-01-29,3,PERSONAL CARE,830.0,11
2017-01-30,3,PERSONAL CARE,437.0,8
2017-01-31,3,PERSONAL CARE,516.0,9
2017-02-01,3,PERSONAL CARE,1188.0,13
2017-02-02,3,PERSONAL CARE,482.0,10
2017-02-03,3,PERSONAL CARE,601.0,11
2017-02-04,3,PERSONAL CARE,898.0,10
2017-02-05,3,PERSONAL CARE,1091.0,10
2017-02-06,3,PERSONAL CARE,555.0,12
2017-02-07,3,PERSONAL CARE,488.0,8
2017-02-08,3,PERSONAL CARE,489.0,11
2017-02-09,3,PERSONAL CARE,379.0,9
2017-02-10,3,PERSONAL CARE,428.0,9
2017-02-11,3,PERSONAL CARE,650.0,8
2017-02-12,3,PERSONAL CARE,842.0,9
2017-02-13,3,PERSONAL CARE,495.0,9
2017-02-14,3,PERSONAL CARE,360.0,9
2017-02-15,3,PERSONAL CARE,412.0,10
2017-02-16,3,PERSONAL CARE,393.0,8
2017-02-17,3,PERSONAL CARE,485.0,8
2017-02-18,3,PERSONAL CARE,862.0,9
2017-02-19,3,PERSONAL CARE,710.0,8
2017-02-20,3,PERSONAL CARE,572.0,9
2017-02-21,3,PERSONAL CARE,529.0,9
2017-02-22,3,PERSONAL CARE,474.0,8
2017-02-23,3,PERSONAL CARE,399.0,7
2017-02-24,3,PERSONAL CARE,540.0,9
2017-02-25,3,PERSONAL CARE,679.0,9
2017-02-26,3,PERSONAL CARE,574.0,8
2017-02-27,3,PERSONAL CARE,527.0,8
2017-02-28,3,PERSONAL CARE,844.0,9
2017-03-01,3,PERSONAL CARE,616.0,7
2017-03-02,3,PERSONAL CARE,550.0,6
2017-03-03,3,PERSONAL CARE,485.0,6
2017-03-04,3,PERSONAL CARE,857.0,6
2017-03-05,3,PERSONAL CARE,986.0,5
2017-03-06,3,PERSONAL CARE,506.0,5
2017-03-07,3,PERSONAL CARE,457.0,6
2017-03-08,3,PERSONAL CARE,471.0,5
2017-03-09,3,PERSONAL CARE,348.0,1
2017-03-10,3,PERSONAL CARE,506.0,4
2017-03-11,3,PERSONAL CARE,672.0,4
2017-03-12,3,PERSONAL CARE,865.0,4
2017-03-13,3,PERSONAL CARE,518.0,3
2017-03-14,3,PERSONAL CARE,434.0,4
2017-03-15,3,PERSONAL CARE,489.0,4
2017-03-16,3,PERSONAL CARE,411.0,4
2017-03-17,3,PERSONAL CARE,441.0,4
2017-03-18,3,PERSONAL CARE,729.0,4
2017-03-19,3,PERSONAL CARE,990.0,4
2017-03-20,3,PERSONAL CARE,554.0,4
2017-03-21,3,PERSONAL CARE,440.0,4
2017-03-22,3,PERSONAL CARE,446.0,4
2017-03-23,3,PERSONAL CARE,413.0,4
2017-03-24,3,PERSONAL CARE,422.0,4
2017-03-25,3,PERSONAL CARE,736.0,5
2017-03-26,3,PERSONAL CARE,868.0,3
2017-03-27,3,PERSONAL CARE,437.0,4
2017-03-28,3,PERSONAL CARE,378.0,7
2017-03-29,3,PERSONAL CARE,483.0,7
2017-03-30,3,PERSONAL CARE,369.0,8
2017-03-31,3,PERSONAL CARE,521.0,12
2017-04-01,3,PERSONAL CARE,1253.0,13
2017-04-02,3,PERSONAL CARE,934.0,11
2017-04-03,3,PERSONAL CARE,569.0,9
2017-04-04,3,PERSONAL CARE,519.0,11
2017-04-05,3,PERSONAL CARE,566.0,12
2017-04-06,3,PERSONAL CARE,417.0,9
2017-04-07,3,PERSONAL CARE,474.0,10
2017-04-08,3,PERSONAL CARE,791.0,11
2017-04-09,3,PERSONAL CARE,887.0,11
2017-04-10,3,PERSONAL CARE,406.0,6
2017-04-11,3,PERSONAL CARE,457.0,8
2017-04-12,3,PERSONAL CARE,389.0,13
2017-04-13,3,PERSONAL CARE,424.0,12
2017-04-14,3,PERSONAL CARE,447.0,13
2017-04-15,3,PERSONAL CARE,617.0,12
2017-04-16,3,PERSONAL CARE,859.0,12
2017-04-17,3,PERSONAL CARE,441.0,11
2017-04-18,3,PERSONAL CARE,406.0,12
2017-04-19,3,PERSONAL CARE,496.0,14
2017-04-20,3,PERSONAL CARE,421.0,15
2017-04-21,3,PERSONAL CARE,530.0,14
2017-04-22,3,PERSONAL CARE,736.0,14
2017-04-23,3,PERSONAL CARE,882.0,14
2017-04-24,3,PERSONAL CARE,428.0,12
2017-04-25,3,PERSONAL CARE,400.0,14
2017-04-26,3,PERSONAL CARE,443.0,12
2017-04-27,3,PERSONAL CARE,310.0,13
2017-04-28,3,PERSONAL CARE,456.0,11
2017-04-29,3,PERSONAL CARE,670.0,11
2017-04-30,3,PERSONAL CARE,700.0,10
2017-05-01,3,PERSONAL CARE,924.0,9
2017-05-02,3,PERSONAL CARE,592.0,9
2017-05-03,3,PERSONAL CARE,634.0,9
2017-05-04,3,PERSONAL CARE,404.0,5
2017-05-05,3,PERSONAL CARE,467.0,6
2017-05-06,3,PERSONAL CARE,747.0,6
2017-05-07,3,PERSONAL CARE,945.0,8
2017-05-08,3,PERSONAL CARE,473.0,4
2017-05-09,3,PERSONAL CARE,367.0,3
2017-05-10,3,PERSONAL CARE,393.0,10
2017-05-11,3,PERSONAL CARE,293.0,8
2017-05-12,3,PERSONAL CARE,341.0,11
2017-05-13,3,PERSONAL CARE,634.0,12
2017-05-14,3,PERSONAL CARE,537.0,11
2017-05-15,3,PERSONAL CARE,457.0,11
2017-05-16,3,PERSONAL CARE,479.0,10
2017-05-17,3,PERSONAL CARE,477.0,11
2017-05-18,3,PERSONAL CARE,352.0,10
2017-05-19,3,PERSONAL CARE,385.0,11
2017-05-20,3,PERSONAL CARE,783.0,11
2017-05-21,3,PERSONAL CARE,917.0,11
2017-05-22,3,PERSONAL CARE,471.0,10
2017-05-23,3,PERSONAL CARE,348.0,10
2017-05-24,3,PERSONAL CARE,374.0,9
2017-05-25,3,PERSONAL CARE,290.0,9
2017-05-26,3,PERSONAL CARE,659.0,12
2017-05-27,3,PERSONAL CARE,558.0,10
2017-05-28,3,PERSONAL CARE,670.0,12
2017-05-29,3,PERSONAL CARE,438.0,9
2017-05-30,3,PERSONAL CARE,408.0,11
2017-05-31,3,PERSONAL CARE,441.0,8
2017-06-01,3,PERSONAL CARE,452.0,1
2017-06-02,3,PERSONAL CARE,745.0,11
2017-06-03,3,PERSONAL CARE,956.0,11
2017-06-04,3,PERSONAL CARE,1118.0,11
2017-06-05,3,PERSONAL CARE,626.0,9
2017-06-06,3,PERSONAL CARE,453.0,11
2017-06-07,3,PERSONAL CARE,538.0,11
2017-06-08,3,PERSONAL CARE,418.0,11
2017-06-09,3,PERSONAL CARE,534.0,12
2017-06-10,3,PERSONAL CARE,732.0,12
2017-06-11,3,PERSONAL CARE,1005.0,13
2017-06-12,3,PERSONAL CARE,471.0,12
2017-06-13,3,PERSONAL CARE,464.0,12
2017-06-14,3,PERSONAL CARE,479.0,16
2017-06-15,3,PERSONAL CARE,451.0,13
2017-06-16,3,PERSONAL CARE,463.0,14
2017-06-17,3,PERSONAL CARE,835.0,15
2017-06-18,3,PERSONAL CARE,609.0,13
2017-06-19,3,PERSONAL CARE,484.0,15
2017-06-20,3,PERSONAL CARE,548.0,15
2017-06-21,3,PERSONAL CARE,474.0,15
2017-06-22,3,PERSONAL CARE,351.0,11
2017-06-23,3,PERSONAL CARE,388.0,8
2017-06-24,3,PERSONAL CARE,693.0,10
2017-06-25,3,PERSONAL CARE,776.0,9
2017-06-26,3,PERSONAL CARE,396.0,10
2017-06-27,3,PERSONAL CARE,474.0,11
2017-06-28,3,PERSONAL CARE,376.0,7
2017-06-29,3,PERSONAL CARE,322.0,8
2017-06-30,3,PERSONAL CARE,442.0,8
2017-07-01,3,PERSONAL CARE,958.0,6
2017-07-02,3,PERSONAL CARE,1002.0,9
2017-07-03,3,PERSONAL CARE,622.0,9
2017-07-04,3,PERSONAL CARE,451.0,9
2017-07-05,3,PERSONAL CARE,532.0,8
2017-07-06,3,PERSONAL CARE,358.0,4
2017-07-07,3,PERSONAL CARE,425.0,5
2017-07-08,3,PERSONAL CARE,643.0,5
2017-07-09,3,PERSONAL CARE,799.0,6
2017-07-10,3,PERSONAL CARE,497.0,5
2017-07-11,3,PERSONAL CARE,373.0,4
2017-07-12,3,PERSONAL CARE,394.0,5
2017-07-13,3,PERSONAL CARE,313.0,4
2017-07-14,3,PERSONAL CARE,424.0,6
2017-07-15,3,PERSONAL CARE,792.0,8
2017-07-16,3,PERSONAL CARE,777.0,9
2017-07-17,3,PERSONAL CARE,498.0,7
2017-07-18,3,PERSONAL CARE,426.0,8
2017-07-19,3,PERSONAL CARE,505.0,8
2017-07-20,3,PERSONAL CARE,418.0,8
2017-07-21,3,PERSONAL CARE,455.0,7
2017-07-22,3,PERSONAL CARE,708.0,7
2017-07-23,3,PERSONAL CARE,866.0,8
2017-07-24,3,PERSONAL CARE,553.0,6
2017-07-25,3,PERSONAL CARE,467.0,7
2017-07-26,3,PERSONAL CARE,429.0,8
2017-07-27,3,PERSONAL CARE,411.0,10
2017-07-28,3,PERSONAL CARE,486.0,7
2017-07-29,3,PERSONAL CARE,734.0,10
2017-07-30,3,PERSONAL CARE,829.0,9
2017-07-31,3,PERSONAL CARE,531.0,9
2017-01-01,3,PET SUPPLIES,0.0,0
2017-01-02,3,PET SUPPLIES,40.0,1
2017-01-03,3,PET SUPPLIES,36.0,1
2017-01-04,3,PET SUPPLIES,25.0,1
2017-01-05,3,PET SUPPLIES,15.0,0
2017-01-06,3,PET SUPPLIES,33.0,0
2017-01-07,3,PET SUPPLIES,35.0,0
2017-01-08,3,PET SUPPLIES,29.0,0
2017-01-09,3,PET SUPPLIES,27.0,0
2017-01-10,3,PET SUPPLIES,21.0,0
2017-01-11,3,PET SUPPLIES,20.0,0
2017-01-12,3,PET SUPPLIES,24.0,0
2017-01-13,3,PET SUPPLIES,24.0,0
2017-01-14,3,PET SUPPLIES,22.0,0
2017-01-15,3,PET SUPPLIES,44.0,0
2017-01-16,3,PET SUPPLIES,26.0,0
2017-01-17,3,PET SUPPLIES,20.0,0
2017-01-18,3,PET SUPPLIES,12.0,0
2017-01-19,3,PET SUPPLIES,20.0,0
2017-01-20,3,PET SUPPLIES,12.0,0
2017-01-21,3,PET SUPPLIES,43.0,0
2017-01-22,3,PET SUPPLIES,46.0,0
2017-01-23,3,PET SUPPLIES,16.0,0
2017-01-24,3,PET SUPPLIES,24.0,0
2017-01-25,3,PET SUPPLIES,14.0,0
2017-01-26,3,PET SUPPLIES,21.0,0
2017-01-27,3,PET SUPPLIES,17.0,0
2017-01-28,3,PET SUPPLIES,25.0,0
2017-01-29,3,PET SUPPLIES,28.0,0
2017-01-30,3,PET SUPPLIES,15.0,0
2017-01-31,3,PET SUPPLIES,17.0,0
2017-02-01,3,PET SUPPLIES,20.0,0
2017-02-02,3,PET SUPPLIES,8.0,0
2017-02-03,3,PET SUPPLIES,25.0,0
2017-02-04,3,PET SUPPLIES,27.0,0
2017-02-05,3,PET SUPPLIES,36.0,0
2017-02-06,3,PET SUPPLIES,15.0,0
2017-02-07,3,PET SUPPLIES,15.0,0
2017-02-08,3,PET SUPPLIES,19.0,0
2017-02-09,3,PET SUPPLIES,4.0,0
2017-02-10,3,PET SUPPLIES,22.0,0
2017-02-11,3,PET SUPPLIES,27.0,0
2017-02-12,3,PET SUPPLIES,26.0,0
2017-02-13,3,PET SUPPLIES,18.0,0
2017-02-14,3,PET SUPPLIES,11.0,0
2017-02-15,3,PET SUPPLIES,18.0,0
2017-02-16,3,PET SUPPLIES,9.0,0
2017-02-17,3,PET SUPPLIES,18.0,0
2017-02-18,3,PET SUPPLIES,35.0,0
2017-02-19,3,PET SUPPLIES,15.0,0
2017-02-20,3,PET SUPPLIES,7.0,0
2017-02-21,3,PET SUPPLIES,17.0,0
2017-02-22,3,PET SUPPLIES,11.0,0
2017-02-23,3,PET SUPPLIES,20.0,0
2017-02-24,3,PET SUPPLIES,19.0,0
2017-02-25,3,PET SUPPLIES,34.0,0
2017-02-26,3,PET SUPPLIES,17.0,0
2017-02-27,3,PET SUPPLIES,22.0,0
2017-02-28,3,PET SUPPLIES,24.0,0
2017-03-01,3,PET SUPPLIES,19.0,0
2017-03-02,3,PET SUPPLIES,15.0,0
2017-03-03,3,PET SUPPLIES,24.0,0
2017-03-04,3,PET SUPPLIES,22.0,0
2017-03-05,3,PET SUPPLIES,26.0,0
2017-03-06,3,PET SUPPLIES,15.0,0
2017-03-07,3,PET SUPPLIES,20.0,0
2017-03-08,3,PET SUPPLIES,15.0,0
2017-03-09,3,PET SUPPLIES,16.0,0
2017-03-10,3,PET SUPPLIES,21.0,1
2017-03-11,3,PET SUPPLIES,31.0,1
2017-03-12,3,PET SUPPLIES,26.0,1
2017-03-13,3,PET SUPPLIES,18.0,0
2017-03-14,3,PET SUPPLIES,12.0,0
2017-03-15,3,PET SUPPLIES,20.0,0
2017-03-16,3,PET SUPPLIES,27.0,0
2017-03-17,3,PET SUPPLIES,23.0,1
2017-03-18,3,PET SUPPLIES,19.0,1
2017-03-19,3,PET SUPPLIES,51.0,1
2017-03-20,3,PET SUPPLIES,16.0,1
2017-03-21,3,PET SUPPLIES,12.0,1
2017-03-22,3,PET SUPPLIES,25.0,1
2017-03-23,3,PET SUPPLIES,15.0,1
2017-03-24,3,PET SUPPLIES,11.0,1
2017-03-25,3,PET SUPPLIES,28.0,0
2017-03-26,3,PET SUPPLIES,26.0,0
2017-03-27,3,PET SUPPLIES,13.0,1
2017-03-28,3,PET SUPPLIES,17.0,0
2017-03-29,3,PET SUPPLIES,21.0,1
2017-03-30,3,PET SUPPLIES,11.0,0
2017-03-31,3,PET SUPPLIES,30.0,0
2017-04-01,3,PET SUPPLIES,21.0,0
2017-04-02,3,PET SUPPLIES,25.0,0
2017-04-03,3,PET SUPPLIES,22.0,0
2017-04-04,3,PET SUPPLIES,18.0,0
2017-04-05,3,PET SUPPLIES,22.0,0
2017-04-06,3,PET SUPPLIES,10.0,0
2017-04-07,3,PET SUPPLIES,17.0,0
2017-04-08,3,PET SUPPLIES,28.0,0
2017-04-09,3,PET SUPPLIES,24.0,0
2017-04-10,3,PET SUPPLIES,21.0,0
2017-04-11,3,PET SUPPLIES,33.0,0
2017-04-12,3,PET SUPPLIES,19.0,0
2017-04-13,3,PET SUPPLIES,16.0,0
2017-04-14,3,PET SUPPLIES,29.0,0
2017-04-15,3,PET SUPPLIES,27.0,0
2017-04-16,3,PET SUPPLIES,13.0,0
2017-04-17,3,PET SUPPLIES,20.0,0
2017-04-18,3,PET SUPPLIES,12.0,0
2017-04-19,3,PET SUPPLIES,8.0,0
2017-04-20,3,PET SUPPLIES,13.0,0
2017-04-21,3,PET SUPPLIES,20.0,0
2017-04-22,3,PET SUPPLIES,24.0,1
2017-04-23,3,PET SUPPLIES,37.0,1
2017-04-24,3,PET SUPPLIES,11.0,1
2017-04-25,3,PET SUPPLIES,25.0,0
2017-04-26,3,PET SUPPLIES,25.0,1
2017-04-27,3,PET SUPPLIES,17.0,1
2017-04-28,3,PET SUPPLIES,21.0,1
2017-04-29,3,PET SUPPLIES,35.0,1
2017-04-30,3,PET SUPPLIES,28.0,1
2017-05-01,3,PET SUPPLIES,32.0,2
2017-05-02,3,PET SUPPLIES,20.0,0
2017-05-03,3,PET SUPPLIES,16.0,1
2017-05-04,3,PET SUPPLIES,22.0,1
2017-05-05,3,PET SUPPLIES,13.0,1
2017-05-06,3,PET SUPPLIES,37.0,1
2017-05-07,3,PET SUPPLIES,32.0,1
2017-05-08,3,PET SUPPLIES,14.0,1
2017-05-09,3,PET SUPPLIES,12.0,1
2017-05-10,3,PET SUPPLIES,17.0,1
2017-05-11,3,PET SUPPLIES,16.0,0
2017-05-12,3,PET SUPPLIES,22.0,0
2017-05-13,3,PET SUPPLIES,38.0,0
2017-05-14,3,PET SUPPLIES,22.0,1
2017-05-15,3,PET SUPPLIES,19.0,0
2017-05-16,3,PET SUPPLIES,15.0,0
2017-05-17,3,PET SUPPLIES,26.0,0
2017-05-18,3,PET SUPPLIES,12.0,0
2017-05-19,3,PET SUPPLIES,16.0,0
2017-05-20,3,PET SUPPLIES,30.0,0
2017-05-21,3,PET SUPPLIES,32.0,0
2017-05-22,3,PET SUPPLIES,29.0,0
2017-05-23,3,PET SUPPLIES,10.0,0
2017-05-24,3,PET SUPPLIES,11.0,0
2017-05-25,3,PET SUPPLIES,6.0,0
2017-05-26,3,PET SUPPLIES,19.0,0
2017-05-27,3,PET SUPPLIES,14.0,0
2017-05-28,3,PET SUPPLIES,31.0,0
2017-05-29,3,PET SUPPLIES,25.0,0
2017-05-30,3,PET SUPPLIES,12.0,0
2017-05-31,3,PET SUPPLIES,17.0,0
2017-06-01,3,PET SUPPLIES,21.0,0
2017-06-02,3,PET SUPPLIES,18.0,0
2017-06-03,3,PET SUPPLIES,28.0,0
2017-06-04,3,PET SUPPLIES,21.0,0
2017-06-05,3,PET SUPPLIES,27.0,0
2017-06-06,3,PET SUPPLIES,13.0,0
2017-06-07,3,PET SUPPLIES,11.0,0
2017-06-08,3,PET SUPPLIES,14.0,0
2017-06-09,3,PET SUPPLIES,14.0,0
2017-06-10,3,PET SUPPLIES,22.0,1
2017-06-11,3,PET SUPPLIES,36.0,0
2017-06-12,3,PET SUPPLIES,34.0,0
2017-06-13,3,PET SUPPLIES,22.0,0
2017-06-14,3,PET SUPPLIES,29.0,0
2017-06-15,3,PET SUPPLIES,21.0,0
2017-06-16,3,PET SUPPLIES,18.0,1
2017-06-17,3,PET SUPPLIES,31.0,0
2017-06-18,3,PET SUPPLIES,29.0,0
2017-06-19,3,PET SUPPLIES,8.0,0
2017-06-20,3,PET SUPPLIES,15.0,0
2017-06-21,3,PET SUPPLIES,11.0,1
2017-06-22,3,PET SUPPLIES,14.0,0
2017-06-23,3,PET SUPPLIES,17.0,0
2017-06-24,3,PET SUPPLIES,26.0,0
2017-06-25,3,PET SUPPLIES,26.0,1
2017-06-26,3,PET SUPPLIES,20.0,1
2017-06-27,3,PET SUPPLIES,13.0,1
2017-06-28,3,PET SUPPLIES,22.0,0
2017-06-29,3,PET SUPPLIES,9.0,0
2017-06-30,3,PET SUPPLIES,13.0,1
2017-07-01,3,PET SUPPLIES,39.0,0
2017-07-02,3,PET SUPPLIES,28.0,0
2017-07-03,3,PET SUPPLIES,25.0,1
2017-07-04,3,PET SUPPLIES,27.0,0
2017-07-05,3,PET SUPPLIES,26.0,0
2017-07-06,3,PET SUPPLIES,12.0,0
2017-07-07,3,PET SUPPLIES,20.0,0
2017-07-08,3,PET SUPPLIES,27.0,0
2017-07-09,3,PET SUPPLIES,29.0,0
2017-07-10,3,PET SUPPLIES,13.0,0
2017-07-11,3,PET SUPPLIES,23.0,0
2017-07-12,3,PET SUPPLIES,19.0,0
2017-07-13,3,PET SUPPLIES,17.0,0
2017-07-14,3,PET SUPPLIES,17.0,0
2017-07-15,3,PET SUPPLIES,27.0,0
2017-07-16,3,PET SUPPLIES,27.0,0
2017-07-17,3,PET SUPPLIES,28.0,0
2017-07-18,3,PET SUPPLIES,21.0,0
2017-07-19,3,PET SUPPLIES,13.0,0
2017-07-20,3,PET SUPPLIES,7.0,0
2017-07-21,3,PET SUPPLIES,15.0,0
2017-07-22,3,PET SUPPLIES,15.0,0
2017-07-23,3,PET SUPPLIES,21.0,0
2017-07-24,3,PET SUPPLIES,10.0,0
2017-07-25,3,PET SUPPLIES,15.0,0
2017-07-26,3,PET SUPPLIES,13.0,0
2017-07-27,3,PET SUPPLIES,11.0,0
2017-07-28,3,PET SUPPLIES,14.0,0
2017-07-29,3,PET SUPPLIES,27.0,0
2017-07-30,3,PET SUPPLIES,28.0,0
2017-07-31,3,PET SUPPLIES,16.0,0
2017-01-01,3,PLAYERS AND ELECTRONICS,0.0,0
2017-01-02,3,PLAYERS AND ELECTRONICS,52.0,0
2017-01-03,3,PLAYERS AND ELECTRONICS,34.0,0
2017-01-04,3,PLAYERS AND ELECTRONICS,20.0,0
2017-01-05,3,PLAYERS AND ELECTRONICS,19.0,0
2017-01-06,3,PLAYERS AND ELECTRONICS,28.0,0
2017-01-07,3,PLAYERS AND ELECTRONICS,38.0,0
2017-01-08,3,PLAYERS AND ELECTRONICS,40.0,0
2017-01-09,3,PLAYERS AND ELECTRONICS,30.0,0
2017-01-10,3,PLAYERS AND ELECTRONICS,21.0,0
2017-01-11,3,PLAYERS AND ELECTRONICS,15.0,0
2017-01-12,3,PLAYERS AND ELECTRONICS,31.0,0
2017-01-13,3,PLAYERS AND ELECTRONICS,25.0,0
2017-01-14,3,PLAYERS AND ELECTRONICS,55.0,0
2017-01-15,3,PLAYERS AND ELECTRONICS,47.0,0
2017-01-16,3,PLAYERS AND ELECTRONICS,38.0,0
2017-01-17,3,PLAYERS AND ELECTRONICS,21.0,0
2017-01-18,3,PLAYERS AND ELECTRONICS,32.0,0
2017-01-19,3,PLAYERS AND ELECTRONICS,23.0,0
2017-01-20,3,PLAYERS AND ELECTRONICS,16.0,0
2017-01-21,3,PLAYERS AND ELECTRONICS,46.0,0
2017-01-22,3,PLAYERS AND ELECTRONICS,46.0,0
2017-01-23,3,PLAYERS AND ELECTRONICS,37.0,0
2017-01-24,3,PLAYERS AND ELECTRONICS,31.0,0
2017-01-25,3,PLAYERS AND ELECTRONICS,14.0,0
2017-01-26,3,PLAYERS AND ELECTRONICS,18.0,0
2017-01-27,3,PLAYERS AND ELECTRONICS,25.0,0
2017-01-28,3,PLAYERS AND ELECTRONICS,50.0,0
2017-01-29,3,PLAYERS AND ELECTRONICS,46.0,0
2017-01-30,3,PLAYERS AND ELECTRONICS,25.0,0
2017-01-31,3,PLAYERS AND ELECTRONICS,22.0,0
2017-02-01,3,PLAYERS AND ELECTRONICS,28.0,0
2017-02-02,3,PLAYERS AND ELECTRONICS,20.0,0
2017-02-03,3,PLAYERS AND ELECTRONICS,20.0,0
2017-02-04,3,PLAYERS AND ELECTRONICS,28.0,0
2017-02-05,3,PLAYERS AND ELECTRONICS,43.0,0
2017-02-06,3,PLAYERS AND ELECTRONICS,32.0,0
2017-02-07,3,PLAYERS AND ELECTRONICS,31.0,0
2017-02-08,3,PLAYERS AND ELECTRONICS,36.0,0
2017-02-09,3,PLAYERS AND ELECTRONICS,24.0,0
2017-02-10,3,PLAYERS AND ELECTRONICS,19.0,0
2017-02-11,3,PLAYERS AND ELECTRONICS,41.0,0
2017-02-12,3,PLAYERS AND ELECTRONICS,37.0,0
2017-02-13,3,PLAYERS AND ELECTRONICS,19.0,0
2017-02-14,3,PLAYERS AND ELECTRONICS,27.0,0
2017-02-15,3,PLAYERS AND ELECTRONICS,34.0,0
2017-02-16,3,PLAYERS AND ELECTRONICS,18.0,0
2017-02-17,3,PLAYERS AND ELECTRONICS,27.0,0
2017-02-18,3,PLAYERS AND ELECTRONICS,33.0,0
2017-02-19,3,PLAYERS AND ELECTRONICS,25.0,0
2017-02-20,3,PLAYERS AND ELECTRONICS,22.0,0
2017-02-21,3,PLAYERS AND ELECTRONICS,26.0,0
2017-02-22,3,PLAYERS AND ELECTRONICS,25.0,0
2017-02-23,3,PLAYERS AND ELECTRONICS,34.0,0
2017-02-24,3,PLAYERS AND ELECTRONICS,15.0,0
2017-02-25,3,PLAYERS AND ELECTRONICS,41.0,0
2017-02-26,3,PLAYERS AND ELECTRONICS,26.0,0
2017-02-27,3,PLAYERS AND ELECTRONICS,35.0,0
2017-02-28,3,PLAYERS AND ELECTRONICS,41.0,0
2017-03-01,3,PLAYERS AND ELECTRONICS,27.0,0
2017-03-02,3,PLAYERS AND ELECTRONICS,31.0,0
2017-03-03,3,PLAYERS AND ELECTRONICS,31.0,0
2017-03-04,3,PLAYERS AND ELECTRONICS,36.0,0
2017-03-05,3,PLAYERS AND ELECTRONICS,44.0,0
2017-03-06,3,PLAYERS AND ELECTRONICS,25.0,0
2017-03-07,3,PLAYERS AND ELECTRONICS,35.0,0
2017-03-08,3,PLAYERS AND ELECTRONICS,22.0,0
2017-03-09,3,PLAYERS AND ELECTRONICS,23.0,0
2017-03-10,3,PLAYERS AND ELECTRONICS,30.0,0
2017-03-11,3,PLAYERS AND ELECTRONICS,29.0,0
2017-03-12,3,PLAYERS AND ELECTRONICS,43.0,0
2017-03-13,3,PLAYERS AND ELECTRONICS,16.0,0
2017-03-14,3,PLAYERS AND ELECTRONICS,22.0,0
2017-03-15,3,PLAYERS AND ELECTRONICS,23.0,0
2017-03-16,3,PLAYERS AND ELECTRONICS,16.0,0
2017-03-17,3,PLAYERS AND ELECTRONICS,37.0,0
2017-03-18,3,PLAYERS AND ELECTRONICS,47.0,0
2017-03-19,3,PLAYERS AND ELECTRONICS,39.0,0
2017-03-20,3,PLAYERS AND ELECTRONICS,20.0,0
2017-03-21,3,PLAYERS AND ELECTRONICS,25.0,0
2017-03-22,3,PLAYERS AND ELECTRONICS,13.0,0
2017-03-23,3,PLAYERS AND ELECTRONICS,24.0,0
2017-03-24,3,PLAYERS AND ELECTRONICS,17.0,0
2017-03-25,3,PLAYERS AND ELECTRONICS,31.0,0
2017-03-26,3,PLAYERS AND ELECTRONICS,33.0,0
2017-03-27,3,PLAYERS AND ELECTRONICS,16.0,0
2017-03-28,3,PLAYERS AND ELECTRONICS,18.0,0
2017-03-29,3,PLAYERS AND ELECTRONICS,16.0,0
2017-03-30,3,PLAYERS AND ELECTRONICS,13.0,0
2017-03-31,3,PLAYERS AND ELECTRONICS,22.0,0
2017-04-01,3,PLAYERS AND ELECTRONICS,55.0,0
2017-04-02,3,PLAYERS AND ELECTRONICS,33.0,0
2017-04-03,3,PLAYERS AND ELECTRONICS,29.0,0
2017-04-04,3,PLAYERS AND ELECTRONICS,23.0,0
2017-04-05,3,PLAYERS AND ELECTRONICS,13.0,0
2017-04-06,3,PLAYERS AND ELECTRONICS,15.0,0
2017-04-07,3,PLAYERS AND ELECTRONICS,22.0,0
2017-04-08,3,PLAYERS AND ELECTRONICS,17.0,0
2017-04-09,3,PLAYERS AND ELECTRONICS,28.0,0
2017-04-10,3,PLAYERS AND ELECTRONICS,23.0,0
2017-04-11,3,PLAYERS AND ELECTRONICS,30.0,0
2017-04-12,3,PLAYERS AND ELECTRONICS,19.0,0
2017-04-13,3,PLAYERS AND ELECTRONICS,23.0,0
2017-04-14,3,PLAYERS AND ELECTRONICS,12.0,0
2017-04-15,3,PLAYERS AND ELECTRONICS,28.0,0
2017-04-16,3,PLAYERS AND ELECTRONICS,31.0,0
2017-04-17,3,PLAYERS AND ELECTRONICS,19.0,0
2017-04-18,3,PLAYERS AND ELECTRONICS,23.0,0
2017-04-19,3,PLAYERS AND ELECTRONICS,19.0,0
2017-04-20,3,PLAYERS AND ELECTRONICS,33.0,1
2017-04-21,3,PLAYERS AND ELECTRONICS,29.0,0
2017-04-22,3,PLAYERS AND ELECTRONICS,29.0,0
2017-04-23,3,PLAYERS AND ELECTRONICS,41.0,0
2017-04-24,3,PLAYERS AND ELECTRONICS,21.0,0
2017-04-25,3,PLAYERS AND ELECTRONICS,11.0,0
2017-04-26,3,PLAYERS AND ELECTRONICS,19.0,0
2017-04-27,3,PLAYERS AND ELECTRONICS,12.0,0
2017-04-28,3,PLAYERS AND ELECTRONICS,16.0,0
2017-04-29,3,PLAYERS AND ELECTRONICS,21.0,0
2017-04-30,3,PLAYERS AND ELECTRONICS,20.0,0
2017-05-01,3,PLAYERS AND ELECTRONICS,42.0,1
2017-05-02,3,PLAYERS AND ELECTRONICS,19.0,0
2017-05-03,3,PLAYERS AND ELECTRONICS,14.0,0
2017-05-04,3,PLAYERS AND ELECTRONICS,11.0,0
2017-05-05,3,PLAYERS AND ELECTRONICS,19.0,0
2017-05-06,3,PLAYERS AND ELECTRONICS,30.0,0
2017-05-07,3,PLAYERS AND ELECTRONICS,43.0,0
2017-05-08,3,PLAYERS AND ELECTRONICS,27.0,0
2017-05-09,3,PLAYERS AND ELECTRONICS,9.0,0
2017-05-10,3,PLAYERS AND ELECTRONICS,17.0,0
2017-05-11,3,PLAYERS AND ELECTRONICS,18.0,0
2017-05-12,3,PLAYERS AND ELECTRONICS,16.0,0
2017-05-13,3,PLAYERS AND ELECTRONICS,38.0,0
2017-05-14,3,PLAYERS AND ELECTRONICS,21.0,0
2017-05-15,3,PLAYERS AND ELECTRONICS,25.0,0
2017-05-16,3,PLAYERS AND ELECTRONICS,27.0,0
2017-05-17,3,PLAYERS AND ELECTRONICS,23.0,1
2017-05-18,3,PLAYERS AND ELECTRONICS,16.0,1
2017-05-19,3,PLAYERS AND ELECTRONICS,21.0,0
2017-05-20,3,PLAYERS AND ELECTRONICS,38.0,0
2017-05-21,3,PLAYERS AND ELECTRONICS,39.0,0
2017-05-22,3,PLAYERS AND ELECTRONICS,20.0,0
2017-05-23,3,PLAYERS AND ELECTRONICS,13.0,0
2017-05-24,3,PLAYERS AND ELECTRONICS,14.0,0
2017-05-25,3,PLAYERS AND ELECTRONICS,12.0,0
2017-05-26,3,PLAYERS AND ELECTRONICS,33.0,0
2017-05-27,3,PLAYERS AND ELECTRONICS,25.0,0
2017-05-28,3,PLAYERS AND ELECTRONICS,40.0,0
2017-05-29,3,PLAYERS AND ELECTRONICS,18.0,0
2017-05-30,3,PLAYERS AND ELECTRONICS,21.0,0
2017-05-31,3,PLAYERS AND ELECTRONICS,27.0,0
2017-06-01,3,PLAYERS AND ELECTRONICS,28.0,0
2017-06-02,3,PLAYERS AND ELECTRONICS,28.0,0
2017-06-03,3,PLAYERS AND ELECTRONICS,22.0,0
2017-06-04,3,PLAYERS AND ELECTRONICS,44.0,0
2017-06-05,3,PLAYERS AND ELECTRONICS,30.0,1
2017-06-06,3,PLAYERS AND ELECTRONICS,21.0,0
2017-06-07,3,PLAYERS AND ELECTRONICS,24.0,0
2017-06-08,3,PLAYERS AND ELECTRONICS,18.0,0
2017-06-09,3,PLAYERS AND ELECTRONICS,17.0,0
2017-06-10,3,PLAYERS AND ELECTRONICS,42.0,0
2017-06-11,3,PLAYERS AND ELECTRONICS,47.0,1
2017-06-12,3,PLAYERS AND ELECTRONICS,14.0,0
2017-06-13,3,PLAYERS AND ELECTRONICS,19.0,0
2017-06-14,3,PLAYERS AND ELECTRONICS,25.0,0
2017-06-15,3,PLAYERS AND ELECTRONICS,21.0,0
2017-06-16,3,PLAYERS AND ELECTRONICS,32.0,0
2017-06-17,3,PLAYERS AND ELECTRONICS,47.0,0
2017-06-18,3,PLAYERS AND ELECTRONICS,24.0,0
2017-06-19,3,PLAYERS AND ELECTRONICS,21.0,0
2017-06-20,3,PLAYERS AND ELECTRONICS,24.0,0
2017-06-21,3,PLAYERS AND ELECTRONICS,21.0,0
2017-06-22,3,PLAYERS AND ELECTRONICS,21.0,0
2017-06-23,3,PLAYERS AND ELECTRONICS,32.0,1
2017-06-24,3,PLAYERS AND ELECTRONICS,30.0,0
2017-06-25,3,PLAYERS AND ELECTRONICS,48.0,0
2017-06-26,3,PLAYERS AND ELECTRONICS,13.0,0
2017-06-27,3,PLAYERS AND ELECTRONICS,15.0,0
2017-06-28,3,PLAYERS AND ELECTRONICS,15.0,0
2017-06-29,3,PLAYERS AND ELECTRONICS,13.0,0
2017-06-30,3,PLAYERS AND ELECTRONICS,27.0,0
2017-07-01,3,PLAYERS AND ELECTRONICS,30.0,0
2017-07-02,3,PLAYERS AND ELECTRONICS,45.0,0
2017-07-03,3,PLAYERS AND ELECTRONICS,30.0,0
2017-07-04,3,PLAYERS AND ELECTRONICS,24.0,1
2017-07-05,3,PLAYERS AND ELECTRONICS,29.0,1
2017-07-06,3,PLAYERS AND ELECTRONICS,16.0,0
2017-07-07,3,PLAYERS AND ELECTRONICS,16.0,0
2017-07-08,3,PLAYERS AND ELECTRONICS,32.0,0
2017-07-09,3,PLAYERS AND ELECTRONICS,31.0,0
2017-07-10,3,PLAYERS AND ELECTRONICS,21.0,0
2017-07-11,3,PLAYERS AND ELECTRONICS,25.0,0
2017-07-12,3,PLAYERS AND ELECTRONICS,20.0,0
2017-07-13,3,PLAYERS AND ELECTRONICS,14.0,0
2017-07-14,3,PLAYERS AND ELECTRONICS,29.0,0
2017-07-15,3,PLAYERS AND ELECTRONICS,29.0,0
2017-07-16,3,PLAYERS AND ELECTRONICS,34.0,0
2017-07-17,3,PLAYERS AND ELECTRONICS,32.0,0
2017-07-18,3,PLAYERS AND ELECTRONICS,19.0,0
2017-07-19,3,PLAYERS AND ELECTRONICS,20.0,0
2017-07-20,3,PLAYERS AND ELECTRONICS,18.0,0
2017-07-21,3,PLAYERS AND ELECTRONICS,28.0,0
2017-07-22,3,PLAYERS AND ELECTRONICS,48.0,0
2017-07-23,3,PLAYERS AND ELECTRONICS,24.0,0
2017-07-24,3,PLAYERS AND ELECTRONICS,18.0,0
2017-07-25,3,PLAYERS AND ELECTRONICS,14.0,0
2017-07-26,3,PLAYERS AND ELECTRONICS,15.0,0
2017-07-27,3,PLAYERS AND ELECTRONICS,27.0,0
2017-07-28,3,PLAYERS AND ELECTRONICS,16.0,0
2017-07-29,3,PLAYERS AND ELECTRONICS,27.0,0
2017-07-30,3,PLAYERS AND ELECTRONICS,41.0,0
2017-07-31,3,PLAYERS AND ELECTRONICS,27.0,0
2017-01-01,3,POULTRY,0.0,0
2017-01-02,3,POULTRY,1756.97,1
2017-01-03,3,POULTRY,1512.963,0
2017-01-04,3,POULTRY,1456.6951,1
2017-01-05,3,POULTRY,1157.277,0
2017-01-06,3,POULTRY,1960.503,46
2017-01-07,3,POULTRY,1745.414,0
2017-01-08,3,POULTRY,1690.29,0
2017-01-09,3,POULTRY,1307.357,0
2017-01-10,3,POULTRY,1099.8881,0
2017-01-11,3,POULTRY,1103.225,0
2017-01-12,3,POULTRY,981.433,0
2017-01-13,3,POULTRY,1830.294,46
2017-01-14,3,POULTRY,1566.901,1
2017-01-15,3,POULTRY,1753.447,1
2017-01-16,3,POULTRY,1249.056,0
2017-01-17,3,POULTRY,967.362,0
2017-01-18,3,POULTRY,1086.07,0
2017-01-19,3,POULTRY,863.213,0
2017-01-20,3,POULTRY,1484.981,44
2017-01-21,3,POULTRY,1647.781,1
2017-01-22,3,POULTRY,1840.573,0
2017-01-23,3,POULTRY,1151.19,0
2017-01-24,3,POULTRY,1106.072,0
2017-01-25,3,POULTRY,1150.495,0
2017-01-26,3,POULTRY,779.254,0
2017-01-27,3,POULTRY,1678.015,46
2017-01-28,3,POULTRY,1428.151,0
2017-01-29,3,POULTRY,1586.898,1
2017-01-30,3,POULTRY,962.473,0
2017-01-31,3,POULTRY,983.683,0
2017-02-01,3,POULTRY,1430.926,2
2017-02-02,3,POULTRY,1019.16,2
2017-02-03,3,POULTRY,2012.9,46
2017-02-04,3,POULTRY,1648.156,2
2017-02-05,3,POULTRY,1708.555,0
2017-02-06,3,POULTRY,1102.485,1
2017-02-07,3,POULTRY,1066.423,1
2017-02-08,3,POULTRY,1102.589,1
2017-02-09,3,POULTRY,977.858,0
2017-02-10,3,POULTRY,1793.574,44
2017-02-11,3,POULTRY,1439.109,0
2017-02-12,3,POULTRY,1569.782,0
2017-02-13,3,POULTRY,1166.996,0
2017-02-14,3,POULTRY,779.995,0
2017-02-15,3,POULTRY,1044.83,0
2017-02-16,3,POULTRY,972.923,0
2017-02-17,3,POULTRY,1799.927,46
2017-02-18,3,POULTRY,1782.95,0
2017-02-19,3,POULTRY,1296.883,0
2017-02-20,3,POULTRY,1115.214,0
2017-02-21,3,POULTRY,1078.257,0
2017-02-22,3,POULTRY,1006.111,0
2017-02-23,3,POULTRY,887.838,0
2017-02-24,3,POULTRY,1677.43,45
2017-02-25,3,POULTRY,1207.514,0
2017-02-26,3,POULTRY,908.104,0
2017-02-27,3,POULTRY,891.979,0
2017-02-28,3,POULTRY,1333.63,0
2017-03-01,3,POULTRY,1371.168,0
2017-03-02,3,POULTRY,978.116,0
2017-03-03,3,POULTRY,1787.364,44
2017-03-04,3,POULTRY,1373.169,0
2017-03-05,3,POULTRY,1644.675,0
2017-03-06,3,POULTRY,1121.738,0
2017-03-07,3,POULTRY,926.615,0
2017-03-08,3,POULTRY,1030.809,0
2017-03-09,3,POULTRY,805.19,0
2017-03-10,3,POULTRY,1600.942,45
2017-03-11,3,POULTRY,1554.579,1
2017-03-12,3,POULTRY,1571.007,1
2017-03-13,3,POULTRY,1077.293,1
2017-03-14,3,POULTRY,891.174,0
2017-03-15,3,POULTRY,1097.905,0
2017-03-16,3,POULTRY,826.25397,0
2017-03-17,3,POULTRY,1671.0339,46
2017-03-18,3,POULTRY,1247.406,0
2017-03-19,3,POULTRY,1723.783,0
2017-03-20,3,POULTRY,1182.917,0
2017-03-21,3,POULTRY,1017.171,0
2017-03-22,3,POULTRY,868.207,0
2017-03-23,3,POULTRY,897.374,0
2017-03-24,3,POULTRY,1607.072,44
2017-03-25,3,POULTRY,1386.672,0
2017-03-26,3,POULTRY,1504.828,0
2017-03-27,3,POULTRY,988.959,0
2017-03-28,3,POULTRY,931.765,0
2017-03-29,3,POULTRY,983.38,2
2017-03-30,3,POULTRY,760.765,0
2017-03-31,3,POULTRY,1866.898,45
2017-04-01,3,POULTRY,2176.711,0
2017-04-02,3,POULTRY,1353.486,0
2017-04-03,3,POULTRY,1172.212,1
2017-04-04,3,POULTRY,1095.91,0
2017-04-05,3,POULTRY,1080.098,0
2017-04-06,3,POULTRY,883.801,0
2017-04-07,3,POULTRY,1743.791,45
2017-04-08,3,POULTRY,1287.722,0
2017-04-09,3,POULTRY,1611.078,0
2017-04-10,3,POULTRY,956.565,0
2017-04-11,3,POULTRY,913.086,0
2017-04-12,3,POULTRY,830.17,0
2017-04-13,3,POULTRY,672.028,0
2017-04-14,3,POULTRY,980.527,43
2017-04-15,3,POULTRY,1176.826,1
2017-04-16,3,POULTRY,1354.663,1
2017-04-17,3,POULTRY,1046.979,0
2017-04-18,3,POULTRY,981.676,0
2017-04-19,3,POULTRY,1225.032,0
2017-04-20,3,POULTRY,945.737,0
2017-04-21,3,POULTRY,1779.052,46
2017-04-22,3,POULTRY,1539.812,0
2017-04-23,3,POULTRY,1665.247,0
2017-04-24,3,POULTRY,984.048,0
2017-04-25,3,POULTRY,891.267,0
2017-04-26,3,POULTRY,896.862,0
2017-04-27,3,POULTRY,749.424,0
2017-04-28,3,POULTRY,1745.23,45
2017-04-29,3,POULTRY,1289.673,0
2017-04-30,3,POULTRY,1258.879,0
2017-05-01,3,POULTRY,1596.851,1
2017-05-02,3,POULTRY,1146.766,0
2017-05-03,3,POULTRY,1233.499,0
2017-05-04,3,POULTRY,924.271,0
2017-05-05,3,POULTRY,1745.716,45
2017-05-06,3,POULTRY,1385.505,0
2017-05-07,3,POULTRY,1605.039,0
2017-05-08,3,POULTRY,1140.824,0
2017-05-09,3,POULTRY,893.183,0
2017-05-10,3,POULTRY,1057.202,0
2017-05-11,3,POULTRY,793.506,0
2017-05-12,3,POULTRY,1581.482,45
2017-05-13,3,POULTRY,1558.742,0
2017-05-14,3,POULTRY,1130.871,0
2017-05-15,3,POULTRY,1068.8151,0
2017-05-16,3,POULTRY,1101.388,0
2017-05-17,3,POULTRY,1178.003,0
2017-05-18,3,POULTRY,853.422,0
2017-05-19,3,POULTRY,1630.355,46
2017-05-20,3,POULTRY,1436.412,0
2017-05-21,3,POULTRY,1829.464,0
2017-05-22,3,POULTRY,1093.557,0
2017-05-23,3,POULTRY,875.889,0
2017-05-24,3,POULTRY,984.215,0
2017-05-25,3,POULTRY,881.137,0
2017-05-26,3,POULTRY,1854.108,45
2017-05-27,3,POULTRY,1183.814,0
2017-05-28,3,POULTRY,1400.997,0
2017-05-29,3,POULTRY,1063.337,0
2017-05-30,3,POULTRY,1023.754,0
2017-05-31,3,POULTRY,1108.552,0
2017-06-01,3,POULTRY,1049.274,0
2017-06-02,3,POULTRY,2079.137,46
2017-06-03,3,POULTRY,1567.1901,0
2017-06-04,3,POULTRY,2051.557,0
2017-06-05,3,POULTRY,1335.508,0
2017-06-06,3,POULTRY,1056.773,0
2017-06-07,3,POULTRY,1105.199,0
2017-06-08,3,POULTRY,781.576,0
2017-06-09,3,POULTRY,1741.448,46
2017-06-10,3,POULTRY,1280.252,0
2017-06-11,3,POULTRY,1565.903,0
2017-06-12,3,POULTRY,1061.09,0
2017-06-13,3,POULTRY,920.975,0
2017-06-14,3,POULTRY,1013.466,0
2017-06-15,3,POULTRY,919.075,0
2017-06-16,3,POULTRY,1796.91,46
2017-06-17,3,POULTRY,1533.405,0
2017-06-18,3,POULTRY,1215.994,0
2017-06-19,3,POULTRY,1061.017,0
2017-06-20,3,POULTRY,1065.526,0
2017-06-21,3,POULTRY,1082.855,0
2017-06-22,3,POULTRY,790.229,1
2017-06-23,3,POULTRY,1524.625,45
2017-06-24,3,POULTRY,1285.448,0
2017-06-25,3,POULTRY,1618.104,0
2017-06-26,3,POULTRY,1003.575,0
2017-06-27,3,POULTRY,901.323,0
2017-06-28,3,POULTRY,1056.074,0
2017-06-29,3,POULTRY,770.815,0
2017-06-30,3,POULTRY,1629.036,44
2017-07-01,3,POULTRY,1756.053,0
2017-07-02,3,POULTRY,1718.587,0
2017-07-03,3,POULTRY,1246.716,0
2017-07-04,3,POULTRY,1097.772,0
2017-07-05,3,POULTRY,1166.663,0
2017-07-06,3,POULTRY,929.404,0
2017-07-07,3,POULTRY,1794.385,45
2017-07-08,3,POULTRY,1317.718,0
2017-07-09,3,POULTRY,1484.058,0
2017-07-10,3,POULTRY,1049.692,0
2017-07-11,3,POULTRY,995.068,0
2017-07-12,3,POULTRY,1037.701,0
2017-07-13,3,POULTRY,838.915,0
2017-07-14,3,POULTRY,1596.329,44
2017-07-15,3,POULTRY,1358.103,0
2017-07-16,3,POULTRY,1528.535,0
2017-07-17,3,POULTRY,1122.936,0
2017-07-18,3,POULTRY,985.722,0
2017-07-19,3,POULTRY,1069.361,0
2017-07-20,3,POULTRY,988.839,0
2017-07-21,3,POULTRY,1587.276,42
2017-07-22,3,POULTRY,1235.055,0
2017-07-23,3,POULTRY,1591.651,0
2017-07-24,3,POULTRY,1160.115,0
2017-07-25,3,POULTRY,878.841,0
2017-07-26,3,POULTRY,1008.438,0
2017-07-27,3,POULTRY,849.984,0
2017-07-28,3,POULTRY,1521.6481,46
2017-07-29,3,POULTRY,1250.139,0
2017-07-30,3,POULTRY,1353.849,0
2017-07-31,3,POULTRY,1140.462,0
2017-01-01,3,PREPARED FOODS,0.0,0
2017-01-02,3,PREPARED FOODS,543.841,2
2017-01-03,3,PREPARED FOODS,375.009,2
2017-01-04,3,PREPARED FOODS,448.66602,4
2017-01-05,3,PREPARED FOODS,319.097,0
2017-01-06,3,PREPARED FOODS,421.352,2
2017-01-07,3,PREPARED FOODS,581.802,1
2017-01-08,3,PREPARED FOODS,485.80402,1
2017-01-09,3,PREPARED FOODS,338.102,1
2017-01-10,3,PREPARED FOODS,413.738,1
2017-01-11,3,PREPARED FOODS,332.609,2
2017-01-12,3,PREPARED FOODS,244.099,1
2017-01-13,3,PREPARED FOODS,443.59,2
2017-01-14,3,PREPARED FOODS,405.498,1
2017-01-15,3,PREPARED FOODS,535.495,1
2017-01-16,3,PREPARED FOODS,294.385,1
2017-01-17,3,PREPARED FOODS,306.363,1
2017-01-18,3,PREPARED FOODS,337.486,4
2017-01-19,3,PREPARED FOODS,273.078,2
2017-01-20,3,PREPARED FOODS,424.952,3
2017-01-21,3,PREPARED FOODS,429.787,2
2017-01-22,3,PREPARED FOODS,459.13202,2
2017-01-23,3,PREPARED FOODS,399.495,2
2017-01-24,3,PREPARED FOODS,259.1,2
2017-01-25,3,PREPARED FOODS,367.685,3
2017-01-26,3,PREPARED FOODS,353.034,2
2017-01-27,3,PREPARED FOODS,419.525,3
2017-01-28,3,PREPARED FOODS,389.88202,1
2017-01-29,3,PREPARED FOODS,526.81396,2
2017-01-30,3,PREPARED FOODS,370.364,1
2017-01-31,3,PREPARED FOODS,342.702,1
2017-02-01,3,PREPARED FOODS,402.514,3
2017-02-02,3,PREPARED FOODS,337.979,2
2017-02-03,3,PREPARED FOODS,446.92902,3
2017-02-04,3,PREPARED FOODS,486.533,2
2017-02-05,3,PREPARED FOODS,596.49,2
2017-02-06,3,PREPARED FOODS,373.135,2
2017-02-07,3,PREPARED FOODS,240.45999,2
2017-02-08,3,PREPARED FOODS,378.68298,4
2017-02-09,3,PREPARED FOODS,377.017,1
2017-02-10,3,PREPARED FOODS,407.251,2
2017-02-11,3,PREPARED FOODS,373.088,1
2017-02-12,3,PREPARED FOODS,458.65698,1
2017-02-13,3,PREPARED FOODS,302.585,1
2017-02-14,3,PREPARED FOODS,308.747,1
2017-02-15,3,PREPARED FOODS,344.95502,2
2017-02-16,3,PREPARED FOODS,331.03198,1
2017-02-17,3,PREPARED FOODS,405.147,2
2017-02-18,3,PREPARED FOODS,550.037,1
2017-02-19,3,PREPARED FOODS,398.603,1
2017-02-20,3,PREPARED FOODS,298.973,1
2017-02-21,3,PREPARED FOODS,324.765,1
2017-02-22,3,PREPARED FOODS,342.568,2
2017-02-23,3,PREPARED FOODS,304.24,1
2017-02-24,3,PREPARED FOODS,391.87,2
2017-02-25,3,PREPARED FOODS,451.987,1
2017-02-26,3,PREPARED FOODS,326.252,1
2017-02-27,3,PREPARED FOODS,291.96,1
2017-02-28,3,PREPARED FOODS,485.048,1
2017-03-01,3,PREPARED FOODS,402.813,2
2017-03-02,3,PREPARED FOODS,310.931,0
2017-03-03,3,PREPARED FOODS,379.168,1
2017-03-04,3,PREPARED FOODS,452.073,0
2017-03-05,3,PREPARED FOODS,583.252,0
2017-03-06,3,PREPARED FOODS,283.487,0
2017-03-07,3,PREPARED FOODS,321.451,0
2017-03-08,3,PREPARED FOODS,337.871,1
2017-03-09,3,PREPARED FOODS,260.126,0
2017-03-10,3,PREPARED FOODS,363.915,0
2017-03-11,3,PREPARED FOODS,459.56702,0
2017-03-12,3,PREPARED FOODS,517.451,0
2017-03-13,3,PREPARED FOODS,287.672,0
2017-03-14,3,PREPARED FOODS,252.694,0
2017-03-15,3,PREPARED FOODS,368.651,1
2017-03-16,3,PREPARED FOODS,316.226,0
2017-03-17,3,PREPARED FOODS,354.24,0
2017-03-18,3,PREPARED FOODS,458.16602,0
2017-03-19,3,PREPARED FOODS,622.786,0
2017-03-20,3,PREPARED FOODS,326.292,0
2017-03-21,3,PREPARED FOODS,294.081,0
2017-03-22,3,PREPARED FOODS,335.961,1
2017-03-23,3,PREPARED FOODS,324.20502,0
2017-03-24,3,PREPARED FOODS,371.094,0
2017-03-25,3,PREPARED FOODS,463.003,0
2017-03-26,3,PREPARED FOODS,499.729,0
2017-03-27,3,PREPARED FOODS,305.828,0
2017-03-28,3,PREPARED FOODS,293.607,0
2017-03-29,3,PREPARED FOODS,351.835,1
2017-03-30,3,PREPARED FOODS,354.969,1
2017-03-31,3,PREPARED FOODS,471.997,1
2017-04-01,3,PREPARED FOODS,571.53503,1
2017-04-02,3,PREPARED FOODS,494.786,1
2017-04-03,3,PREPARED FOODS,265.87,1
2017-04-04,3,PREPARED FOODS,278.316,1
2017-04-05,3,PREPARED FOODS,405.715,2
2017-04-06,3,PREPARED FOODS,276.799,1
2017-04-07,3,PREPARED FOODS,409.454,1
2017-04-08,3,PREPARED FOODS,435.27,1
2017-04-09,3,PREPARED FOODS,448.033,1
2017-04-10,3,PREPARED FOODS,318.802,1
2017-04-11,3,PREPARED FOODS,324.835,1
2017-04-12,3,PREPARED FOODS,500.394,2
2017-04-13,3,PREPARED FOODS,535.712,1
2017-04-14,3,PREPARED FOODS,666.91797,1
2017-04-15,3,PREPARED FOODS,435.767,1
2017-04-16,3,PREPARED FOODS,465.54102,1
2017-04-17,3,PREPARED FOODS,221.951,1
2017-04-18,3,PREPARED FOODS,282.964,1
2017-04-19,3,PREPARED FOODS,263.537,1
2017-04-20,3,PREPARED FOODS,304.642,0
2017-04-21,3,PREPARED FOODS,257.16,0
2017-04-22,3,PREPARED FOODS,321.549,0
2017-04-23,3,PREPARED FOODS,388.286,0
2017-04-24,3,PREPARED FOODS,243.765,0
2017-04-25,3,PREPARED FOODS,322.49,0
2017-04-26,3,PREPARED FOODS,173.993,0
2017-04-27,3,PREPARED FOODS,248.202,0
2017-04-28,3,PREPARED FOODS,237.074,0
2017-04-29,3,PREPARED FOODS,287.004,0
2017-04-30,3,PREPARED FOODS,369.525,0
2017-05-01,3,PREPARED FOODS,332.237,0
2017-05-02,3,PREPARED FOODS,222.511,0
2017-05-03,3,PREPARED FOODS,301.253,0
2017-05-04,3,PREPARED FOODS,220.639,0
2017-05-05,3,PREPARED FOODS,219.983,0
2017-05-06,3,PREPARED FOODS,318.021,0
2017-05-07,3,PREPARED FOODS,411.298,0
2017-05-08,3,PREPARED FOODS,251.633,0
2017-05-09,3,PREPARED FOODS,252.91501,1
2017-05-10,3,PREPARED FOODS,215.664,0
2017-05-11,3,PREPARED FOODS,258.144,1
2017-05-12,3,PREPARED FOODS,284.00598,1
2017-05-13,3,PREPARED FOODS,301.109,1
2017-05-14,3,PREPARED FOODS,272.423,1
2017-05-15,3,PREPARED FOODS,187.546,0
2017-05-16,3,PREPARED FOODS,345.198,1
2017-05-17,3,PREPARED FOODS,284.29102,1
2017-05-18,3,PREPARED FOODS,289.996,1
2017-05-19,3,PREPARED FOODS,229.81601,1
2017-05-20,3,PREPARED FOODS,260.7,0
2017-05-21,3,PREPARED FOODS,371.013,0
2017-05-22,3,PREPARED FOODS,191.297,1
2017-05-23,3,PREPARED FOODS,237.829,1
2017-05-24,3,PREPARED FOODS,240.433,1
2017-05-25,3,PREPARED FOODS,202.375,1
2017-05-26,3,PREPARED FOODS,289.286,1
2017-05-27,3,PREPARED FOODS,331.889,2
2017-05-28,3,PREPARED FOODS,335.949,0
2017-05-29,3,PREPARED FOODS,183.624,0
2017-05-30,3,PREPARED FOODS,193.171,1
2017-05-31,3,PREPARED FOODS,313.102,1
2017-06-01,3,PREPARED FOODS,312.874,0
2017-06-02,3,PREPARED FOODS,233.826,0
2017-06-03,3,PREPARED FOODS,280.388,0
2017-06-04,3,PREPARED FOODS,412.05402,0
2017-06-05,3,PREPARED FOODS,258.766,0
2017-06-06,3,PREPARED FOODS,266.118,0
2017-06-07,3,PREPARED FOODS,256.138,0
2017-06-08,3,PREPARED FOODS,200.363,0
2017-06-09,3,PREPARED FOODS,264.667,0
2017-06-10,3,PREPARED FOODS,343.306,0
2017-06-11,3,PREPARED FOODS,329.56702,0
2017-06-12,3,PREPARED FOODS,183.09601,0
2017-06-13,3,PREPARED FOODS,239.91501,0
2017-06-14,3,PREPARED FOODS,229.613,0
2017-06-15,3,PREPARED FOODS,244.879,0
2017-06-16,3,PREPARED FOODS,310.547,0
2017-06-17,3,PREPARED FOODS,341.336,0
2017-06-18,3,PREPARED FOODS,250.298,0
2017-06-19,3,PREPARED FOODS,166.724,0
2017-06-20,3,PREPARED FOODS,287.178,0
2017-06-21,3,PREPARED FOODS,251.888,0
2017-06-22,3,PREPARED FOODS,275.766,0
2017-06-23,3,PREPARED FOODS,312.522,0
2017-06-24,3,PREPARED FOODS,216.97299,0
2017-06-25,3,PREPARED FOODS,384.042,0
2017-06-26,3,PREPARED FOODS,231.9,0
2017-06-27,3,PREPARED FOODS,286.387,0
2017-06-28,3,PREPARED FOODS,291.169,0
2017-06-29,3,PREPARED FOODS,221.89099,0
2017-06-30,3,PREPARED FOODS,273.064,0
2017-07-01,3,PREPARED FOODS,361.246,0
2017-07-02,3,PREPARED FOODS,319.06,0
2017-07-03,3,PREPARED FOODS,227.681,0
2017-07-04,3,PREPARED FOODS,282.444,0
2017-07-05,3,PREPARED FOODS,193.32199,0
2017-07-06,3,PREPARED FOODS,251.319,0
2017-07-07,3,PREPARED FOODS,283.186,0
2017-07-08,3,PREPARED FOODS,339.734,0
2017-07-09,3,PREPARED FOODS,285.499,0
2017-07-10,3,PREPARED FOODS,218.948,0
2017-07-11,3,PREPARED FOODS,254.642,0
2017-07-12,3,PREPARED FOODS,195.954,0
2017-07-13,3,PREPARED FOODS,230.951,0
2017-07-14,3,PREPARED FOODS,263.639,0
2017-07-15,3,PREPARED FOODS,297.974,0
2017-07-16,3,PREPARED FOODS,258.366,0
2017-07-17,3,PREPARED FOODS,212.156,0
2017-07-18,3,PREPARED FOODS,221.982,0
2017-07-19,3,PREPARED FOODS,217.573,0
2017-07-20,3,PREPARED FOODS,287.049,0
2017-07-21,3,PREPARED FOODS,273.543,0
2017-07-22,3,PREPARED FOODS,336.667,0
2017-07-23,3,PREPARED FOODS,316.145,0
2017-07-24,3,PREPARED FOODS,286.961,0
2017-07-25,3,PREPARED FOODS,261.268,0
2017-07-26,3,PREPARED FOODS,203.463,0
2017-07-27,3,PREPARED FOODS,271.172,0
2017-07-28,3,PREPARED FOODS,228.299,0
2017-07-29,3,PREPARED FOODS,290.234,0
2017-07-30,3,PREPARED FOODS,314.667,0
2017-07-31,3,PREPARED FOODS,193.795,0
2017-01-01,3,PRODUCE,0.0,0
2017-01-02,3,PRODUCE,11998.136,7
2017-01-03,3,PRODUCE,11822.178,8
2017-01-04,3,PRODUCE,13016.387,215
2017-01-05,3,PRODUCE,7884.849,9
2017-01-06,3,PRODUCE,8831.302,9
2017-01-07,3,PRODUCE,10661.804,9
2017-01-08,3,PRODUCE,11166.636,9
2017-01-09,3,PRODUCE,8382.248,10
2017-01-10,3,PRODUCE,7326.452,9
2017-01-11,3,PRODUCE,11050.176,219
2017-01-12,3,PRODUCE,6588.991,9
2017-01-13,3,PRODUCE,8011.9893,10
2017-01-14,3,PRODUCE,10255.789,11
2017-01-15,3,PRODUCE,11484.834,9
2017-01-16,3,PRODUCE,8702.422,10
2017-01-17,3,PRODUCE,6956.338,9
2017-01-18,3,PRODUCE,11937.575,222
2017-01-19,3,PRODUCE,5919.935,10
2017-01-20,3,PRODUCE,6937.206,10
2017-01-21,3,PRODUCE,11510.768,10
2017-01-22,3,PRODUCE,12077.996,10
2017-01-23,3,PRODUCE,8189.231,10
2017-01-24,3,PRODUCE,6968.971,8
2017-01-25,3,PRODUCE,10797.001,222
2017-01-26,3,PRODUCE,6120.528,3
2017-01-27,3,PRODUCE,8075.878,4
2017-01-28,3,PRODUCE,9628.186,4
2017-01-29,3,PRODUCE,10574.605,4
2017-01-30,3,PRODUCE,7311.891,4
2017-01-31,3,PRODUCE,7104.629,4
2017-02-01,3,PRODUCE,12831.72,226
2017-02-02,3,PRODUCE,6522.057,4
2017-02-03,3,PRODUCE,7979.066,4
2017-02-04,3,PRODUCE,10046.317,4
2017-02-05,3,PRODUCE,11708.832,4
2017-02-06,3,PRODUCE,8175.643,4
2017-02-07,3,PRODUCE,6779.4893,4
2017-02-08,3,PRODUCE,12229.455,229
2017-02-09,3,PRODUCE,6710.154,4
2017-02-10,3,PRODUCE,7912.994,4
2017-02-11,3,PRODUCE,10248.756,4
2017-02-12,3,PRODUCE,10702.997,4
2017-02-13,3,PRODUCE,8442.212,5
2017-02-14,3,PRODUCE,6144.554,5
2017-02-15,3,PRODUCE,11295.816,223
2017-02-16,3,PRODUCE,6673.209,6
2017-02-17,3,PRODUCE,8417.326,5
2017-02-18,3,PRODUCE,11818.134,5
2017-02-19,3,PRODUCE,8647.699,5
2017-02-20,3,PRODUCE,7820.466,5
2017-02-21,3,PRODUCE,7535.079,5
2017-02-22,3,PRODUCE,10733.175,218
2017-02-23,3,PRODUCE,6111.829,5
2017-02-24,3,PRODUCE,7206.623,4
2017-02-25,3,PRODUCE,8127.55,5
2017-02-26,3,PRODUCE,6201.351,5
2017-02-27,3,PRODUCE,5929.385,2
2017-02-28,3,PRODUCE,9103.906,3
2017-03-01,3,PRODUCE,12632.642,225
2017-03-02,3,PRODUCE,7632.303,5
2017-03-03,3,PRODUCE,8560.74,4
2017-03-04,3,PRODUCE,10582.726,5
2017-03-05,3,PRODUCE,11105.043,5
2017-03-06,3,PRODUCE,8177.629,4
2017-03-07,3,PRODUCE,7133.769,5
2017-03-08,3,PRODUCE,11405.588,222
2017-03-09,3,PRODUCE,5993.424,1
2017-03-10,3,PRODUCE,7915.866,1
2017-03-11,3,PRODUCE,9728.671,0
2017-03-12,3,PRODUCE,11047.408,0
2017-03-13,3,PRODUCE,7293.331,1
2017-03-14,3,PRODUCE,6205.648,2
2017-03-15,3,PRODUCE,11806.987,218
2017-03-16,3,PRODUCE,6471.357,2
2017-03-17,3,PRODUCE,7746.9683,0
2017-03-18,3,PRODUCE,9287.515,1
2017-03-19,3,PRODUCE,11452.57,1
2017-03-20,3,PRODUCE,8140.391,1
2017-03-21,3,PRODUCE,7214.639,1
2017-03-22,3,PRODUCE,11241.07,222
2017-03-23,3,PRODUCE,6523.972,0
2017-03-24,3,PRODUCE,6994.679,0
2017-03-25,3,PRODUCE,9894.952,0
2017-03-26,3,PRODUCE,9645.212,0
2017-03-27,3,PRODUCE,7561.151,0
2017-03-28,3,PRODUCE,6758.6777,0
2017-03-29,3,PRODUCE,11569.587,226
2017-03-30,3,PRODUCE,6053.496,1
2017-03-31,3,PRODUCE,8626.014,1
2017-04-01,3,PRODUCE,13351.888,1
2017-04-02,3,PRODUCE,9200.826,1
2017-04-03,3,PRODUCE,7199.398,3
2017-04-04,3,PRODUCE,6975.542,1
2017-04-05,3,PRODUCE,11731.458,214
2017-04-06,3,PRODUCE,6467.544,1
2017-04-07,3,PRODUCE,7628.883,1
2017-04-08,3,PRODUCE,8653.167,1
2017-04-09,3,PRODUCE,10227.486,2
2017-04-10,3,PRODUCE,7093.465,1
2017-04-11,3,PRODUCE,6303.342,1
2017-04-12,3,PRODUCE,10240.288,215
2017-04-13,3,PRODUCE,6761.14,5
2017-04-14,3,PRODUCE,5806.043,6
2017-04-15,3,PRODUCE,7903.411,4
2017-04-16,3,PRODUCE,9208.826,5
2017-04-17,3,PRODUCE,7728.866,5
2017-04-18,3,PRODUCE,7024.043,5
2017-04-19,3,PRODUCE,10874.646,218
2017-04-20,3,PRODUCE,5964.6978,4
2017-04-21,3,PRODUCE,8005.577,4
2017-04-22,3,PRODUCE,9809.276,4
2017-04-23,3,PRODUCE,10219.826,4
2017-04-24,3,PRODUCE,6816.211,4
2017-04-25,3,PRODUCE,6721.694,2
2017-04-26,3,PRODUCE,10333.096,218
2017-04-27,3,PRODUCE,5989.262,7
2017-04-28,3,PRODUCE,7192.259,6
2017-04-29,3,PRODUCE,8275.212,7
2017-04-30,3,PRODUCE,7897.006,8
2017-05-01,3,PRODUCE,10290.211,6
2017-05-02,3,PRODUCE,7602.309,6
2017-05-03,3,PRODUCE,11536.885,219
2017-05-04,3,PRODUCE,6629.528,4
2017-05-05,3,PRODUCE,6852.964,2
2017-05-06,3,PRODUCE,9707.308,2
2017-05-07,3,PRODUCE,10386.822,2
2017-05-08,3,PRODUCE,7887.358,2
2017-05-09,3,PRODUCE,6191.842,2
2017-05-10,3,PRODUCE,10176.411,221
2017-05-11,3,PRODUCE,5773.288,11
2017-05-12,3,PRODUCE,6636.293,10
2017-05-13,3,PRODUCE,10106.378,10
2017-05-14,3,PRODUCE,7148.336,9
2017-05-15,3,PRODUCE,7182.149,10
2017-05-16,3,PRODUCE,7209.257,9
2017-05-17,3,PRODUCE,12519.739,220
2017-05-18,3,PRODUCE,5666.175,10
2017-05-19,3,PRODUCE,6988.573,10
2017-05-20,3,PRODUCE,9598.775,10
2017-05-21,3,PRODUCE,11139.83,9
2017-05-22,3,PRODUCE,7411.3843,8
2017-05-23,3,PRODUCE,6048.77,9
2017-05-24,3,PRODUCE,9754.377,215
2017-05-25,3,PRODUCE,5890.853,10
2017-05-26,3,PRODUCE,8814.508,10
2017-05-27,3,PRODUCE,7939.765,10
2017-05-28,3,PRODUCE,9116.612,10
2017-05-29,3,PRODUCE,7630.959,11
2017-05-30,3,PRODUCE,7330.924,8
2017-05-31,3,PRODUCE,10649.121,221
2017-06-01,3,PRODUCE,7099.754,0
2017-06-02,3,PRODUCE,8222.125,0
2017-06-03,3,PRODUCE,9507.283,0
2017-06-04,3,PRODUCE,11960.139,0
2017-06-05,3,PRODUCE,8751.513,0
2017-06-06,3,PRODUCE,6386.527,0
2017-06-07,3,PRODUCE,12382.11,220
2017-06-08,3,PRODUCE,5713.267,0
2017-06-09,3,PRODUCE,8025.279,1
2017-06-10,3,PRODUCE,8619.716,1
2017-06-11,3,PRODUCE,10943.208,1
2017-06-12,3,PRODUCE,7945.989,1
2017-06-13,3,PRODUCE,6623.559,1
2017-06-14,3,PRODUCE,11534.412,218
2017-06-15,3,PRODUCE,6258.21,1
2017-06-16,3,PRODUCE,8360.021,3
2017-06-17,3,PRODUCE,11208.071,3
2017-06-18,3,PRODUCE,8401.803,3
2017-06-19,3,PRODUCE,8046.9487,2
2017-06-20,3,PRODUCE,7398.966,3
2017-06-21,3,PRODUCE,10510.655,217
2017-06-22,3,PRODUCE,5646.328,2
2017-06-23,3,PRODUCE,7611.742,2
2017-06-24,3,PRODUCE,9610.667,1
2017-06-25,3,PRODUCE,10834.308,1
2017-06-26,3,PRODUCE,7499.816,1
2017-06-27,3,PRODUCE,6540.955,1
2017-06-28,3,PRODUCE,10902.155,213
2017-06-29,3,PRODUCE,5882.375,10
2017-06-30,3,PRODUCE,7392.898,10
2017-07-01,3,PRODUCE,10484.77,9
2017-07-02,3,PRODUCE,10992.534,9
2017-07-03,3,PRODUCE,9002.151,9
2017-07-04,3,PRODUCE,6811.956,11
2017-07-05,3,PRODUCE,11780.306,220
2017-07-06,3,PRODUCE,6244.576,13
2017-07-07,3,PRODUCE,8097.413,15
2017-07-08,3,PRODUCE,8928.318,14
2017-07-09,3,PRODUCE,9900.991,13
2017-07-10,3,PRODUCE,7848.649,13
2017-07-11,3,PRODUCE,6958.782,15
2017-07-12,3,PRODUCE,10271.837,216
2017-07-13,3,PRODUCE,5955.616,8
2017-07-14,3,PRODUCE,7159.795,7
2017-07-15,3,PRODUCE,8514.843,4
2017-07-16,3,PRODUCE,10310.486,1
2017-07-17,3,PRODUCE,7756.711,3
2017-07-18,3,PRODUCE,6522.102,2
2017-07-19,3,PRODUCE,10405.732,217
2017-07-20,3,PRODUCE,6308.873,8
2017-07-21,3,PRODUCE,7023.555,8
2017-07-22,3,PRODUCE,8517.873,10
2017-07-23,3,PRODUCE,9825.017,10
2017-07-24,3,PRODUCE,7673.989,10
2017-07-25,3,PRODUCE,6066.472,11
2017-07-26,3,PRODUCE,10190.275,217
2017-07-27,3,PRODUCE,5966.548,13
2017-07-28,3,PRODUCE,7414.911,13
2017-07-29,3,PRODUCE,8348.777,15
2017-07-30,3,PRODUCE,9403.489,15
2017-07-31,3,PRODUCE,8316.788,11
2017-01-01,3,SCHOOL AND OFFICE SUPPLIES,0.0,0
2017-01-02,3,SCHOOL AND OFFICE SUPPLIES,4.0,0
2017-01-03,3,SCHOOL AND OFFICE SUPPLIES,2.0,0
2017-01-04,3,SCHOOL AND OFFICE SUPPLIES,1.0,0
2017-01-05,3,SCHOOL AND OFFICE SUPPLIES,4.0,0
2017-01-06,3,SCHOOL AND OFFICE SUPPLIES,0.0,0
2017-01-07,3,SCHOOL AND OFFICE SUPPLIES,2.0,0
2017-01-08,3,SCHOOL AND OFFICE SUPPLIES,8.0,0
2017-01-09,3,SCHOOL AND OFFICE SUPPLIES,1.0,0
2017-01-10,3,SCHOOL AND OFFICE SUPPLIES,2.0,0
2017-01-11,3,SCHOOL AND OFFICE SUPPLIES,1.0,0
2017-01-12,3,SCHOOL AND OFFICE SUPPLIES,4.0,0
2017-01-13,3,SCHOOL AND OFFICE SUPPLIES,0.0,0
2017-01-14,3,SCHOOL AND OFFICE SUPPLIES,3.0,0
2017-01-15,3,SCHOOL AND OFFICE SUPPLIES,5.0,0
2017-01-16,3,SCHOOL AND OFFICE SUPPLIES,5.0,0
2017-01-17,3,SCHOOL AND OFFICE SUPPLIES,1.0,0
2017-01-18,3,SCHOOL AND OFFICE SUPPLIES,1.0,0
2017-01-19,3,SCHOOL AND OFFICE SUPPLIES,3.0,0
2017-01-20,3,SCHOOL AND OFFICE SUPPLIES,2.0,0
2017-01-21,3,SCHOOL AND OFFICE SUPPLIES,2.0,0
2017-01-22,3,SCHOOL AND OFFICE SUPPLIES,3.0,0
2017-01-23,3,SCHOOL AND OFFICE SUPPLIES,2.0,0
2017-01-24,3,SCHOOL AND OFFICE SUPPLIES,4.0,0
2017-01-25,3,SCHOOL AND OFFICE SUPPLIES,1.0,0
2017-01-26,3,SCHOOL AND OFFICE SUPPLIES,4.0,0
2017-01-27,3,SCHOOL AND OFFICE SUPPLIES,0.0,0
2017-01-28,3,SCHOOL AND OFFICE SUPPLIES,3.0,0
2017-01-29,3,SCHOOL AND OFFICE SUPPLIES,4.0,0
2017-01-30,3,SCHOOL AND OFFICE SUPPLIES,3.0,0
2017-01-31,3,SCHOOL AND OFFICE SUPPLIES,2.0,0
2017-02-01,3,SCHOOL AND OFFICE SUPPLIES,0.0,0
2017-02-02,3,SCHOOL AND OFFICE SUPPLIES,1.0,0
2017-02-03,3,SCHOOL AND OFFICE SUPPLIES,0.0,0
2017-02-04,3,SCHOOL AND OFFICE SUPPLIES,3.0,0
2017-02-05,3,SCHOOL AND OFFICE SUPPLIES,4.0,0
2017-02-06,3,SCHOOL AND OFFICE SUPPLIES,0.0,0
2017-02-07,3,SCHOOL AND OFFICE SUPPLIES,0.0,0
2017-02-08,3,SCHOOL AND OFFICE SUPPLIES,1.0,0
2017-02-09,3,SCHOOL AND OFFICE SUPPLIES,2.0,0
2017-02-10,3,SCHOOL AND OFFICE SUPPLIES,2.0,0
2017-02-11,3,SCHOOL AND OFFICE SUPPLIES,5.0,0
2017-02-12,3,SCHOOL AND OFFICE SUPPLIES,2.0,0
2017-02-13,3,SCHOOL AND OFFICE SUPPLIES,6.0,0
2017-02-14,3,SCHOOL AND OFFICE SUPPLIES,2.0,0
2017-02-15,3,SCHOOL AND OFFICE SUPPLIES,3.0,0
2017-02-16,3,SCHOOL AND OFFICE SUPPLIES,2.0,0
2017-02-17,3,SCHOOL AND OFFICE SUPPLIES,1.0,0
2017-02-18,3,SCHOOL AND OFFICE SUPPLIES,5.0,0
2017-02-19,3,SCHOOL AND OFFICE SUPPLIES,5.0,0
2017-02-20,3,SCHOOL AND OFFICE SUPPLIES,0.0,0
2017-02-21,3,SCHOOL AND OFFICE SUPPLIES,1.0,0
2017-02-22,3,SCHOOL AND OFFICE SUPPLIES,3.0,0
2017-02-23,3,SCHOOL AND OFFICE SUPPLIES,0.0,0
2017-02-24,3,SCHOOL AND OFFICE SUPPLIES,0.0,0
2017-02-25,3,SCHOOL AND OFFICE SUPPLIES,4.0,0
2017-02-26,3,SCHOOL AND OFFICE SUPPLIES,1.0,0
2017-02-27,3,SCHOOL AND OFFICE SUPPLIES,1.0,0
2017-02-28,3,SCHOOL AND OFFICE SUPPLIES,1.0,0
2017-03-01,3,SCHOOL AND OFFICE SUPPLIES,3.0,0
2017-03-02,3,SCHOOL AND OFFICE SUPPLIES,4.0,0
2017-03-03,3,SCHOOL AND OFFICE SUPPLIES,1.0,0
2017-03-04,3,SCHOOL AND OFFICE SUPPLIES,2.0,0
2017-03-05,3,SCHOOL AND OFFICE SUPPLIES,9.0,0
2017-03-06,3,SCHOOL AND OFFICE SUPPLIES,2.0,0
2017-03-07,3,SCHOOL AND OFFICE SUPPLIES,0.0,0
2017-03-08,3,SCHOOL AND OFFICE SUPPLIES,0.0,0
2017-03-09,3,SCHOOL AND OFFICE SUPPLIES,1.0,0
2017-03-10,3,SCHOOL AND OFFICE SUPPLIES,1.0,0
2017-03-11,3,SCHOOL AND OFFICE SUPPLIES,3.0,0
2017-03-12,3,SCHOOL AND OFFICE SUPPLIES,3.0,0
2017-03-13,3,SCHOOL AND OFFICE SUPPLIES,0.0,0
2017-03-14,3,SCHOOL AND OFFICE SUPPLIES,1.0,0
2017-03-15,3,SCHOOL AND OFFICE SUPPLIES,9.0,0
2017-03-16,3,SCHOOL AND OFFICE SUPPLIES,0.0,0
2017-03-17,3,SCHOOL AND OFFICE SUPPLIES,5.0,0
2017-03-18,3,SCHOOL AND OFFICE SUPPLIES,1.0,0
2017-03-19,3,SCHOOL AND OFFICE SUPPLIES,6.0,0
2017-03-20,3,SCHOOL AND OFFICE SUPPLIES,2.0,0
2017-03-21,3,SCHOOL AND OFFICE SUPPLIES,0.0,0
2017-03-22,3,SCHOOL AND OFFICE SUPPLIES,4.0,0
2017-03-23,3,SCHOOL AND OFFICE SUPPLIES,3.0,1
2017-03-24,3,SCHOOL AND OFFICE SUPPLIES,1.0,0
2017-03-25,3,SCHOOL AND OFFICE SUPPLIES,4.0,1
2017-03-26,3,SCHOOL AND OFFICE SUPPLIES,5.0,1
2017-03-27,3,SCHOOL AND OFFICE SUPPLIES,4.0,0
2017-03-28,3,SCHOOL AND OFFICE SUPPLIES,2.0,0
2017-03-29,3,SCHOOL AND OFFICE SUPPLIES,0.0,0
2017-03-30,3,SCHOOL AND OFFICE SUPPLIES,4.0,0
2017-03-31,3,SCHOOL AND OFFICE SUPPLIES,3.0,0
2017-04-01,3,SCHOOL AND OFFICE SUPPLIES,5.0,1
2017-04-02,3,SCHOOL AND OFFICE SUPPLIES,6.0,1
2017-04-03,3,SCHOOL AND OFFICE SUPPLIES,3.0,0
2017-04-04,3,SCHOOL AND OFFICE SUPPLIES,3.0,1
2017-04-05,3,SCHOOL AND OFFICE SUPPLIES,1.0,0
2017-04-06,3,SCHOOL AND OFFICE SUPPLIES,1.0,0
2017-04-07,3,SCHOOL AND OFFICE SUPPLIES,2.0,0
2017-04-08,3,SCHOOL AND OFFICE SUPPLIES,3.0,0
2017-04-09,3,SCHOOL AND OFFICE SUPPLIES,4.0,1
2017-04-10,3,SCHOOL AND OFFICE SUPPLIES,0.0,0
2017-04-11,3,SCHOOL AND OFFICE SUPPLIES,3.0,0
2017-04-12,3,SCHOOL AND OFFICE SUPPLIES,1.0,0
2017-04-13,3,SCHOOL AND OFFICE SUPPLIES,3.0,0
2017-04-14,3,SCHOOL AND OFFICE SUPPLIES,1.0,0
2017-04-15,3,SCHOOL AND OFFICE SUPPLIES,0.0,0
2017-04-16,3,SCHOOL AND OFFICE SUPPLIES,6.0,1
2017-04-17,3,SCHOOL AND OFFICE SUPPLIES,4.0,1
2017-04-18,3,SCHOOL AND OFFICE SUPPLIES,2.0,1
2017-04-19,3,SCHOOL AND OFFICE SUPPLIES,3.0,1
2017-04-20,3,SCHOOL AND OFFICE SUPPLIES,0.0,0
2017-04-21,3,SCHOOL AND OFFICE SUPPLIES,3.0,1
2017-04-22,3,SCHOOL AND OFFICE SUPPLIES,4.0,0
2017-04-23,3,SCHOOL AND OFFICE SUPPLIES,4.0,1
2017-04-24,3,SCHOOL AND OFFICE SUPPLIES,4.0,1
2017-04-25,3,SCHOOL AND OFFICE SUPPLIES,2.0,1
2017-04-26,3,SCHOOL AND OFFICE SUPPLIES,3.0,0
2017-04-27,3,SCHOOL AND OFFICE SUPPLIES,2.0,0
2017-04-28,3,SCHOOL AND OFFICE SUPPLIES,2.0,0
2017-04-29,3,SCHOOL AND OFFICE SUPPLIES,2.0,1
2017-04-30,3,SCHOOL AND OFFICE SUPPLIES,5.0,1
2017-05-01,3,SCHOOL AND OFFICE SUPPLIES,4.0,1
2017-05-02,3,SCHOOL AND OFFICE SUPPLIES,4.0,1
2017-05-03,3,SCHOOL AND OFFICE SUPPLIES,2.0,1
2017-05-04,3,SCHOOL AND OFFICE SUPPLIES,0.0,0
2017-05-05,3,SCHOOL AND OFFICE SUPPLIES,0.0,0
2017-05-06,3,SCHOOL AND OFFICE SUPPLIES,4.0,1
2017-05-07,3,SCHOOL AND OFFICE SUPPLIES,5.0,1
2017-05-08,3,SCHOOL AND OFFICE SUPPLIES,2.0,1
2017-05-09,3,SCHOOL AND OFFICE SUPPLIES,2.0,1
2017-05-10,3,SCHOOL AND OFFICE SUPPLIES,2.0,0
2017-05-11,3,SCHOOL AND OFFICE SUPPLIES,1.0,1
2017-05-12,3,SCHOOL AND OFFICE SUPPLIES,2.0,0
2017-05-13,3,SCHOOL AND OFFICE SUPPLIES,3.0,1
2017-05-14,3,SCHOOL AND OFFICE SUPPLIES,2.0,1
2017-05-15,3,SCHOOL AND OFFICE SUPPLIES,2.0,0
2017-05-16,3,SCHOOL AND OFFICE SUPPLIES,0.0,0
2017-05-17,3,SCHOOL AND OFFICE SUPPLIES,1.0,0
2017-05-18,3,SCHOOL AND OFFICE SUPPLIES,2.0,0
2017-05-19,3,SCHOOL AND OFFICE SUPPLIES,0.0,0
2017-05-20,3,SCHOOL AND OFFICE SUPPLIES,6.0,0
2017-05-21,3,SCHOOL AND OFFICE SUPPLIES,3.0,0
2017-05-22,3,SCHOOL AND OFFICE SUPPLIES,4.0,0
2017-05-23,3,SCHOOL AND OFFICE SUPPLIES,1.0,0
2017-05-24,3,SCHOOL AND OFFICE SUPPLIES,2.0,0
2017-05-25,3,SCHOOL AND OFFICE SUPPLIES,0.0,0
2017-05-26,3,SCHOOL AND OFFICE SUPPLIES,1.0,0
2017-05-27,3,SCHOOL AND OFFICE SUPPLIES,0.0,0
2017-05-28,3,SCHOOL AND OFFICE SUPPLIES,1.0,0
2017-05-29,3,SCHOOL AND OFFICE SUPPLIES,1.0,0
2017-05-30,3,SCHOOL AND OFFICE SUPPLIES,2.0,0
2017-05-31,3,SCHOOL AND OFFICE SUPPLIES,0.0,0
2017-06-01,3,SCHOOL AND OFFICE SUPPLIES,0.0,0
2017-06-02,3,SCHOOL AND OFFICE SUPPLIES,2.0,0
2017-06-03,3,SCHOOL AND OFFICE SUPPLIES,5.0,0
2017-06-04,3,SCHOOL AND OFFICE SUPPLIES,5.0,0
2017-06-05,3,SCHOOL AND OFFICE SUPPLIES,3.0,0
2017-06-06,3,SCHOOL AND OFFICE SUPPLIES,2.0,0
2017-06-07,3,SCHOOL AND OFFICE SUPPLIES,3.0,0
2017-06-08,3,SCHOOL AND OFFICE SUPPLIES,1.0,0
2017-06-09,3,SCHOOL AND OFFICE SUPPLIES,1.0,0
2017-06-10,3,SCHOOL AND OFFICE SUPPLIES,6.0,0
2017-06-11,3,SCHOOL AND OFFICE SUPPLIES,5.0,0
2017-06-12,3,SCHOOL AND OFFICE SUPPLIES,2.0,0
2017-06-13,3,SCHOOL AND OFFICE SUPPLIES,0.0,0
2017-06-14,3,SCHOOL AND OFFICE SUPPLIES,0.0,0
2017-06-15,3,SCHOOL AND OFFICE SUPPLIES,2.0,0
2017-06-16,3,SCHOOL AND OFFICE SUPPLIES,0.0,0
2017-06-17,3,SCHOOL AND OFFICE SUPPLIES,1.0,0
2017-06-18,3,SCHOOL AND OFFICE SUPPLIES,1.0,0
2017-06-19,3,SCHOOL AND OFFICE SUPPLIES,2.0,0
2017-06-20,3,SCHOOL AND OFFICE SUPPLIES,0.0,0
2017-06-21,3,SCHOOL AND OFFICE SUPPLIES,2.0,0
2017-06-22,3,SCHOOL AND OFFICE SUPPLIES,3.0,0
2017-06-23,3,SCHOOL AND OFFICE SUPPLIES,0.0,0
2017-06-24,3,SCHOOL AND OFFICE SUPPLIES,4.0,0
2017-06-25,3,SCHOOL AND OFFICE SUPPLIES,6.0,0
2017-06-26,3,SCHOOL AND OFFICE SUPPLIES,2.0,0
2017-06-27,3,SCHOOL AND OFFICE SUPPLIES,0.0,0
2017-06-28,3,SCHOOL AND OFFICE SUPPLIES,1.0,0
2017-06-29,3,SCHOOL AND OFFICE SUPPLIES,1.0,0
2017-06-30,3,SCHOOL AND OFFICE SUPPLIES,3.0,0
2017-07-01,3,SCHOOL AND OFFICE SUPPLIES,2.0,0
2017-07-02,3,SCHOOL AND OFFICE SUPPLIES,5.0,0
2017-07-03,3,SCHOOL AND OFFICE SUPPLIES,2.0,0
2017-07-04,3,SCHOOL AND OFFICE SUPPLIES,1.0,0
2017-07-05,3,SCHOOL AND OFFICE SUPPLIES,1.0,0
2017-07-06,3,SCHOOL AND OFFICE SUPPLIES,1.0,0
2017-07-07,3,SCHOOL AND OFFICE SUPPLIES,1.0,0
2017-07-08,3,SCHOOL AND OFFICE SUPPLIES,0.0,0
2017-07-09,3,SCHOOL AND OFFICE SUPPLIES,3.0,0
2017-07-10,3,SCHOOL AND OFFICE SUPPLIES,1.0,0
2017-07-11,3,SCHOOL AND OFFICE SUPPLIES,3.0,0
2017-07-12,3,SCHOOL AND OFFICE SUPPLIES,1.0,0
2017-07-13,3,SCHOOL AND OFFICE SUPPLIES,2.0,0
2017-07-14,3,SCHOOL AND OFFICE SUPPLIES,1.0,0
2017-07-15,3,SCHOOL AND OFFICE SUPPLIES,2.0,0
2017-07-16,3,SCHOOL AND OFFICE SUPPLIES,2.0,0
2017-07-17,3,SCHOOL AND OFFICE SUPPLIES,1.0,0
2017-07-18,3,SCHOOL AND OFFICE SUPPLIES,0.0,0
2017-07-19,3,SCHOOL AND OFFICE SUPPLIES,2.0,0
2017-07-20,3,SCHOOL AND OFFICE SUPPLIES,2.0,0
2017-07-21,3,SCHOOL AND OFFICE SUPPLIES,1.0,0
2017-07-22,3,SCHOOL AND OFFICE SUPPLIES,1.0,0
2017-07-23,3,SCHOOL AND OFFICE SUPPLIES,1.0,0
2017-07-24,3,SCHOOL AND OFFICE SUPPLIES,1.0,0
2017-07-25,3,SCHOOL AND OFFICE SUPPLIES,1.0,0
2017-07-26,3,SCHOOL AND OFFICE SUPPLIES,2.0,0
2017-07-27,3,SCHOOL AND OFFICE SUPPLIES,1.0,0
2017-07-28,3,SCHOOL AND OFFICE SUPPLIES,2.0,0
2017-07-29,3,SCHOOL AND OFFICE SUPPLIES,3.0,0
2017-07-30,3,SCHOOL AND OFFICE SUPPLIES,2.0,0
2017-07-31,3,SCHOOL AND OFFICE SUPPLIES,1.0,0
2017-01-01,3,SEAFOOD,0.0,0
2017-01-02,3,SEAFOOD,135.384,1
2017-01-03,3,SEAFOOD,134.033,1
2017-01-04,3,SEAFOOD,134.41,1
2017-01-05,3,SEAFOOD,93.251,1
2017-01-06,3,SEAFOOD,181.753,6
2017-01-07,3,SEAFOOD,124.862,1
2017-01-08,3,SEAFOOD,133.267,1
2017-01-09,3,SEAFOOD,102.543,0
2017-01-10,3,SEAFOOD,73.318,0
2017-01-11,3,SEAFOOD,92.598,0
2017-01-12,3,SEAFOOD,61.354,0
2017-01-13,3,SEAFOOD,133.65201,7
2017-01-14,3,SEAFOOD,137.067,1
2017-01-15,3,SEAFOOD,139.856,1
2017-01-16,3,SEAFOOD,85.9,1
2017-01-17,3,SEAFOOD,95.87,1
2017-01-18,3,SEAFOOD,88.675,1
2017-01-19,3,SEAFOOD,74.783,1
2017-01-20,3,SEAFOOD,119.127,6
2017-01-21,3,SEAFOOD,89.659,1
2017-01-22,3,SEAFOOD,108.348,1
2017-01-23,3,SEAFOOD,75.897,1
2017-01-24,3,SEAFOOD,82.178,1
2017-01-25,3,SEAFOOD,83.051,1
2017-01-26,3,SEAFOOD,68.875,1
2017-01-27,3,SEAFOOD,136.95801,7
2017-01-28,3,SEAFOOD,105.964005,1
2017-01-29,3,SEAFOOD,117.32,1
2017-01-30,3,SEAFOOD,85.357,1
2017-01-31,3,SEAFOOD,104.46,1
2017-02-01,3,SEAFOOD,96.223,1
2017-02-02,3,SEAFOOD,60.513,2
2017-02-03,3,SEAFOOD,141.395,7
2017-02-04,3,SEAFOOD,96.448,1
2017-02-05,3,SEAFOOD,118.011,1
2017-02-06,3,SEAFOOD,92.176,1
2017-02-07,3,SEAFOOD,84.767,1
2017-02-08,3,SEAFOOD,60.510002,1
2017-02-09,3,SEAFOOD,83.569,1
2017-02-10,3,SEAFOOD,173.925,7
2017-02-11,3,SEAFOOD,113.292,1
2017-02-12,3,SEAFOOD,110.262,0
2017-02-13,3,SEAFOOD,98.403,0
2017-02-14,3,SEAFOOD,80.169,0
2017-02-15,3,SEAFOOD,87.304,0
2017-02-16,3,SEAFOOD,79.47,1
2017-02-17,3,SEAFOOD,185.648,7
2017-02-18,3,SEAFOOD,129.697,1
2017-02-19,3,SEAFOOD,103.148,1
2017-02-20,3,SEAFOOD,92.732,1
2017-02-21,3,SEAFOOD,68.986,1
2017-02-22,3,SEAFOOD,76.571,1
2017-02-23,3,SEAFOOD,78.466,1
2017-02-24,3,SEAFOOD,160.462,7
2017-02-25,3,SEAFOOD,92.354,1
2017-02-26,3,SEAFOOD,65.088,1
2017-02-27,3,SEAFOOD,71.923004,1
2017-02-28,3,SEAFOOD,113.75,0
2017-03-01,3,SEAFOOD,98.182,1
2017-03-02,3,SEAFOOD,83.33,0
2017-03-03,3,SEAFOOD,164.711,7
2017-03-04,3,SEAFOOD,134.178,0
2017-03-05,3,SEAFOOD,150.77701,0
2017-03-06,3,SEAFOOD,76.828,0
2017-03-07,3,SEAFOOD,58.265,0
2017-03-08,3,SEAFOOD,117.44,0
2017-03-09,3,SEAFOOD,115.097,1
2017-03-10,3,SEAFOOD,139.009,7
2017-03-11,3,SEAFOOD,146.376,1
2017-03-12,3,SEAFOOD,143.006,1
2017-03-13,3,SEAFOOD,87.091,0
2017-03-14,3,SEAFOOD,82.895996,1
2017-03-15,3,SEAFOOD,99.020004,0
2017-03-16,3,SEAFOOD,86.678,1
2017-03-17,3,SEAFOOD,180.125,6
2017-03-18,3,SEAFOOD,142.438,1
2017-03-19,3,SEAFOOD,160.157,1
2017-03-20,3,SEAFOOD,132.77,1
2017-03-21,3,SEAFOOD,103.789,1
2017-03-22,3,SEAFOOD,91.020996,1
2017-03-23,3,SEAFOOD,82.381,1
2017-03-24,3,SEAFOOD,162.47101,7
2017-03-25,3,SEAFOOD,115.478,1
2017-03-26,3,SEAFOOD,141.371,1
2017-03-27,3,SEAFOOD,89.82,1
2017-03-28,3,SEAFOOD,96.339005,1
2017-03-29,3,SEAFOOD,112.625,1
2017-03-30,3,SEAFOOD,77.826,0
2017-03-31,3,SEAFOOD,137.92801,6
2017-04-01,3,SEAFOOD,133.492,0
2017-04-02,3,SEAFOOD,116.918,0
2017-04-03,3,SEAFOOD,64.434,0
2017-04-04,3,SEAFOOD,94.079,0
2017-04-05,3,SEAFOOD,118.798004,0
2017-04-06,3,SEAFOOD,95.375,0
2017-04-07,3,SEAFOOD,191.36,7
2017-04-08,3,SEAFOOD,102.44,0
2017-04-09,3,SEAFOOD,136.561,0
2017-04-10,3,SEAFOOD,70.754,0
2017-04-11,3,SEAFOOD,85.016,0
2017-04-12,3,SEAFOOD,91.591,0
2017-04-13,3,SEAFOOD,106.666,0
2017-04-14,3,SEAFOOD,126.463,7
2017-04-15,3,SEAFOOD,86.067,0
2017-04-16,3,SEAFOOD,102.181,0
2017-04-17,3,SEAFOOD,75.853,0
2017-04-18,3,SEAFOOD,57.027,0
2017-04-19,3,SEAFOOD,103.114,0
2017-04-20,3,SEAFOOD,74.37,0
2017-04-21,3,SEAFOOD,123.255,6
2017-04-22,3,SEAFOOD,83.38,0
2017-04-23,3,SEAFOOD,120.619,0
2017-04-24,3,SEAFOOD,49.946,0
2017-04-25,3,SEAFOOD,45.251,0
2017-04-26,3,SEAFOOD,78.598,0
2017-04-27,3,SEAFOOD,65.109,0
2017-04-28,3,SEAFOOD,128.107,7
2017-04-29,3,SEAFOOD,97.108,0
2017-04-30,3,SEAFOOD,96.529,0
2017-05-01,3,SEAFOOD,115.035,0
2017-05-02,3,SEAFOOD,87.703,0
2017-05-03,3,SEAFOOD,119.131996,0
2017-05-04,3,SEAFOOD,82.247,0
2017-05-05,3,SEAFOOD,137.732,7
2017-05-06,3,SEAFOOD,117.874,0
2017-05-07,3,SEAFOOD,141.688,0
2017-05-08,3,SEAFOOD,91.512,0
2017-05-09,3,SEAFOOD,80.543,0
2017-05-10,3,SEAFOOD,100.865,1
2017-05-11,3,SEAFOOD,75.225,1
2017-05-12,3,SEAFOOD,138.181,7
2017-05-13,3,SEAFOOD,125.2,1
2017-05-14,3,SEAFOOD,71.813,1
2017-05-15,3,SEAFOOD,92.507996,1
2017-05-16,3,SEAFOOD,100.357,1
2017-05-17,3,SEAFOOD,125.99,1
2017-05-18,3,SEAFOOD,80.307,1
2017-05-19,3,SEAFOOD,141.837,6
2017-05-20,3,SEAFOOD,134.034,1
2017-05-21,3,SEAFOOD,161.292,1
2017-05-22,3,SEAFOOD,88.617004,1
2017-05-23,3,SEAFOOD,66.153,1
2017-05-24,3,SEAFOOD,75.167,1
2017-05-25,3,SEAFOOD,74.006,1
2017-05-26,3,SEAFOOD,169.368,7
2017-05-27,3,SEAFOOD,99.457,1
2017-05-28,3,SEAFOOD,114.028,1
2017-05-29,3,SEAFOOD,70.264,1
2017-05-30,3,SEAFOOD,86.093,1
2017-05-31,3,SEAFOOD,78.87,1
2017-06-01,3,SEAFOOD,82.247,0
2017-06-02,3,SEAFOOD,185.097,6
2017-06-03,3,SEAFOOD,73.429,0
2017-06-04,3,SEAFOOD,121.631,0
2017-06-05,3,SEAFOOD,112.406,0
2017-06-06,3,SEAFOOD,60.306,0
2017-06-07,3,SEAFOOD,77.993,0
2017-06-08,3,SEAFOOD,59.155,0
2017-06-09,3,SEAFOOD,118.36,6
2017-06-10,3,SEAFOOD,68.22,0
2017-06-11,3,SEAFOOD,113.837,0
2017-06-12,3,SEAFOOD,70.147,0
2017-06-13,3,SEAFOOD,49.554,0
2017-06-14,3,SEAFOOD,89.314,0
2017-06-15,3,SEAFOOD,50.601,0
2017-06-16,3,SEAFOOD,116.546,7
2017-06-17,3,SEAFOOD,135.243,0
2017-06-18,3,SEAFOOD,96.27,0
2017-06-19,3,SEAFOOD,69.957,0
2017-06-20,3,SEAFOOD,89.613,0
2017-06-21,3,SEAFOOD,82.999,0
2017-06-22,3,SEAFOOD,61.344,0
2017-06-23,3,SEAFOOD,133.483,7
2017-06-24,3,SEAFOOD,91.726,0
2017-06-25,3,SEAFOOD,122.726,0
2017-06-26,3,SEAFOOD,86.654,0
2017-06-27,3,SEAFOOD,68.129,0
2017-06-28,3,SEAFOOD,87.337,0
2017-06-29,3,SEAFOOD,39.458,0
2017-06-30,3,SEAFOOD,112.553,7
2017-07-01,3,SEAFOOD,132.517,0
2017-07-02,3,SEAFOOD,139.347,0
2017-07-03,3,SEAFOOD,86.484,0
2017-07-04,3,SEAFOOD,93.994,0
2017-07-05,3,SEAFOOD,81.652,0
2017-07-06,3,SEAFOOD,55.981,0
2017-07-07,3,SEAFOOD,120.245,7
2017-07-08,3,SEAFOOD,106.162,0
2017-07-09,3,SEAFOOD,135.195,0
2017-07-10,3,SEAFOOD,83.493,0
2017-07-11,3,SEAFOOD,83.93,0
2017-07-12,3,SEAFOOD,54.327,0
2017-07-13,3,SEAFOOD,61.136,0
2017-07-14,3,SEAFOOD,113.59,7
2017-07-15,3,SEAFOOD,91.715996,0
2017-07-16,3,SEAFOOD,119.689,0
2017-07-17,3,SEAFOOD,67.078,0
2017-07-18,3,SEAFOOD,68.621,0
2017-07-19,3,SEAFOOD,69.871,0
2017-07-20,3,SEAFOOD,63.923,0
2017-07-21,3,SEAFOOD,119.339005,7
2017-07-22,3,SEAFOOD,87.173004,0
2017-07-23,3,SEAFOOD,86.997,0
2017-07-24,3,SEAFOOD,71.066,0
2017-07-25,3,SEAFOOD,66.066,0
2017-07-26,3,SEAFOOD,65.835,0
2017-07-27,3,SEAFOOD,57.596,0
2017-07-28,3,SEAFOOD,121.465,7
2017-07-29,3,SEAFOOD,92.482,0
2017-07-30,3,SEAFOOD,106.443,0
2017-07-31,3,SEAFOOD,103.956,0
2017-01-01,5,AUTOMOTIVE,0.0,0
2017-01-02,5,AUTOMOTIVE,9.0,0
2017-01-03,5,AUTOMOTIVE,2.0,0
2017-01-04,5,AUTOMOTIVE,0.0,0
2017-01-05,5,AUTOMOTIVE,1.0,0
2017-01-06,5,AUTOMOTIVE,3.0,0
2017-01-07,5,AUTOMOTIVE,3.0,0
2017-01-08,5,AUTOMOTIVE,5.0,0
2017-01-09,5,AUTOMOTIVE,2.0,0
2017-01-10,5,AUTOMOTIVE,1.0,0
2017-01-11,5,AUTOMOTIVE,6.0,0
2017-01-12,5,AUTOMOTIVE,0.0,0
2017-01-13,5,AUTOMOTIVE,0.0,0
2017-01-14,5,AUTOMOTIVE,7.0,0
2017-01-15,5,AUTOMOTIVE,4.0,0
2017-01-16,5,AUTOMOTIVE,1.0,0
2017-01-17,5,AUTOMOTIVE,1.0,0
2017-01-18,5,AUTOMOTIVE,0.0,0
2017-01-19,5,AUTOMOTIVE,3.0,0
2017-01-20,5,AUTOMOTIVE,1.0,0
2017-01-21,5,AUTOMOTIVE,4.0,0
2017-01-22,5,AUTOMOTIVE,2.0,0
2017-01-23,5,AUTOMOTIVE,2.0,0
2017-01-24,5,AUTOMOTIVE,1.0,0
2017-01-25,5,AUTOMOTIVE,0.0,0
2017-01-26,5,AUTOMOTIVE,1.0,0
2017-01-27,5,AUTOMOTIVE,4.0,0
2017-01-28,5,AUTOMOTIVE,4.0,0
2017-01-29,5,AUTOMOTIVE,8.0,0
2017-01-30,5,AUTOMOTIVE,9.0,0
2017-01-31,5,AUTOMOTIVE,6.0,0
2017-02-01,5,AUTOMOTIVE,8.0,0
2017-02-02,5,AUTOMOTIVE,9.0,0
2017-02-03,5,AUTOMOTIVE,3.0,0
2017-02-04,5,AUTOMOTIVE,9.0,0
2017-02-05,5,AUTOMOTIVE,13.0,0
2017-02-06,5,AUTOMOTIVE,6.0,0
2017-02-07,5,AUTOMOTIVE,6.0,0
2017-02-08,5,AUTOMOTIVE,7.0,0
2017-02-09,5,AUTOMOTIVE,3.0,0
2017-02-10,5,AUTOMOTIVE,4.0,0
2017-02-11,5,AUTOMOTIVE,7.0,0
2017-02-12,5,AUTOMOTIVE,13.0,0
2017-02-13,5,AUTOMOTIVE,2.0,0
2017-02-14,5,AUTOMOTIVE,7.0,0
2017-02-15,5,AUTOMOTIVE,5.0,0
2017-02-16,5,AUTOMOTIVE,4.0,0
2017-02-17,5,AUTOMOTIVE,4.0,0
2017-02-18,5,AUTOMOTIVE,10.0,0
2017-02-19,5,AUTOMOTIVE,5.0,0
2017-02-20,5,AUTOMOTIVE,4.0,0
2017-02-21,5,AUTOMOTIVE,2.0,0
2017-02-22,5,AUTOMOTIVE,3.0,0
2017-02-23,5,AUTOMOTIVE,5.0,0
2017-02-24,5,AUTOMOTIVE,7.0,0
2017-02-25,5,AUTOMOTIVE,10.0,0
2017-02-26,5,AUTOMOTIVE,6.0,0
2017-02-27,5,AUTOMOTIVE,4.0,0
2017-02-28,5,AUTOMOTIVE,7.0,0
2017-03-01,5,AUTOMOTIVE,15.0,0
2017-03-02,5,AUTOMOTIVE,4.0,0
2017-03-03,5,AUTOMOTIVE,6.0,0
2017-03-04,5,AUTOMOTIVE,12.0,0
2017-03-05,5,AUTOMOTIVE,10.0,0
2017-03-06,5,AUTOMOTIVE,7.0,0
2017-03-07,5,AUTOMOTIVE,4.0,0
2017-03-08,5,AUTOMOTIVE,4.0,0
2017-03-09,5,AUTOMOTIVE,5.0,0
2017-03-10,5,AUTOMOTIVE,5.0,0
2017-03-11,5,AUTOMOTIVE,5.0,0
2017-03-12,5,AUTOMOTIVE,5.0,0
2017-03-13,5,AUTOMOTIVE,6.0,0
2017-03-14,5,AUTOMOTIVE,5.0,0
2017-03-15,5,AUTOMOTIVE,5.0,0
2017-03-16,5,AUTOMOTIVE,3.0,0
2017-03-17,5,AUTOMOTIVE,8.0,0
2017-03-18,5,AUTOMOTIVE,3.0,0
2017-03-19,5,AUTOMOTIVE,6.0,0
2017-03-20,5,AUTOMOTIVE,9.0,0
2017-03-21,5,AUTOMOTIVE,0.0,0
2017-03-22,5,AUTOMOTIVE,5.0,0
2017-03-23,5,AUTOMOTIVE,6.0,0
2017-03-24,5,AUTOMOTIVE,10.0,0
2017-03-25,5,AUTOMOTIVE,11.0,0
2017-03-26,5,AUTOMOTIVE,6.0,0
2017-03-27,5,AUTOMOTIVE,8.0,0
2017-03-28,5,AUTOMOTIVE,7.0,0
2017-03-29,5,AUTOMOTIVE,3.0,0
2017-03-30,5,AUTOMOTIVE,4.0,0
2017-03-31,5,AUTOMOTIVE,6.0,0
2017-04-01,5,AUTOMOTIVE,4.0,0
2017-04-02,5,AUTOMOTIVE,5.0,0
2017-04-03,5,AUTOMOTIVE,6.0,0
2017-04-04,5,AUTOMOTIVE,5.0,0
2017-04-05,5,AUTOMOTIVE,9.0,0
2017-04-06,5,AUTOMOTIVE,7.0,0
2017-04-07,5,AUTOMOTIVE,9.0,0
2017-04-08,5,AUTOMOTIVE,6.0,0
2017-04-09,5,AUTOMOTIVE,10.0,0
2017-04-10,5,AUTOMOTIVE,6.0,0
2017-04-11,5,AUTOMOTIVE,5.0,0
2017-04-12,5,AUTOMOTIVE,2.0,0
2017-04-13,5,AUTOMOTIVE,6.0,0
2017-04-14,5,AUTOMOTIVE,9.0,0
2017-04-15,5,AUTOMOTIVE,18.0,0
2017-04-16,5,AUTOMOTIVE,10.0,0
2017-04-17,5,AUTOMOTIVE,8.0,0
2017-04-18,5,AUTOMOTIVE,7.0,0
2017-04-19,5,AUTOMOTIVE,5.0,0
2017-04-20,5,AUTOMOTIVE,4.0,0
2017-04-21,5,AUTOMOTIVE,4.0,0
2017-04-22,5,AUTOMOTIVE,10.0,0
2017-04-23,5,AUTOMOTIVE,9.0,0
2017-04-24,5,AUTOMOTIVE,6.0,0
2017-04-25,5,AUTOMOTIVE,8.0,0
2017-04-26,5,AUTOMOTIVE,7.0,0
2017-04-27,5,AUTOMOTIVE,5.0,0
2017-04-28,5,AUTOMOTIVE,4.0,0
2017-04-29,5,AUTOMOTIVE,17.0,0
2017-04-30,5,AUTOMOTIVE,8.0,0
2017-05-01,5,AUTOMOTIVE,12.0,0
2017-05-02,5,AUTOMOTIVE,5.0,0
2017-05-03,5,AUTOMOTIVE,9.0,0
2017-05-04,5,AUTOMOTIVE,9.0,0
2017-05-05,5,AUTOMOTIVE,4.0,0
2017-05-06,5,AUTOMOTIVE,7.0,0
2017-05-07,5,AUTOMOTIVE,15.0,0
2017-05-08,5,AUTOMOTIVE,5.0,0
2017-05-09,5,AUTOMOTIVE,10.0,0
2017-05-10,5,AUTOMOTIVE,9.0,0
2017-05-11,5,AUTOMOTIVE,10.0,0
2017-05-12,5,AUTOMOTIVE,8.0,0
2017-05-13,5,AUTOMOTIVE,4.0,0
2017-05-14,5,AUTOMOTIVE,4.0,0
2017-05-15,5,AUTOMOTIVE,5.0,0
2017-05-16,5,AUTOMOTIVE,3.0,0
2017-05-17,5,AUTOMOTIVE,7.0,0
2017-05-18,5,AUTOMOTIVE,7.0,0
2017-05-19,5,AUTOMOTIVE,3.0,0
2017-05-20,5,AUTOMOTIVE,7.0,0
2017-05-21,5,AUTOMOTIVE,6.0,0
2017-05-22,5,AUTOMOTIVE,2.0,0
2017-05-23,5,AUTOMOTIVE,7.0,0
2017-05-24,5,AUTOMOTIVE,5.0,0
2017-05-25,5,AUTOMOTIVE,7.0,0
2017-05-26,5,AUTOMOTIVE,3.0,0
2017-05-27,5,AUTOMOTIVE,5.0,0
2017-05-28,5,AUTOMOTIVE,9.0,0
2017-05-29,5,AUTOMOTIVE,3.0,0
2017-05-30,5,AUTOMOTIVE,0.0,0
2017-05-31,5,AUTOMOTIVE,2.0,0
2017-06-01,5,AUTOMOTIVE,6.0,0
2017-06-02,5,AUTOMOTIVE,5.0,0
2017-06-03,5,AUTOMOTIVE,6.0,0
2017-06-04,5,AUTOMOTIVE,13.0,0
2017-06-05,5,AUTOMOTIVE,6.0,0
2017-06-06,5,AUTOMOTIVE,3.0,0
2017-06-07,5,AUTOMOTIVE,8.0,0
2017-06-08,5,AUTOMOTIVE,9.0,0
2017-06-09,5,AUTOMOTIVE,10.0,0
2017-06-10,5,AUTOMOTIVE,5.0,0
2017-06-11,5,AUTOMOTIVE,9.0,0
2017-06-12,5,AUTOMOTIVE,7.0,0
2017-06-13,5,AUTOMOTIVE,5.0,0
2017-06-14,5,AUTOMOTIVE,3.0,0
2017-06-15,5,AUTOMOTIVE,8.0,0
2017-06-16,5,AUTOMOTIVE,4.0,0
2017-06-17,5,AUTOMOTIVE,11.0,0
2017-06-18,5,AUTOMOTIVE,8.0,0
2017-06-19,5,AUTOMOTIVE,3.0,0
2017-06-20,5,AUTOMOTIVE,7.0,0
2017-06-21,5,AUTOMOTIVE,5.0,0
2017-06-22,5,AUTOMOTIVE,5.0,0
2017-06-23,5,AUTOMOTIVE,8.0,0
2017-06-24,5,AUTOMOTIVE,9.0,0
2017-06-25,5,AUTOMOTIVE,10.0,0
2017-06-26,5,AUTOMOTIVE,9.0,0
2017-06-27,5,AUTOMOTIVE,5.0,0
2017-06-28,5,AUTOMOTIVE,6.0,0
2017-06-29,5,AUTOMOTIVE,8.0,0
2017-06-30,5,AUTOMOTIVE,8.0,0
2017-07-01,5,AUTOMOTIVE,5.0,0
2017-07-02,5,AUTOMOTIVE,10.0,0
2017-07-03,5,AUTOMOTIVE,8.0,0
2017-07-04,5,AUTOMOTIVE,9.0,0
2017-07-05,5,AUTOMOTIVE,4.0,0
2017-07-06,5,AUTOMOTIVE,9.0,0
2017-07-07,5,AUTOMOTIVE,4.0,1
2017-07-08,5,AUTOMOTIVE,8.0,0
2017-07-09,5,AUTOMOTIVE,5.0,0
2017-07-10,5,AUTOMOTIVE,7.0,0
2017-07-11,5,AUTOMOTIVE,3.0,0
2017-07-12,5,AUTOMOTIVE,5.0,0
2017-07-13,5,AUTOMOTIVE,5.0,0
2017-07-14,5,AUTOMOTIVE,2.0,0
2017-07-15,5,AUTOMOTIVE,5.0,0
2017-07-16,5,AUTOMOTIVE,10.0,0
2017-07-17,5,AUTOMOTIVE,12.0,0
2017-07-18,5,AUTOMOTIVE,9.0,0
2017-07-19,5,AUTOMOTIVE,2.0,0
2017-07-20,5,AUTOMOTIVE,4.0,0
2017-07-21,5,AUTOMOTIVE,4.0,0
2017-07-22,5,AUTOMOTIVE,5.0,0
2017-07-23,5,AUTOMOTIVE,7.0,0
2017-07-24,5,AUTOMOTIVE,3.0,0
2017-07-25,5,AUTOMOTIVE,7.0,0
2017-07-26,5,AUTOMOTIVE,5.0,0
2017-07-27,5,AUTOMOTIVE,6.0,0
2017-07-28,5,AUTOMOTIVE,3.0,0
2017-07-29,5,AUTOMOTIVE,5.0,0
2017-07-30,5,AUTOMOTIVE,4.0,0
2017-07-31,5,AUTOMOTIVE,3.0,0
2017-01-01,5,BABY CARE,0.0,0
2017-01-02,5,BABY CARE,0.0,0
2017-01-03,5,BABY CARE,0.0,0
2017-01-04,5,BABY CARE,0.0,0
2017-01-05,5,BABY CARE,0.0,0
2017-01-06,5,BABY CARE,0.0,0
2017-01-07,5,BABY CARE,0.0,0
2017-01-08,5,BABY CARE,0.0,0
2017-01-09,5,BABY CARE,1.0,0
2017-01-10,5,BABY CARE,0.0,0
2017-01-11,5,BABY CARE,1.0,0
2017-01-12,5,BABY CARE,3.0,0
2017-01-13,5,BABY CARE,2.0,0
2017-01-14,5,BABY CARE,1.0,1
2017-01-15,5,BABY CARE,1.0,0
2017-01-16,5,BABY CARE,1.0,0
2017-01-17,5,BABY CARE,3.0,0
2017-01-18,5,BABY CARE,0.0,0
2017-01-19,5,BABY CARE,1.0,0
2017-01-20,5,BABY CARE,1.0,0
2017-01-21,5,BABY CARE,0.0,0
2017-01-22,5,BABY CARE,1.0,0
2017-01-23,5,BABY CARE,0.0,0
2017-01-24,5,BABY CARE,1.0,0
2017-01-25,5,BABY CARE,0.0,0
2017-01-26,5,BABY CARE,1.0,0
2017-01-27,5,BABY CARE,0.0,0
2017-01-28,5,BABY CARE,0.0,0
2017-01-29,5,BABY CARE,3.0,0
2017-01-30,5,BABY CARE,3.0,0
2017-01-31,5,BABY CARE,0.0,0
2017-02-01,5,BABY CARE,2.0,0
2017-02-02,5,BABY CARE,0.0,0
2017-02-03,5,BABY CARE,1.0,0
2017-02-04,5,BABY CARE,3.0,0
2017-02-05,5,BABY CARE,1.0,0
2017-02-06,5,BABY CARE,2.0,0
2017-02-07,5,BABY CARE,0.0,0
2017-02-08,5,BABY CARE,1.0,0
2017-02-09,5,BABY CARE,0.0,0
2017-02-10,5,BABY CARE,0.0,0
2017-02-11,5,BABY CARE,0.0,0
2017-02-12,5,BABY CARE,1.0,0
2017-02-13,5,BABY CARE,1.0,0
2017-02-14,5,BABY CARE,0.0,0
2017-02-15,5,BABY CARE,0.0,0
2017-02-16,5,BABY CARE,0.0,0
2017-02-17,5,BABY CARE,0.0,0
2017-02-18,5,BABY CARE,0.0,0
2017-02-19,5,BABY CARE,0.0,0
2017-02-20,5,BABY CARE,0.0,0
2017-02-21,5,BABY CARE,0.0,0
2017-02-22,5,BABY CARE,0.0,0
2017-02-23,5,BABY CARE,0.0,0
2017-02-24,5,BABY CARE,0.0,0
2017-02-25,5,BABY CARE,0.0,0
2017-02-26,5,BABY CARE,0.0,0
2017-02-27,5,BABY CARE,0.0,0
2017-02-28,5,BABY CARE,0.0,0
2017-03-01,5,BABY CARE,0.0,0
2017-03-02,5,BABY CARE,0.0,0
2017-03-03,5,BABY CARE,0.0,0
2017-03-04,5,BABY CARE,0.0,0
2017-03-05,5,BABY CARE,0.0,0
2017-03-06,5,BABY CARE,0.0,0
2017-03-07,5,BABY CARE,0.0,0
2017-03-08,5,BABY CARE,0.0,0
2017-03-09,5,BABY CARE,0.0,0
2017-03-10,5,BABY CARE,0.0,0
2017-03-11,5,BABY CARE,0.0,0
2017-03-12,5,BABY CARE,0.0,0
2017-03-13,5,BABY CARE,0.0,0
2017-03-14,5,BABY CARE,0.0,0
2017-03-15,5,BABY CARE,0.0,0
2017-03-16,5,BABY CARE,0.0,0
2017-03-17,5,BABY CARE,0.0,0
2017-03-18,5,BABY CARE,0.0,0
2017-03-19,5,BABY CARE,0.0,0
2017-03-20,5,BABY CARE,0.0,0
2017-03-21,5,BABY CARE,0.0,0
2017-03-22,5,BABY CARE,0.0,0
2017-03-23,5,BABY CARE,0.0,0
2017-03-24,5,BABY CARE,0.0,0
2017-03-25,5,BABY CARE,0.0,0
2017-03-26,5,BABY CARE,0.0,0
2017-03-27,5,BABY CARE,0.0,0
2017-03-28,5,BABY CARE,0.0,0
2017-03-29,5,BABY CARE,0.0,0
2017-03-30,5,BABY CARE,0.0,0
2017-03-31,5,BABY CARE,0.0,0
2017-04-01,5,BABY CARE,0.0,0
2017-04-02,5,BABY CARE,0.0,0
2017-04-03,5,BABY CARE,0.0,0
2017-04-04,5,BABY CARE,0.0,0
2017-04-05,5,BABY CARE,0.0,0
2017-04-06,5,BABY CARE,0.0,0
2017-04-07,5,BABY CARE,0.0,0
2017-04-08,5,BABY CARE,0.0,0
2017-04-09,5,BABY CARE,0.0,0
2017-04-10,5,BABY CARE,0.0,0
2017-04-11,5,BABY CARE,0.0,0
2017-04-12,5,BABY CARE,0.0,0
2017-04-13,5,BABY CARE,0.0,0
2017-04-14,5,BABY CARE,0.0,0
2017-04-15,5,BABY CARE,0.0,0
2017-04-16,5,BABY CARE,0.0,0
2017-04-17,5,BABY CARE,0.0,0
2017-04-18,5,BABY CARE,0.0,0
2017-04-19,5,BABY CARE,0.0,0
2017-04-20,5,BABY CARE,0.0,0
2017-04-21,5,BABY CARE,0.0,0
2017-04-22,5,BABY CARE,0.0,0
2017-04-23,5,BABY CARE,0.0,0
2017-04-24,5,BABY CARE,0.0,0
2017-04-25,5,BABY CARE,0.0,0
2017-04-26,5,BABY CARE,0.0,0
2017-04-27,5,BABY CARE,0.0,0
2017-04-28,5,BABY CARE,0.0,0
2017-04-29,5,BABY CARE,0.0,0
2017-04-30,5,BABY CARE,0.0,0
2017-05-01,5,BABY CARE,0.0,0
2017-05-02,5,BABY CARE,0.0,0
2017-05-03,5,BABY CARE,0.0,0
2017-05-04,5,BABY CARE,1.0,0
2017-05-05,5,BABY CARE,0.0,0
2017-05-06,5,BABY CARE,1.0,0
2017-05-07,5,BABY CARE,1.0,0
2017-05-08,5,BABY CARE,1.0,0
2017-05-09,5,BABY CARE,0.0,0
2017-05-10,5,BABY CARE,4.0,0
2017-05-11,5,BABY CARE,1.0,0
2017-05-12,5,BABY CARE,0.0,0
2017-05-13,5,BABY CARE,1.0,0
2017-05-14,5,BABY CARE,2.0,0
2017-05-15,5,BABY CARE,0.0,0
2017-05-16,5,BABY CARE,0.0,0
2017-05-17,5,BABY CARE,0.0,0
2017-05-18,5,BABY CARE,0.0,0
2017-05-19,5,BABY CARE,0.0,0
2017-05-20,5,BABY CARE,0.0,0
2017-05-21,5,BABY CARE,0.0,0
2017-05-22,5,BABY CARE,0.0,0
2017-05-23,5,BABY CARE,0.0,0
2017-05-24,5,BABY CARE,0.0,0
2017-05-25,5,BABY CARE,0.0,0
2017-05-26,5,BABY CARE,0.0,0
2017-05-27,5,BABY CARE,0.0,0
2017-05-28,5,BABY CARE,0.0,0
2017-05-29,5,BABY CARE,0.0,0
2017-05-30,5,BABY CARE,0.0,0
2017-05-31,5,BABY CARE,0.0,0
2017-06-01,5,BABY CARE,2.0,0
2017-06-02,5,BABY CARE,0.0,0
2017-06-03,5,BABY CARE,0.0,0
2017-06-04,5,BABY CARE,0.0,0
2017-06-05,5,BABY CARE,0.0,0
2017-06-06,5,BABY CARE,0.0,0
2017-06-07,5,BABY CARE,0.0,0
2017-06-08,5,BABY CARE,2.0,0
2017-06-09,5,BABY CARE,1.0,0
2017-06-10,5,BABY CARE,0.0,0
2017-06-11,5,BABY CARE,0.0,0
2017-06-12,5,BABY CARE,0.0,0
2017-06-13,5,BABY CARE,0.0,0
2017-06-14,5,BABY CARE,0.0,0
2017-06-15,5,BABY CARE,0.0,0
2017-06-16,5,BABY CARE,0.0,0
2017-06-17,5,BABY CARE,0.0,0
2017-06-18,5,BABY CARE,1.0,0
2017-06-19,5,BABY CARE,0.0,0
2017-06-20,5,BABY CARE,0.0,0
2017-06-21,5,BABY CARE,0.0,0
2017-06-22,5,BABY CARE,0.0,0
2017-06-23,5,BABY CARE,0.0,0
2017-06-24,5,BABY CARE,0.0,0
2017-06-25,5,BABY CARE,2.0,0
2017-06-26,5,BABY CARE,1.0,0
2017-06-27,5,BABY CARE,1.0,0
2017-06-28,5,BABY CARE,1.0,0
2017-06-29,5,BABY CARE,1.0,0
2017-06-30,5,BABY CARE,0.0,0
2017-07-01,5,BABY CARE,0.0,0
2017-07-02,5,BABY CARE,0.0,0
2017-07-03,5,BABY CARE,0.0,0
2017-07-04,5,BABY CARE,0.0,0
2017-07-05,5,BABY CARE,0.0,0
2017-07-06,5,BABY CARE,0.0,0
2017-07-07,5,BABY CARE,0.0,0
2017-07-08,5,BABY CARE,0.0,0
2017-07-09,5,BABY CARE,0.0,0
2017-07-10,5,BABY CARE,0.0,0
2017-07-11,5,BABY CARE,0.0,0
2017-07-12,5,BABY CARE,0.0,0
2017-07-13,5,BABY CARE,0.0,0
2017-07-14,5,BABY CARE,0.0,0
2017-07-15,5,BABY CARE,0.0,0
2017-07-16,5,BABY CARE,0.0,0
2017-07-17,5,BABY CARE,0.0,0
2017-07-18,5,BABY CARE,0.0,0
2017-07-19,5,BABY CARE,0.0,0
2017-07-20,5,BABY CARE,0.0,0
2017-07-21,5,BABY CARE,0.0,0
2017-07-22,5,BABY CARE,0.0,0
2017-07-23,5,BABY CARE,1.0,0
2017-07-24,5,BABY CARE,1.0,0
2017-07-25,5,BABY CARE,0.0,0
2017-07-26,5,BABY CARE,1.0,0
2017-07-27,5,BABY CARE,0.0,0
2017-07-28,5,BABY CARE,0.0,0
2017-07-29,5,BABY CARE,2.0,0
2017-07-30,5,BABY CARE,0.0,0
2017-07-31,5,BABY CARE,0.0,0
2017-01-01,5,BEAUTY,0.0,0
2017-01-02,5,BEAUTY,15.0,1
2017-01-03,5,BEAUTY,6.0,1
2017-01-04,5,BEAUTY,9.0,0
2017-01-05,5,BEAUTY,10.0,1
2017-01-06,5,BEAUTY,23.0,1
2017-01-07,5,BEAUTY,11.0,2
2017-01-08,5,BEAUTY,15.0,2
2017-01-09,5,BEAUTY,7.0,1
2017-01-10,5,BEAUTY,10.0,1
2017-01-11,5,BEAUTY,8.0,1
2017-01-12,5,BEAUTY,2.0,0
2017-01-13,5,BEAUTY,7.0,0
2017-01-14,5,BEAUTY,4.0,0
2017-01-15,5,BEAUTY,14.0,1
2017-01-16,5,BEAUTY,6.0,1
2017-01-17,5,BEAUTY,8.0,2
2017-01-18,5,BEAUTY,5.0,1
2017-01-19,5,BEAUTY,4.0,2
2017-01-20,5,BEAUTY,4.0,0
2017-01-21,5,BEAUTY,11.0,2
2017-01-22,5,BEAUTY,7.0,1
2017-01-23,5,BEAUTY,7.0,2
2017-01-24,5,BEAUTY,4.0,0
2017-01-25,5,BEAUTY,6.0,0
2017-01-26,5,BEAUTY,12.0,1
2017-01-27,5,BEAUTY,3.0,0
2017-01-28,5,BEAUTY,7.0,1
2017-01-29,5,BEAUTY,13.0,1
2017-01-30,5,BEAUTY,6.0,1
2017-01-31,5,BEAUTY,7.0,1
2017-02-01,5,BEAUTY,3.0,0
2017-02-02,5,BEAUTY,10.0,1
2017-02-03,5,BEAUTY,6.0,1
2017-02-04,5,BEAUTY,12.0,1
2017-02-05,5,BEAUTY,5.0,0
2017-02-06,5,BEAUTY,6.0,1
2017-02-07,5,BEAUTY,14.0,1
2017-02-08,5,BEAUTY,4.0,1
2017-02-09,5,BEAUTY,3.0,0
2017-02-10,5,BEAUTY,2.0,1
2017-02-11,5,BEAUTY,9.0,2
2017-02-12,5,BEAUTY,8.0,2
2017-02-13,5,BEAUTY,5.0,1
2017-02-14,5,BEAUTY,3.0,1
2017-02-15,5,BEAUTY,11.0,1
2017-02-16,5,BEAUTY,2.0,0
2017-02-17,5,BEAUTY,9.0,1
2017-02-18,5,BEAUTY,8.0,1
2017-02-19,5,BEAUTY,7.0,1
2017-02-20,5,BEAUTY,6.0,1
2017-02-21,5,BEAUTY,5.0,1
2017-02-22,5,BEAUTY,8.0,1
2017-02-23,5,BEAUTY,6.0,1
2017-02-24,5,BEAUTY,6.0,1
2017-02-25,5,BEAUTY,8.0,1
2017-02-26,5,BEAUTY,5.0,1
2017-02-27,5,BEAUTY,4.0,1
2017-02-28,5,BEAUTY,9.0,1
2017-03-01,5,BEAUTY,6.0,1
2017-03-02,5,BEAUTY,5.0,1
2017-03-03,5,BEAUTY,7.0,1
2017-03-04,5,BEAUTY,6.0,1
2017-03-05,5,BEAUTY,5.0,1
2017-03-06,5,BEAUTY,6.0,1
2017-03-07,5,BEAUTY,5.0,1
2017-03-08,5,BEAUTY,5.0,1
2017-03-09,5,BEAUTY,6.0,0
2017-03-10,5,BEAUTY,3.0,0
2017-03-11,5,BEAUTY,6.0,0
2017-03-12,5,BEAUTY,2.0,0
2017-03-13,5,BEAUTY,1.0,0
2017-03-14,5,BEAUTY,4.0,0
2017-03-15,5,BEAUTY,5.0,0
2017-03-16,5,BEAUTY,2.0,0
2017-03-17,5,BEAUTY,1.0,0
2017-03-18,5,BEAUTY,5.0,0
2017-03-19,5,BEAUTY,3.0,0
2017-03-20,5,BEAUTY,6.0,0
2017-03-21,5,BEAUTY,5.0,0
2017-03-22,5,BEAUTY,4.0,0
2017-03-23,5,BEAUTY,1.0,0
2017-03-24,5,BEAUTY,7.0,0
2017-03-25,5,BEAUTY,5.0,0
2017-03-26,5,BEAUTY,6.0,0
2017-03-27,5,BEAUTY,5.0,0
2017-03-28,5,BEAUTY,5.0,1
2017-03-29,5,BEAUTY,5.0,0
2017-03-30,5,BEAUTY,9.0,0
2017-03-31,5,BEAUTY,7.0,0
2017-04-01,5,BEAUTY,12.0,0
2017-04-02,5,BEAUTY,9.0,0
2017-04-03,5,BEAUTY,3.0,0
2017-04-04,5,BEAUTY,10.0,1
2017-04-05,5,BEAUTY,3.0,0
2017-04-06,5,BEAUTY,5.0,0
2017-04-07,5,BEAUTY,4.0,0
2017-04-08,5,BEAUTY,8.0,0
2017-04-09,5,BEAUTY,4.0,0
2017-04-10,5,BEAUTY,5.0,0
2017-04-11,5,BEAUTY,5.0,0
2017-04-12,5,BEAUTY,5.0,0
2017-04-13,5,BEAUTY,3.0,0
2017-04-14,5,BEAUTY,3.0,0
2017-04-15,5,BEAUTY,6.0,0
2017-04-16,5,BEAUTY,8.0,0
2017-04-17,5,BEAUTY,0.0,0
2017-04-18,5,BEAUTY,5.0,0
2017-04-19,5,BEAUTY,2.0,0
2017-04-20,5,BEAUTY,2.0,0
2017-04-21,5,BEAUTY,4.0,0
2017-04-22,5,BEAUTY,8.0,0
2017-04-23,5,BEAUTY,12.0,0
2017-04-24,5,BEAUTY,5.0,0
2017-04-25,5,BEAUTY,3.0,0
2017-04-26,5,BEAUTY,2.0,0
2017-04-27,5,BEAUTY,4.0,0
2017-04-28,5,BEAUTY,3.0,0
2017-04-29,5,BEAUTY,6.0,0
2017-04-30,5,BEAUTY,6.0,0
2017-05-01,5,BEAUTY,9.0,0
2017-05-02,5,BEAUTY,4.0,0
2017-05-03,5,BEAUTY,3.0,0
2017-05-04,5,BEAUTY,4.0,0
2017-05-05,5,BEAUTY,3.0,1
2017-05-06,5,BEAUTY,3.0,0
2017-05-07,5,BEAUTY,6.0,1
2017-05-08,5,BEAUTY,3.0,0
2017-05-09,5,BEAUTY,1.0,1
2017-05-10,5,BEAUTY,5.0,1
2017-05-11,5,BEAUTY,2.0,0
2017-05-12,5,BEAUTY,2.0,0
2017-05-13,5,BEAUTY,4.0,1
2017-05-14,5,BEAUTY,3.0,1
2017-05-15,5,BEAUTY,5.0,1
2017-05-16,5,BEAUTY,6.0,1
2017-05-17,5,BEAUTY,2.0,1
2017-05-18,5,BEAUTY,5.0,1
2017-05-19,5,BEAUTY,5.0,1
2017-05-20,5,BEAUTY,3.0,0
2017-05-21,5,BEAUTY,8.0,1
2017-05-22,5,BEAUTY,5.0,1
2017-05-23,5,BEAUTY,3.0,1
2017-05-24,5,BEAUTY,12.0,1
2017-05-25,5,BEAUTY,10.0,0
2017-05-26,5,BEAUTY,8.0,1
2017-05-27,5,BEAUTY,10.0,1
2017-05-28,5,BEAUTY,8.0,1
2017-05-29,5,BEAUTY,6.0,1
2017-05-30,5,BEAUTY,3.0,0
2017-05-31,5,BEAUTY,5.0,0
2017-06-01,5,BEAUTY,10.0,0
2017-06-02,5,BEAUTY,7.0,1
2017-06-03,5,BEAUTY,8.0,1
2017-06-04,5,BEAUTY,12.0,1
2017-06-05,5,BEAUTY,3.0,0
2017-06-06,5,BEAUTY,3.0,1
2017-06-07,5,BEAUTY,7.0,1
2017-06-08,5,BEAUTY,7.0,1
2017-06-09,5,BEAUTY,6.0,0
2017-06-10,5,BEAUTY,7.0,0
2017-06-11,5,BEAUTY,4.0,1
2017-06-12,5,BEAUTY,4.0,0
2017-06-13,5,BEAUTY,4.0,0
2017-06-14,5,BEAUTY,3.0,0
2017-06-15,5,BEAUTY,4.0,2
2017-06-16,5,BEAUTY,1.0,1
2017-06-17,5,BEAUTY,4.0,1
2017-06-18,5,BEAUTY,6.0,1
2017-06-19,5,BEAUTY,8.0,1
2017-06-20,5,BEAUTY,6.0,1
2017-06-21,5,BEAUTY,5.0,1
2017-06-22,5,BEAUTY,1.0,0
2017-06-23,5,BEAUTY,3.0,1
2017-06-24,5,BEAUTY,4.0,1
2017-06-25,5,BEAUTY,5.0,1
2017-06-26,5,BEAUTY,7.0,1
2017-06-27,5,BEAUTY,5.0,0
2017-06-28,5,BEAUTY,8.0,1
2017-06-29,5,BEAUTY,6.0,1
2017-06-30,5,BEAUTY,6.0,1
2017-07-01,5,BEAUTY,4.0,0
2017-07-02,5,BEAUTY,6.0,0
2017-07-03,5,BEAUTY,5.0,0
2017-07-04,5,BEAUTY,8.0,0
2017-07-05,5,BEAUTY,2.0,0
2017-07-06,5,BEAUTY,3.0,0
2017-07-07,5,BEAUTY,4.0,0
2017-07-08,5,BEAUTY,3.0,0
2017-07-09,5,BEAUTY,14.0,0
2017-07-10,5,BEAUTY,4.0,0
2017-07-11,5,BEAUTY,7.0,1
2017-07-12,5,BEAUTY,6.0,1
2017-07-13,5,BEAUTY,8.0,1
2017-07-14,5,BEAUTY,3.0,1
2017-07-15,5,BEAUTY,5.0,1
2017-07-16,5,BEAUTY,7.0,1
2017-07-17,5,BEAUTY,4.0,1
2017-07-18,5,BEAUTY,5.0,1
2017-07-19,5,BEAUTY,4.0,1
2017-07-20,5,BEAUTY,8.0,1
2017-07-21,5,BEAUTY,4.0,1
2017-07-22,5,BEAUTY,3.0,1
2017-07-23,5,BEAUTY,16.0,1
2017-07-24,5,BEAUTY,9.0,1
2017-07-25,5,BEAUTY,5.0,1
2017-07-26,5,BEAUTY,6.0,1
2017-07-27,5,BEAUTY,1.0,0
2017-07-28,5,BEAUTY,2.0,0
2017-07-29,5,BEAUTY,5.0,0
2017-07-30,5,BEAUTY,2.0,0
2017-07-31,5,BEAUTY,7.0,0
2017-01-01,5,BEVERAGES,0.0,0
2017-01-02,5,BEVERAGES,2473.0,57
2017-01-03,5,BEVERAGES,2377.0,52
2017-01-04,5,BEVERAGES,2214.0,60
2017-01-05,5,BEVERAGES,1921.0,32
2017-01-06,5,BEVERAGES,2600.0,30
2017-01-07,5,BEVERAGES,2269.0,37
2017-01-08,5,BEVERAGES,2564.0,40
2017-01-09,5,BEVERAGES,2388.0,32
2017-01-10,5,BEVERAGES,1695.0,39
2017-01-11,5,BEVERAGES,1934.0,37
2017-01-12,5,BEVERAGES,1785.0,33
2017-01-13,5,BEVERAGES,1866.0,39
2017-01-14,5,BEVERAGES,2264.0,38
2017-01-15,5,BEVERAGES,2812.0,46
2017-01-16,5,BEVERAGES,2028.0,40
2017-01-17,5,BEVERAGES,1847.0,39
2017-01-18,5,BEVERAGES,1853.0,37
2017-01-19,5,BEVERAGES,1765.0,42
2017-01-20,5,BEVERAGES,1755.0,48
2017-01-21,5,BEVERAGES,2365.0,41
2017-01-22,5,BEVERAGES,2961.0,39
2017-01-23,5,BEVERAGES,2139.0,36
2017-01-24,5,BEVERAGES,1972.0,36
2017-01-25,5,BEVERAGES,1857.0,41
2017-01-26,5,BEVERAGES,1081.0,25
2017-01-27,5,BEVERAGES,1616.0,31
2017-01-28,5,BEVERAGES,1900.0,33
2017-01-29,5,BEVERAGES,2045.0,32
2017-01-30,5,BEVERAGES,1856.0,34
2017-01-31,5,BEVERAGES,1563.0,29
2017-02-01,5,BEVERAGES,2005.0,28
2017-02-02,5,BEVERAGES,1446.0,23
2017-02-03,5,BEVERAGES,1586.0,25
2017-02-04,5,BEVERAGES,2601.0,35
2017-02-05,5,BEVERAGES,2508.0,28
2017-02-06,5,BEVERAGES,1717.0,28
2017-02-07,5,BEVERAGES,1693.0,22
2017-02-08,5,BEVERAGES,1744.0,29
2017-02-09,5,BEVERAGES,1367.0,13
2017-02-10,5,BEVERAGES,1627.0,14
2017-02-11,5,BEVERAGES,2032.0,14
2017-02-12,5,BEVERAGES,2471.0,16
2017-02-13,5,BEVERAGES,1896.0,14
2017-02-14,5,BEVERAGES,1606.0,12
2017-02-15,5,BEVERAGES,1861.0,19
2017-02-16,5,BEVERAGES,1387.0,11
2017-02-17,5,BEVERAGES,1584.0,12
2017-02-18,5,BEVERAGES,2354.0,16
2017-02-19,5,BEVERAGES,2512.0,14
2017-02-20,5,BEVERAGES,1758.0,15
2017-02-21,5,BEVERAGES,1618.0,17
2017-02-22,5,BEVERAGES,1823.0,15
2017-02-23,5,BEVERAGES,1673.0,11
2017-02-24,5,BEVERAGES,1799.0,13
2017-02-25,5,BEVERAGES,2476.0,10
2017-02-26,5,BEVERAGES,1628.0,12
2017-02-27,5,BEVERAGES,1334.0,9
2017-02-28,5,BEVERAGES,1758.0,15
2017-03-01,5,BEVERAGES,2477.0,17
2017-03-02,5,BEVERAGES,1864.0,15
2017-03-03,5,BEVERAGES,1983.0,13
2017-03-04,5,BEVERAGES,1990.0,15
2017-03-05,5,BEVERAGES,2389.0,14
2017-03-06,5,BEVERAGES,2132.0,14
2017-03-07,5,BEVERAGES,1546.0,7
2017-03-08,5,BEVERAGES,1748.0,8
2017-03-09,5,BEVERAGES,1770.0,28
2017-03-10,5,BEVERAGES,1926.0,32
2017-03-11,5,BEVERAGES,2058.0,31
2017-03-12,5,BEVERAGES,2493.0,31
2017-03-13,5,BEVERAGES,2337.0,30
2017-03-14,5,BEVERAGES,2107.0,30
2017-03-15,5,BEVERAGES,2196.0,28
2017-03-16,5,BEVERAGES,2182.0,31
2017-03-17,5,BEVERAGES,2530.0,28
2017-03-18,5,BEVERAGES,3191.0,35
2017-03-19,5,BEVERAGES,3003.0,31
2017-03-20,5,BEVERAGES,3058.0,31
2017-03-21,5,BEVERAGES,2909.0,31
2017-03-22,5,BEVERAGES,2069.0,28
2017-03-23,5,BEVERAGES,2084.0,22
2017-03-24,5,BEVERAGES,2520.0,23
2017-03-25,5,BEVERAGES,2347.0,23
2017-03-26,5,BEVERAGES,2759.0,23
2017-03-27,5,BEVERAGES,2390.0,25
2017-03-28,5,BEVERAGES,1855.0,22
2017-03-29,5,BEVERAGES,2432.0,25
2017-03-30,5,BEVERAGES,1423.0,7
2017-03-31,5,BEVERAGES,1767.0,9
2017-04-01,5,BEVERAGES,2329.0,10
2017-04-02,5,BEVERAGES,2387.0,9
2017-04-03,5,BEVERAGES,1692.0,8
2017-04-04,5,BEVERAGES,1868.0,8
2017-04-05,5,BEVERAGES,1773.0,6
2017-04-06,5,BEVERAGES,1537.0,8
2017-04-07,5,BEVERAGES,1659.0,6
2017-04-08,5,BEVERAGES,1830.0,8
2017-04-09,5,BEVERAGES,1958.0,9
2017-04-10,5,BEVERAGES,1699.0,12
2017-04-11,5,BEVERAGES,1465.0,8
2017-04-12,5,BEVERAGES,1613.0,21
2017-04-13,5,BEVERAGES,1703.0,23
2017-04-14,5,BEVERAGES,1701.0,24
2017-04-15,5,BEVERAGES,1634.0,23
2017-04-16,5,BEVERAGES,1997.0,22
2017-04-17,5,BEVERAGES,1969.0,23
2017-04-18,5,BEVERAGES,1851.0,23
2017-04-19,5,BEVERAGES,1489.0,27
2017-04-20,5,BEVERAGES,1458.0,21
2017-04-21,5,BEVERAGES,1499.0,32
2017-04-22,5,BEVERAGES,1944.0,33
2017-04-23,5,BEVERAGES,2512.0,38
2017-04-24,5,BEVERAGES,2062.0,33
2017-04-25,5,BEVERAGES,1634.0,41
2017-04-26,5,BEVERAGES,1789.0,32
2017-04-27,5,BEVERAGES,1453.0,29
2017-04-28,5,BEVERAGES,2015.0,36
2017-04-29,5,BEVERAGES,2202.0,39
2017-04-30,5,BEVERAGES,2668.0,40
2017-05-01,5,BEVERAGES,2717.0,40
2017-05-02,5,BEVERAGES,2080.0,30
2017-05-03,5,BEVERAGES,2094.0,38
2017-05-04,5,BEVERAGES,1918.0,23
2017-05-05,5,BEVERAGES,1725.0,22
2017-05-06,5,BEVERAGES,2178.0,17
2017-05-07,5,BEVERAGES,2759.0,23
2017-05-08,5,BEVERAGES,1685.0,19
2017-05-09,5,BEVERAGES,1686.0,15
2017-05-10,5,BEVERAGES,1774.0,36
2017-05-11,5,BEVERAGES,1400.0,28
2017-05-12,5,BEVERAGES,1763.0,27
2017-05-13,5,BEVERAGES,2287.0,27
2017-05-14,5,BEVERAGES,2225.0,28
2017-05-15,5,BEVERAGES,2042.0,26
2017-05-16,5,BEVERAGES,1896.0,28
2017-05-17,5,BEVERAGES,2010.0,29
2017-05-18,5,BEVERAGES,1599.0,25
2017-05-19,5,BEVERAGES,1717.0,27
2017-05-20,5,BEVERAGES,1788.0,22
2017-05-21,5,BEVERAGES,2585.0,23
2017-05-22,5,BEVERAGES,1981.0,32
2017-05-23,5,BEVERAGES,1716.0,21
2017-05-24,5,BEVERAGES,1621.0,20
2017-05-25,5,BEVERAGES,1638.0,23
2017-05-26,5,BEVERAGES,2062.0,30
2017-05-27,5,BEVERAGES,1836.0,27
2017-05-28,5,BEVERAGES,2242.0,33
2017-05-29,5,BEVERAGES,1956.0,31
2017-05-30,5,BEVERAGES,1978.0,27
2017-05-31,5,BEVERAGES,2000.0,26
2017-06-01,5,BEVERAGES,1622.0,7
2017-06-02,5,BEVERAGES,2817.0,26
2017-06-03,5,BEVERAGES,2497.0,21
2017-06-04,5,BEVERAGES,3390.0,25
2017-06-05,5,BEVERAGES,2085.0,28
2017-06-06,5,BEVERAGES,1873.0,23
2017-06-07,5,BEVERAGES,1772.0,25
2017-06-08,5,BEVERAGES,1734.0,25
2017-06-09,5,BEVERAGES,2066.0,26
2017-06-10,5,BEVERAGES,2208.0,26
2017-06-11,5,BEVERAGES,2662.0,29
2017-06-12,5,BEVERAGES,1968.0,28
2017-06-13,5,BEVERAGES,1709.0,25
2017-06-14,5,BEVERAGES,1617.0,24
2017-06-15,5,BEVERAGES,2004.0,21
2017-06-16,5,BEVERAGES,1977.0,21
2017-06-17,5,BEVERAGES,2016.0,22
2017-06-18,5,BEVERAGES,2408.0,28
2017-06-19,5,BEVERAGES,1915.0,19
2017-06-20,5,BEVERAGES,1828.0,18
2017-06-21,5,BEVERAGES,1819.0,40
2017-06-22,5,BEVERAGES,1396.0,25
2017-06-23,5,BEVERAGES,1739.0,24
2017-06-24,5,BEVERAGES,1889.0,25
2017-06-25,5,BEVERAGES,2069.0,26
2017-06-26,5,BEVERAGES,1972.0,24
2017-06-27,5,BEVERAGES,1446.0,26
2017-06-28,5,BEVERAGES,1454.0,24
2017-06-29,5,BEVERAGES,1267.0,24
2017-06-30,5,BEVERAGES,1677.0,24
2017-07-01,5,BEVERAGES,1776.0,26
2017-07-02,5,BEVERAGES,2200.0,31
2017-07-03,5,BEVERAGES,2191.0,29
2017-07-04,5,BEVERAGES,2033.0,27
2017-07-05,5,BEVERAGES,1981.0,45
2017-07-06,5,BEVERAGES,1774.0,38
2017-07-07,5,BEVERAGES,1562.0,35
2017-07-08,5,BEVERAGES,2271.0,41
2017-07-09,5,BEVERAGES,2504.0,41
2017-07-10,5,BEVERAGES,1827.0,39
2017-07-11,5,BEVERAGES,1624.0,35
2017-07-12,5,BEVERAGES,1502.0,50
2017-07-13,5,BEVERAGES,1386.0,39
2017-07-14,5,BEVERAGES,2035.0,41
2017-07-15,5,BEVERAGES,2176.0,48
2017-07-16,5,BEVERAGES,2578.0,50
2017-07-17,5,BEVERAGES,2051.0,39
2017-07-18,5,BEVERAGES,1497.0,42
2017-07-19,5,BEVERAGES,1875.0,41
2017-07-20,5,BEVERAGES,1646.0,35
2017-07-21,5,BEVERAGES,1675.0,32
2017-07-22,5,BEVERAGES,2169.0,26
2017-07-23,5,BEVERAGES,2874.0,29
2017-07-24,5,BEVERAGES,2161.0,25
2017-07-25,5,BEVERAGES,1489.0,23
2017-07-26,5,BEVERAGES,1981.0,23
2017-07-27,5,BEVERAGES,1652.0,24
2017-07-28,5,BEVERAGES,1689.0,22
2017-07-29,5,BEVERAGES,2319.0,29
2017-07-30,5,BEVERAGES,2850.0,30
2017-07-31,5,BEVERAGES,2063.0,26
2017-01-01,5,BOOKS,0.0,0
2017-01-02,5,BOOKS,2.0,0
2017-01-03,5,BOOKS,5.0,0
2017-01-04,5,BOOKS,3.0,0
2017-01-05,5,BOOKS,1.0,0
2017-01-06,5,BOOKS,1.0,0
2017-01-07,5,BOOKS,1.0,0
2017-01-08,5,BOOKS,3.0,0
2017-01-09,5,BOOKS,0.0,0
2017-01-10,5,BOOKS,3.0,0
2017-01-11,5,BOOKS,1.0,0
2017-01-12,5,BOOKS,1.0,0
2017-01-13,5,BOOKS,1.0,0
2017-01-14,5,BOOKS,2.0,0
2017-01-15,5,BOOKS,1.0,0
2017-01-16,5,BOOKS,1.0,0
2017-01-17,5,BOOKS,1.0,0
2017-01-18,5,BOOKS,0.0,0
2017-01-19,5,BOOKS,3.0,0
2017-01-20,5,BOOKS,0.0,0
2017-01-21,5,BOOKS,0.0,0
2017-01-22,5,BOOKS,2.0,0
2017-01-23,5,BOOKS,0.0,0
2017-01-24,5,BOOKS,0.0,0
2017-01-25,5,BOOKS,1.0,0
2017-01-26,5,BOOKS,1.0,0
2017-01-27,5,BOOKS,3.0,0
2017-01-28,5,BOOKS,1.0,0
2017-01-29,5,BOOKS,1.0,0
2017-01-30,5,BOOKS,0.0,0
2017-01-31,5,BOOKS,4.0,0
2017-02-01,5,BOOKS,1.0,0
2017-02-02,5,BOOKS,0.0,0
2017-02-03,5,BOOKS,1.0,0
2017-02-04,5,BOOKS,1.0,0
2017-02-05,5,BOOKS,2.0,0
2017-02-06,5,BOOKS,1.0,0
2017-02-07,5,BOOKS,0.0,0
2017-02-08,5,BOOKS,0.0,0
2017-02-09,5,BOOKS,0.0,0
2017-02-10,5,BOOKS,0.0,0
2017-02-11,5,BOOKS,1.0,0
2017-02-12,5,BOOKS,1.0,0
2017-02-13,5,BOOKS,1.0,0
2017-02-14,5,BOOKS,0.0,0
2017-02-15,5,BOOKS,2.0,0
2017-02-16,5,BOOKS,0.0,0
2017-02-17,5,BOOKS,1.0,0
2017-02-18,5,BOOKS,2.0,0
2017-02-19,5,BOOKS,0.0,0
2017-02-20,5,BOOKS,1.0,0
2017-02-21,5,BOOKS,0.0,0
2017-02-22,5,BOOKS,0.0,0
2017-02-23,5,BOOKS,0.0,0
2017-02-24,5,BOOKS,0.0,0
2017-02-25,5,BOOKS,0.0,0
2017-02-26,5,BOOKS,0.0,0
2017-02-27,5,BOOKS,0.0,0
2017-02-28,5,BOOKS,4.0,0
2017-03-01,5,BOOKS,0.0,0
2017-03-02,5,BOOKS,1.0,0
2017-03-03,5,BOOKS,1.0,0
2017-03-04,5,BOOKS,0.0,0
2017-03-05,5,BOOKS,0.0,0
2017-03-06,5,BOOKS,1.0,0
2017-03-07,5,BOOKS,2.0,0
2017-03-08,5,BOOKS,1.0,0
2017-03-09,5,BOOKS,0.0,0
2017-03-10,5,BOOKS,1.0,0
2017-03-11,5,BOOKS,0.0,0
2017-03-12,5,BOOKS,1.0,0
2017-03-13,5,BOOKS,1.0,0
2017-03-14,5,BOOKS,0.0,0
2017-03-15,5,BOOKS,2.0,0
2017-03-16,5,BOOKS,0.0,0
2017-03-17,5,BOOKS,2.0,0
2017-03-18,5,BOOKS,0.0,0
2017-03-19,5,BOOKS,2.0,0
2017-03-20,5,BOOKS,0.0,0
2017-03-21,5,BOOKS,2.0,0
2017-03-22,5,BOOKS,0.0,0
2017-03-23,5,BOOKS,0.0,0
2017-03-24,5,BOOKS,2.0,0
2017-03-25,5,BOOKS,2.0,0
2017-03-26,5,BOOKS,0.0,0
2017-03-27,5,BOOKS,1.0,0
2017-03-28,5,BOOKS,2.0,0
2017-03-29,5,BOOKS,1.0,0
2017-03-30,5,BOOKS,0.0,0
2017-03-31,5,BOOKS,0.0,0
2017-04-01,5,BOOKS,0.0,0
2017-04-02,5,BOOKS,1.0,0
2017-04-03,5,BOOKS,0.0,0
2017-04-04,5,BOOKS,1.0,0
2017-04-05,5,BOOKS,0.0,0
2017-04-06,5,BOOKS,1.0,0
2017-04-07,5,BOOKS,0.0,0
2017-04-08,5,BOOKS,1.0,0
2017-04-09,5,BOOKS,0.0,0
2017-04-10,5,BOOKS,0.0,0
2017-04-11,5,BOOKS,0.0,0
2017-04-12,5,BOOKS,2.0,0
2017-04-13,5,BOOKS,1.0,0
2017-04-14,5,BOOKS,1.0,0
2017-04-15,5,BOOKS,0.0,0
2017-04-16,5,BOOKS,0.0,0
2017-04-17,5,BOOKS,0.0,0
2017-04-18,5,BOOKS,0.0,0
2017-04-19,5,BOOKS,0.0,0
2017-04-20,5,BOOKS,0.0,0
2017-04-21,5,BOOKS,0.0,0
2017-04-22,5,BOOKS,0.0,0
2017-04-23,5,BOOKS,0.0,0
2017-04-24,5,BOOKS,0.0,0
2017-04-25,5,BOOKS,0.0,0
2017-04-26,5,BOOKS,1.0,0
2017-04-27,5,BOOKS,0.0,0
2017-04-28,5,BOOKS,0.0,0
2017-04-29,5,BOOKS,0.0,0
2017-04-30,5,BOOKS,0.0,0
2017-05-01,5,BOOKS,0.0,0
2017-05-02,5,BOOKS,0.0,0
2017-05-03,5,BOOKS,0.0,0
2017-05-04,5,BOOKS,0.0,0
2017-05-05,5,BOOKS,1.0,0
2017-05-06,5,BOOKS,0.0,0
2017-05-07,5,BOOKS,0.0,0
2017-05-08,5,BOOKS,3.0,0
2017-05-09,5,BOOKS,0.0,0
2017-05-10,5,BOOKS,0.0,0
2017-05-11,5,BOOKS,0.0,0
2017-05-12,5,BOOKS,0.0,0
2017-05-13,5,BOOKS,0.0,0
2017-05-14,5,BOOKS,0.0,0
2017-05-15,5,BOOKS,0.0,0
2017-05-16,5,BOOKS,0.0,0
2017-05-17,5,BOOKS,0.0,0
2017-05-18,5,BOOKS,0.0,0
2017-05-19,5,BOOKS,0.0,0
2017-05-20,5,BOOKS,0.0,0
2017-05-21,5,BOOKS,0.0,0
2017-05-22,5,BOOKS,0.0,0
2017-05-23,5,BOOKS,0.0,0
2017-05-24,5,BOOKS,0.0,0
2017-05-25,5,BOOKS,0.0,0
2017-05-26,5,BOOKS,0.0,0
2017-05-27,5,BOOKS,0.0,0
2017-05-28,5,BOOKS,0.0,0
2017-05-29,5,BOOKS,0.0,0
2017-05-30,5,BOOKS,0.0,0
2017-05-31,5,BOOKS,0.0,0
2017-06-01,5,BOOKS,0.0,0
2017-06-02,5,BOOKS,0.0,0
2017-06-03,5,BOOKS,0.0,0
2017-06-04,5,BOOKS,0.0,0
2017-06-05,5,BOOKS,0.0,0
2017-06-06,5,BOOKS,0.0,0
2017-06-07,5,BOOKS,0.0,0
2017-06-08,5,BOOKS,0.0,0
2017-06-09,5,BOOKS,0.0,0
2017-06-10,5,BOOKS,0.0,0
2017-06-11,5,BOOKS,0.0,0
2017-06-12,5,BOOKS,0.0,0
2017-06-13,5,BOOKS,0.0,0
2017-06-14,5,BOOKS,0.0,0
2017-06-15,5,BOOKS,0.0,0
2017-06-16,5,BOOKS,0.0,0
2017-06-17,5,BOOKS,0.0,0
2017-06-18,5,BOOKS,0.0,0
2017-06-19,5,BOOKS,0.0,0
2017-06-20,5,BOOKS,0.0,0
2017-06-21,5,BOOKS,0.0,0
2017-06-22,5,BOOKS,0.0,0
2017-06-23,5,BOOKS,0.0,0
2017-06-24,5,BOOKS,0.0,0
2017-06-25,5,BOOKS,0.0,0
2017-06-26,5,BOOKS,0.0,0
2017-06-27,5,BOOKS,0.0,0
2017-06-28,5,BOOKS,0.0,0
2017-06-29,5,BOOKS,0.0,0
2017-06-30,5,BOOKS,0.0,0
2017-07-01,5,BOOKS,0.0,0
2017-07-02,5,BOOKS,0.0,0
2017-07-03,5,BOOKS,0.0,0
2017-07-04,5,BOOKS,0.0,0
2017-07-05,5,BOOKS,0.0,0
2017-07-06,5,BOOKS,0.0,0
2017-07-07,5,BOOKS,0.0,0
2017-07-08,5,BOOKS,0.0,0
2017-07-09,5,BOOKS,0.0,0
2017-07-10,5,BOOKS,0.0,0
2017-07-11,5,BOOKS,0.0,0
2017-07-12,5,BOOKS,0.0,0
2017-07-13,5,BOOKS,0.0,0
2017-07-14,5,BOOKS,0.0,0
2017-07-15,5,BOOKS,0.0,0
2017-07-16,5,BOOKS,0.0,0
2017-07-17,5,BOOKS,0.0,0
2017-07-18,5,BOOKS,0.0,0
2017-07-19,5,BOOKS,0.0,0
2017-07-20,5,BOOKS,0.0,0
2017-07-21,5,BOOKS,0.0,0
2017-07-22,5,BOOKS,0.0,0
2017-07-23,5,BOOKS,0.0,0
2017-07-24,5,BOOKS,0.0,0
2017-07-25,5,BOOKS,0.0,0
2017-07-26,5,BOOKS,0.0,0
2017-07-27,5,BOOKS,0.0,0
2017-07-28,5,BOOKS,0.0,0
2017-07-29,5,BOOKS,0.0,0
2017-07-30,5,BOOKS,0.0,0
2017-07-31,5,BOOKS,0.0,0
2017-01-01,5,BREAD/BAKERY,0.0,0
2017-01-02,5,BREAD/BAKERY,485.423,1
2017-01-03,5,BREAD/BAKERY,439.352,1
2017-01-04,5,BREAD/BAKERY,445.826,7
2017-01-05,5,BREAD/BAKERY,327.35,7
2017-01-06,5,BREAD/BAKERY,383.478,8
2017-01-07,5,BREAD/BAKERY,379.619,9
2017-01-08,5,BREAD/BAKERY,405.8,7
2017-01-09,5,BREAD/BAKERY,416.855,9
2017-01-10,5,BREAD/BAKERY,400.718,10
2017-01-11,5,BREAD/BAKERY,368.269,9
2017-01-12,5,BREAD/BAKERY,276.15,8
2017-01-13,5,BREAD/BAKERY,352.826,9
2017-01-14,5,BREAD/BAKERY,339.601,8
2017-01-15,5,BREAD/BAKERY,436.559,9
2017-01-16,5,BREAD/BAKERY,343.227,9
2017-01-17,5,BREAD/BAKERY,295.053,9
2017-01-18,5,BREAD/BAKERY,361.0,10
2017-01-19,5,BREAD/BAKERY,287.822,8
2017-01-20,5,BREAD/BAKERY,305.453,8
2017-01-21,5,BREAD/BAKERY,408.30798,8
2017-01-22,5,BREAD/BAKERY,406.722,7
2017-01-23,5,BREAD/BAKERY,401.641,7
2017-01-24,5,BREAD/BAKERY,307.579,7
2017-01-25,5,BREAD/BAKERY,354.802,13
2017-01-26,5,BREAD/BAKERY,279.817,7
2017-01-27,5,BREAD/BAKERY,349.518,7
2017-01-28,5,BREAD/BAKERY,363.498,7
2017-01-29,5,BREAD/BAKERY,373.877,7
2017-01-30,5,BREAD/BAKERY,356.134,6
2017-01-31,5,BREAD/BAKERY,386.634,6
2017-02-01,5,BREAD/BAKERY,466.546,8
2017-02-02,5,BREAD/BAKERY,334.07,8
2017-02-03,5,BREAD/BAKERY,390.927,7
2017-02-04,5,BREAD/BAKERY,482.35,7
2017-02-05,5,BREAD/BAKERY,443.971,8
2017-02-06,5,BREAD/BAKERY,364.2,8
2017-02-07,5,BREAD/BAKERY,314.156,8
2017-02-08,5,BREAD/BAKERY,355.41,12
2017-02-09,5,BREAD/BAKERY,275.28,10
2017-02-10,5,BREAD/BAKERY,317.062,11
2017-02-11,5,BREAD/BAKERY,382.262,11
2017-02-12,5,BREAD/BAKERY,382.09,11
2017-02-13,5,BREAD/BAKERY,365.449,11
2017-02-14,5,BREAD/BAKERY,304.278,10
2017-02-15,5,BREAD/BAKERY,376.328,13
2017-02-16,5,BREAD/BAKERY,231.888,5
2017-02-17,5,BREAD/BAKERY,294.35,5
2017-02-18,5,BREAD/BAKERY,393.181,6
2017-02-19,5,BREAD/BAKERY,377.487,6
2017-02-20,5,BREAD/BAKERY,326.471,6
2017-02-21,5,BREAD/BAKERY,314.612,6
2017-02-22,5,BREAD/BAKERY,325.374,5
2017-02-23,5,BREAD/BAKERY,354.623,5
2017-02-24,5,BREAD/BAKERY,298.714,6
2017-02-25,5,BREAD/BAKERY,340.07098,6
2017-02-26,5,BREAD/BAKERY,207.286,5
2017-02-27,5,BREAD/BAKERY,221.28,4
2017-02-28,5,BREAD/BAKERY,280.597,6
2017-03-01,5,BREAD/BAKERY,463.65,16
2017-03-02,5,BREAD/BAKERY,338.963,13
2017-03-03,5,BREAD/BAKERY,365.756,15
2017-03-04,5,BREAD/BAKERY,405.037,15
2017-03-05,5,BREAD/BAKERY,418.564,17
2017-03-06,5,BREAD/BAKERY,377.954,15
2017-03-07,5,BREAD/BAKERY,277.465,14
2017-03-08,5,BREAD/BAKERY,370.701,16
2017-03-09,5,BREAD/BAKERY,295.28,7
2017-03-10,5,BREAD/BAKERY,324.139,7
2017-03-11,5,BREAD/BAKERY,341.705,6
2017-03-12,5,BREAD/BAKERY,361.868,7
2017-03-13,5,BREAD/BAKERY,380.835,6
2017-03-14,5,BREAD/BAKERY,310.178,6
2017-03-15,5,BREAD/BAKERY,438.456,7
2017-03-16,5,BREAD/BAKERY,321.02,5
2017-03-17,5,BREAD/BAKERY,376.707,6
2017-03-18,5,BREAD/BAKERY,325.593,6
2017-03-19,5,BREAD/BAKERY,372.703,7
2017-03-20,5,BREAD/BAKERY,373.454,7
2017-03-21,5,BREAD/BAKERY,365.478,5
2017-03-22,5,BREAD/BAKERY,274.815,4
2017-03-23,5,BREAD/BAKERY,268.178,2
2017-03-24,5,BREAD/BAKERY,356.042,2
2017-03-25,5,BREAD/BAKERY,382.469,3
2017-03-26,5,BREAD/BAKERY,348.344,3
2017-03-27,5,BREAD/BAKERY,364.689,4
2017-03-28,5,BREAD/BAKERY,270.582,1
2017-03-29,5,BREAD/BAKERY,413.595,2
2017-03-30,5,BREAD/BAKERY,262.463,2
2017-03-31,5,BREAD/BAKERY,367.703,2
2017-04-01,5,BREAD/BAKERY,395.822,2
2017-04-02,5,BREAD/BAKERY,378.5,2
2017-04-03,5,BREAD/BAKERY,326.356,2
2017-04-04,5,BREAD/BAKERY,354.683,2
2017-04-05,5,BREAD/BAKERY,308.489,2
2017-04-06,5,BREAD/BAKERY,249.584,2
2017-04-07,5,BREAD/BAKERY,311.87,2
2017-04-08,5,BREAD/BAKERY,342.744,2
2017-04-09,5,BREAD/BAKERY,360.767,2
2017-04-10,5,BREAD/BAKERY,330.5,2
2017-04-11,5,BREAD/BAKERY,266.875,4
2017-04-12,5,BREAD/BAKERY,325.723,9
2017-04-13,5,BREAD/BAKERY,301.2,6
2017-04-14,5,BREAD/BAKERY,271.467,7
2017-04-15,5,BREAD/BAKERY,317.848,6
2017-04-16,5,BREAD/BAKERY,307.606,6
2017-04-17,5,BREAD/BAKERY,356.242,6
2017-04-18,5,BREAD/BAKERY,345.216,5
2017-04-19,5,BREAD/BAKERY,332.337,9
2017-04-20,5,BREAD/BAKERY,210.943,7
2017-04-21,5,BREAD/BAKERY,288.973,9
2017-04-22,5,BREAD/BAKERY,281.335,6
2017-04-23,5,BREAD/BAKERY,414.079,10
2017-04-24,5,BREAD/BAKERY,402.857,8
2017-04-25,5,BREAD/BAKERY,313.29102,7
2017-04-26,5,BREAD/BAKERY,324.652,8
2017-04-27,5,BREAD/BAKERY,262.716,9
2017-04-28,5,BREAD/BAKERY,335.537,12
2017-04-29,5,BREAD/BAKERY,362.963,8
2017-04-30,5,BREAD/BAKERY,396.69598,11
2017-05-01,5,BREAD/BAKERY,426.287,13
2017-05-02,5,BREAD/BAKERY,385.643,7
2017-05-03,5,BREAD/BAKERY,405.557,9
2017-05-04,5,BREAD/BAKERY,306.881,6
2017-05-05,5,BREAD/BAKERY,284.189,7
2017-05-06,5,BREAD/BAKERY,408.085,8
2017-05-07,5,BREAD/BAKERY,430.615,6
2017-05-08,5,BREAD/BAKERY,357.661,7
2017-05-09,5,BREAD/BAKERY,346.742,6
2017-05-10,5,BREAD/BAKERY,355.412,6
2017-05-11,5,BREAD/BAKERY,293.286,5
2017-05-12,5,BREAD/BAKERY,283.572,4
2017-05-13,5,BREAD/BAKERY,378.993,4
2017-05-14,5,BREAD/BAKERY,346.57,4
2017-05-15,5,BREAD/BAKERY,350.63,3
2017-05-16,5,BREAD/BAKERY,360.681,2
2017-05-17,5,BREAD/BAKERY,341.414,5
2017-05-18,5,BREAD/BAKERY,267.608,4
2017-05-19,5,BREAD/BAKERY,323.211,4
2017-05-20,5,BREAD/BAKERY,397.009,5
2017-05-21,5,BREAD/BAKERY,472.747,2
2017-05-22,5,BREAD/BAKERY,341.079,2
2017-05-23,5,BREAD/BAKERY,310.033,4
2017-05-24,5,BREAD/BAKERY,343.474,5
2017-05-25,5,BREAD/BAKERY,243.683,2
2017-05-26,5,BREAD/BAKERY,383.46,4
2017-05-27,5,BREAD/BAKERY,334.899,4
2017-05-28,5,BREAD/BAKERY,427.126,5
2017-05-29,5,BREAD/BAKERY,428.771,5
2017-05-30,5,BREAD/BAKERY,368.872,4
2017-05-31,5,BREAD/BAKERY,349.414,2
2017-06-01,5,BREAD/BAKERY,260.557,1
2017-06-02,5,BREAD/BAKERY,372.863,0
2017-06-03,5,BREAD/BAKERY,382.80798,1
2017-06-04,5,BREAD/BAKERY,513.335,0
2017-06-05,5,BREAD/BAKERY,326.297,0
2017-06-06,5,BREAD/BAKERY,328.099,0
2017-06-07,5,BREAD/BAKERY,268.952,1
2017-06-08,5,BREAD/BAKERY,241.425,1
2017-06-09,5,BREAD/BAKERY,331.907,0
2017-06-10,5,BREAD/BAKERY,317.531,0
2017-06-11,5,BREAD/BAKERY,464.864,0
2017-06-12,5,BREAD/BAKERY,368.643,0
2017-06-13,5,BREAD/BAKERY,295.081,0
2017-06-14,5,BREAD/BAKERY,300.784,0
2017-06-15,5,BREAD/BAKERY,312.826,0
2017-06-16,5,BREAD/BAKERY,326.033,0
2017-06-17,5,BREAD/BAKERY,374.932,0
2017-06-18,5,BREAD/BAKERY,422.866,1
2017-06-19,5,BREAD/BAKERY,333.227,2
2017-06-20,5,BREAD/BAKERY,317.247,0
2017-06-21,5,BREAD/BAKERY,350.868,6
2017-06-22,5,BREAD/BAKERY,326.617,5
2017-06-23,5,BREAD/BAKERY,314.126,6
2017-06-24,5,BREAD/BAKERY,366.57,6
2017-06-25,5,BREAD/BAKERY,396.667,5
2017-06-26,5,BREAD/BAKERY,424.518,6
2017-06-27,5,BREAD/BAKERY,450.068,4
2017-06-28,5,BREAD/BAKERY,304.141,5
2017-06-29,5,BREAD/BAKERY,239.85,4
2017-06-30,5,BREAD/BAKERY,307.339,4
2017-07-01,5,BREAD/BAKERY,363.30798,4
2017-07-02,5,BREAD/BAKERY,412.672,5
2017-07-03,5,BREAD/BAKERY,439.857,5
2017-07-04,5,BREAD/BAKERY,423.104,5
2017-07-05,5,BREAD/BAKERY,428.218,8
2017-07-06,5,BREAD/BAKERY,290.11,3
2017-07-07,5,BREAD/BAKERY,322.392,5
2017-07-08,5,BREAD/BAKERY,415.178,5
2017-07-09,5,BREAD/BAKERY,540.002,5
2017-07-10,5,BREAD/BAKERY,388.423,4
2017-07-11,5,BREAD/BAKERY,339.579,4
2017-07-12,5,BREAD/BAKERY,384.892,5
2017-07-13,5,BREAD/BAKERY,304.775,0
2017-07-14,5,BREAD/BAKERY,341.533,0
2017-07-15,5,BREAD/BAKERY,373.632,0
2017-07-16,5,BREAD/BAKERY,413.361,0
2017-07-17,5,BREAD/BAKERY,364.427,0
2017-07-18,5,BREAD/BAKERY,321.112,0
2017-07-19,5,BREAD/BAKERY,326.789,0
2017-07-20,5,BREAD/BAKERY,321.879,0
2017-07-21,5,BREAD/BAKERY,309.101,0
2017-07-22,5,BREAD/BAKERY,278.467,0
2017-07-23,5,BREAD/BAKERY,448.112,0
2017-07-24,5,BREAD/BAKERY,366.121,0
2017-07-25,5,BREAD/BAKERY,296.685,0
2017-07-26,5,BREAD/BAKERY,332.093,0
2017-07-27,5,BREAD/BAKERY,277.621,0
2017-07-28,5,BREAD/BAKERY,313.172,0
2017-07-29,5,BREAD/BAKERY,362.712,0
2017-07-30,5,BREAD/BAKERY,378.921,0
2017-07-31,5,BREAD/BAKERY,343.889,0
2017-01-01,5,CELEBRATION,0.0,0
2017-01-02,5,CELEBRATION,23.0,0
2017-01-03,5,CELEBRATION,24.0,0
2017-01-04,5,CELEBRATION,18.0,1
2017-01-05,5,CELEBRATION,28.0,0
2017-01-06,5,CELEBRATION,38.0,0
2017-01-07,5,CELEBRATION,19.0,0
2017-01-08,5,CELEBRATION,13.0,0
2017-01-09,5,CELEBRATION,10.0,0
2017-01-10,5,CELEBRATION,29.0,0
2017-01-11,5,CELEBRATION,18.0,0
2017-01-12,5,CELEBRATION,35.0,1
2017-01-13,5,CELEBRATION,39.0,0
2017-01-14,5,CELEBRATION,28.0,0
2017-01-15,5,CELEBRATION,19.0,0
2017-01-16,5,CELEBRATION,22.0,0
2017-01-17,5,CELEBRATION,33.0,0
2017-01-18,5,CELEBRATION,30.0,0
2017-01-19,5,CELEBRATION,35.0,0
2017-01-20,5,CELEBRATION,36.0,0
2017-01-21,5,CELEBRATION,28.0,0
2017-01-22,5,CELEBRATION,42.0,0
2017-01-23,5,CELEBRATION,29.0,0
2017-01-24,5,CELEBRATION,23.0,0
2017-01-25,5,CELEBRATION,22.0,0
2017-01-26,5,CELEBRATION,31.0,2
2017-01-27,5,CELEBRATION,29.0,0
2017-01-28,5,CELEBRATION,54.0,0
2017-01-29,5,CELEBRATION,19.0,0
2017-01-30,5,CELEBRATION,16.0,0
2017-01-31,5,CELEBRATION,18.0,0
2017-02-01,5,CELEBRATION,30.0,0
2017-02-02,5,CELEBRATION,40.0,0
2017-02-03,5,CELEBRATION,39.0,0
2017-02-04,5,CELEBRATION,24.0,0
2017-02-05,5,CELEBRATION,37.0,0
2017-02-06,5,CELEBRATION,17.0,0
2017-02-07,5,CELEBRATION,14.0,0
2017-02-08,5,CELEBRATION,17.0,0
2017-02-09,5,CELEBRATION,19.0,1
2017-02-10,5,CELEBRATION,28.0,0
2017-02-11,5,CELEBRATION,47.0,0
2017-02-12,5,CELEBRATION,22.0,0
2017-02-13,5,CELEBRATION,20.0,0
2017-02-14,5,CELEBRATION,37.0,0
2017-02-15,5,CELEBRATION,24.0,0
2017-02-16,5,CELEBRATION,22.0,2
2017-02-17,5,CELEBRATION,20.0,0
2017-02-18,5,CELEBRATION,25.0,0
2017-02-19,5,CELEBRATION,35.0,0
2017-02-20,5,CELEBRATION,32.0,0
2017-02-21,5,CELEBRATION,15.0,0
2017-02-22,5,CELEBRATION,42.0,0
2017-02-23,5,CELEBRATION,21.0,0
2017-02-24,5,CELEBRATION,20.0,0
2017-02-25,5,CELEBRATION,40.0,0
2017-02-26,5,CELEBRATION,38.0,0
2017-02-27,5,CELEBRATION,13.0,0
2017-02-28,5,CELEBRATION,12.0,0
2017-03-01,5,CELEBRATION,31.0,1
2017-03-02,5,CELEBRATION,18.0,0
2017-03-03,5,CELEBRATION,31.0,0
2017-03-04,5,CELEBRATION,29.0,1
2017-03-05,5,CELEBRATION,12.0,1
2017-03-06,5,CELEBRATION,13.0,0
2017-03-07,5,CELEBRATION,13.0,0
2017-03-08,5,CELEBRATION,36.0,0
2017-03-09,5,CELEBRATION,16.0,0
2017-03-10,5,CELEBRATION,37.0,0
2017-03-11,5,CELEBRATION,31.0,0
2017-03-12,5,CELEBRATION,19.0,0
2017-03-13,5,CELEBRATION,19.0,0
2017-03-14,5,CELEBRATION,12.0,0
2017-03-15,5,CELEBRATION,23.0,0
2017-03-16,5,CELEBRATION,24.0,0
2017-03-17,5,CELEBRATION,37.0,0
2017-03-18,5,CELEBRATION,45.0,0
2017-03-19,5,CELEBRATION,28.0,0
2017-03-20,5,CELEBRATION,17.0,0
2017-03-21,5,CELEBRATION,21.0,0
2017-03-22,5,CELEBRATION,27.0,0
2017-03-23,5,CELEBRATION,19.0,0
2017-03-24,5,CELEBRATION,30.0,0
2017-03-25,5,CELEBRATION,24.0,0
2017-03-26,5,CELEBRATION,12.0,0
2017-03-27,5,CELEBRATION,11.0,0
2017-03-28,5,CELEBRATION,20.0,0
2017-03-29,5,CELEBRATION,18.0,0
2017-03-30,5,CELEBRATION,28.0,0
2017-03-31,5,CELEBRATION,22.0,0
2017-04-01,5,CELEBRATION,26.0,0
2017-04-02,5,CELEBRATION,18.0,0
2017-04-03,5,CELEBRATION,16.0,1
2017-04-04,5,CELEBRATION,33.0,0
2017-04-05,5,CELEBRATION,10.0,0
2017-04-06,5,CELEBRATION,10.0,0
2017-04-07,5,CELEBRATION,24.0,0
2017-04-08,5,CELEBRATION,37.0,0
2017-04-09,5,CELEBRATION,12.0,0
2017-04-10,5,CELEBRATION,22.0,0
2017-04-11,5,CELEBRATION,13.0,0
2017-04-12,5,CELEBRATION,13.0,0
2017-04-13,5,CELEBRATION,22.0,0
2017-04-14,5,CELEBRATION,29.0,0
2017-04-15,5,CELEBRATION,32.0,0
2017-04-16,5,CELEBRATION,25.0,0
2017-04-17,5,CELEBRATION,13.0,1
2017-04-18,5,CELEBRATION,16.0,0
2017-04-19,5,CELEBRATION,19.0,0
2017-04-20,5,CELEBRATION,12.0,0
2017-04-21,5,CELEBRATION,33.0,0
2017-04-22,5,CELEBRATION,40.0,0
2017-04-23,5,CELEBRATION,16.0,0
2017-04-24,5,CELEBRATION,24.0,0
2017-04-25,5,CELEBRATION,13.0,0
2017-04-26,5,CELEBRATION,7.0,0
2017-04-27,5,CELEBRATION,24.0,0
2017-04-28,5,CELEBRATION,54.0,0
2017-04-29,5,CELEBRATION,44.0,0
2017-04-30,5,CELEBRATION,18.0,0
2017-05-01,5,CELEBRATION,16.0,0
2017-05-02,5,CELEBRATION,16.0,0
2017-05-03,5,CELEBRATION,20.0,0
2017-05-04,5,CELEBRATION,21.0,0
2017-05-05,5,CELEBRATION,9.0,0
2017-05-06,5,CELEBRATION,45.0,0
2017-05-07,5,CELEBRATION,22.0,0
2017-05-08,5,CELEBRATION,17.0,1
2017-05-09,5,CELEBRATION,21.0,0
2017-05-10,5,CELEBRATION,18.0,0
2017-05-11,5,CELEBRATION,20.0,0
2017-05-12,5,CELEBRATION,43.0,0
2017-05-13,5,CELEBRATION,37.0,1
2017-05-14,5,CELEBRATION,11.0,0
2017-05-15,5,CELEBRATION,13.0,0
2017-05-16,5,CELEBRATION,5.0,0
2017-05-17,5,CELEBRATION,10.0,0
2017-05-18,5,CELEBRATION,19.0,1
2017-05-19,5,CELEBRATION,36.0,0
2017-05-20,5,CELEBRATION,19.0,0
2017-05-21,5,CELEBRATION,26.0,0
2017-05-22,5,CELEBRATION,31.0,0
2017-05-23,5,CELEBRATION,19.0,0
2017-05-24,5,CELEBRATION,26.0,0
2017-05-25,5,CELEBRATION,24.0,0
2017-05-26,5,CELEBRATION,26.0,3
2017-05-27,5,CELEBRATION,39.0,0
2017-05-28,5,CELEBRATION,13.0,0
2017-05-29,5,CELEBRATION,16.0,0
2017-05-30,5,CELEBRATION,23.0,0
2017-05-31,5,CELEBRATION,24.0,0
2017-06-01,5,CELEBRATION,30.0,0
2017-06-02,5,CELEBRATION,34.0,1
2017-06-03,5,CELEBRATION,34.0,0
2017-06-04,5,CELEBRATION,22.0,0
2017-06-05,5,CELEBRATION,16.0,0
2017-06-06,5,CELEBRATION,21.0,0
2017-06-07,5,CELEBRATION,22.0,0
2017-06-08,5,CELEBRATION,14.0,0
2017-06-09,5,CELEBRATION,24.0,0
2017-06-10,5,CELEBRATION,28.0,0
2017-06-11,5,CELEBRATION,13.0,0
2017-06-12,5,CELEBRATION,15.0,0
2017-06-13,5,CELEBRATION,20.0,0
2017-06-14,5,CELEBRATION,28.0,0
2017-06-15,5,CELEBRATION,38.0,0
2017-06-16,5,CELEBRATION,28.0,0
2017-06-17,5,CELEBRATION,40.0,0
2017-06-18,5,CELEBRATION,27.0,0
2017-06-19,5,CELEBRATION,9.0,0
2017-06-20,5,CELEBRATION,22.0,0
2017-06-21,5,CELEBRATION,15.0,0
2017-06-22,5,CELEBRATION,27.0,0
2017-06-23,5,CELEBRATION,34.0,0
2017-06-24,5,CELEBRATION,30.0,0
2017-06-25,5,CELEBRATION,19.0,0
2017-06-26,5,CELEBRATION,12.0,0
2017-06-27,5,CELEBRATION,9.0,0
2017-06-28,5,CELEBRATION,7.0,0
2017-06-29,5,CELEBRATION,32.0,0
2017-06-30,5,CELEBRATION,18.0,0
2017-07-01,5,CELEBRATION,25.0,0
2017-07-02,5,CELEBRATION,21.0,0
2017-07-03,5,CELEBRATION,33.0,0
2017-07-04,5,CELEBRATION,15.0,0
2017-07-05,5,CELEBRATION,30.0,0
2017-07-06,5,CELEBRATION,20.0,0
2017-07-07,5,CELEBRATION,18.0,0
2017-07-08,5,CELEBRATION,21.0,0
2017-07-09,5,CELEBRATION,22.0,0
2017-07-10,5,CELEBRATION,16.0,0
2017-07-11,5,CELEBRATION,9.0,0
2017-07-12,5,CELEBRATION,19.0,0
2017-07-13,5,CELEBRATION,12.0,0
2017-07-14,5,CELEBRATION,21.0,1
2017-07-15,5,CELEBRATION,36.0,0
2017-07-16,5,CELEBRATION,15.0,0
2017-07-17,5,CELEBRATION,7.0,0
2017-07-18,5,CELEBRATION,14.0,0
2017-07-19,5,CELEBRATION,15.0,0
2017-07-20,5,CELEBRATION,24.0,0
2017-07-21,5,CELEBRATION,26.0,0
2017-07-22,5,CELEBRATION,29.0,0
2017-07-23,5,CELEBRATION,26.0,0
2017-07-24,5,CELEBRATION,31.0,0
2017-07-25,5,CELEBRATION,22.0,0
2017-07-26,5,CELEBRATION,14.0,0
2017-07-27,5,CELEBRATION,12.0,0
2017-07-28,5,CELEBRATION,35.0,0
2017-07-29,5,CELEBRATION,30.0,0
2017-07-30,5,CELEBRATION,15.0,0
2017-07-31,5,CELEBRATION,17.0,0
2017-01-01,5,CLEANING,0.0,0
2017-01-02,5,CLEANING,1224.0,21
2017-01-03,5,CLEANING,1273.0,25
2017-01-04,5,CLEANING,1082.0,18
2017-01-05,5,CLEANING,905.0,24
2017-01-06,5,CLEANING,1108.0,15
2017-01-07,5,CLEANING,1200.0,18
2017-01-08,5,CLEANING,1313.0,19
2017-01-09,5,CLEANING,924.0,13
2017-01-10,5,CLEANING,772.0,17
2017-01-11,5,CLEANING,1071.0,14
2017-01-12,5,CLEANING,713.0,11
2017-01-13,5,CLEANING,884.0,10
2017-01-14,5,CLEANING,1103.0,14
2017-01-15,5,CLEANING,1146.0,19
2017-01-16,5,CLEANING,909.0,8
2017-01-17,5,CLEANING,754.0,8
2017-01-18,5,CLEANING,815.0,13
2017-01-19,5,CLEANING,780.0,7
2017-01-20,5,CLEANING,805.0,25
2017-01-21,5,CLEANING,920.0,15
2017-01-22,5,CLEANING,1142.0,13
2017-01-23,5,CLEANING,918.0,8
2017-01-24,5,CLEANING,700.0,8
2017-01-25,5,CLEANING,704.0,16
2017-01-26,5,CLEANING,691.0,15
2017-01-27,5,CLEANING,669.0,16
2017-01-28,5,CLEANING,998.0,18
2017-01-29,5,CLEANING,1027.0,16
2017-01-30,5,CLEANING,843.0,21
2017-01-31,5,CLEANING,877.0,15
2017-02-01,5,CLEANING,1195.0,29
2017-02-02,5,CLEANING,1050.0,16
2017-02-03,5,CLEANING,906.0,17
2017-02-04,5,CLEANING,1205.0,26
2017-02-05,5,CLEANING,1125.0,16
2017-02-06,5,CLEANING,864.0,21
2017-02-07,5,CLEANING,1011.0,12
2017-02-08,5,CLEANING,808.0,33
2017-02-09,5,CLEANING,590.0,13
2017-02-10,5,CLEANING,811.0,15
2017-02-11,5,CLEANING,954.0,16
2017-02-12,5,CLEANING,1098.0,18
2017-02-13,5,CLEANING,857.0,14
2017-02-14,5,CLEANING,686.0,14
2017-02-15,5,CLEANING,753.0,22
2017-02-16,5,CLEANING,662.0,14
2017-02-17,5,CLEANING,900.0,16
2017-02-18,5,CLEANING,1163.0,16
2017-02-19,5,CLEANING,850.0,15
2017-02-20,5,CLEANING,823.0,15
2017-02-21,5,CLEANING,844.0,16
2017-02-22,5,CLEANING,780.0,17
2017-02-23,5,CLEANING,898.0,16
2017-02-24,5,CLEANING,836.0,15
2017-02-25,5,CLEANING,1213.0,17
2017-02-26,5,CLEANING,898.0,13
2017-02-27,5,CLEANING,865.0,16
2017-02-28,5,CLEANING,872.0,16
2017-03-01,5,CLEANING,1118.0,14
2017-03-02,5,CLEANING,1031.0,13
2017-03-03,5,CLEANING,1054.0,14
2017-03-04,5,CLEANING,1139.0,12
2017-03-05,5,CLEANING,1125.0,11
2017-03-06,5,CLEANING,811.0,11
2017-03-07,5,CLEANING,743.0,10
2017-03-08,5,CLEANING,862.0,13
2017-03-09,5,CLEANING,798.0,5
2017-03-10,5,CLEANING,839.0,9
2017-03-11,5,CLEANING,907.0,9
2017-03-12,5,CLEANING,854.0,9
2017-03-13,5,CLEANING,918.0,7
2017-03-14,5,CLEANING,690.0,8
2017-03-15,5,CLEANING,942.0,9
2017-03-16,5,CLEANING,794.0,10
2017-03-17,5,CLEANING,1087.0,10
2017-03-18,5,CLEANING,1088.0,10
2017-03-19,5,CLEANING,1174.0,9
2017-03-20,5,CLEANING,887.0,9
2017-03-21,5,CLEANING,975.0,9
2017-03-22,5,CLEANING,910.0,10
2017-03-23,5,CLEANING,782.0,10
2017-03-24,5,CLEANING,932.0,9
2017-03-25,5,CLEANING,1057.0,11
2017-03-26,5,CLEANING,1110.0,10
2017-03-27,5,CLEANING,964.0,6
2017-03-28,5,CLEANING,879.0,8
2017-03-29,5,CLEANING,1028.0,8
2017-03-30,5,CLEANING,680.0,10
2017-03-31,5,CLEANING,996.0,10
2017-04-01,5,CLEANING,1093.0,9
2017-04-02,5,CLEANING,998.0,7
2017-04-03,5,CLEANING,879.0,11
2017-04-04,5,CLEANING,919.0,10
2017-04-05,5,CLEANING,831.0,11
2017-04-06,5,CLEANING,774.0,8
2017-04-07,5,CLEANING,814.0,7
2017-04-08,5,CLEANING,824.0,9
2017-04-09,5,CLEANING,842.0,8
2017-04-10,5,CLEANING,827.0,10
2017-04-11,5,CLEANING,743.0,14
2017-04-12,5,CLEANING,694.0,19
2017-04-13,5,CLEANING,861.0,20
2017-04-14,5,CLEANING,650.0,21
2017-04-15,5,CLEANING,815.0,23
2017-04-16,5,CLEANING,920.0,21
2017-04-17,5,CLEANING,956.0,22
2017-04-18,5,CLEANING,901.0,21
2017-04-19,5,CLEANING,622.0,28
2017-04-20,5,CLEANING,602.0,31
2017-04-21,5,CLEANING,728.0,36
2017-04-22,5,CLEANING,827.0,36
2017-04-23,5,CLEANING,1064.0,37
2017-04-24,5,CLEANING,1049.0,36
2017-04-25,5,CLEANING,955.0,36
2017-04-26,5,CLEANING,836.0,41
2017-04-27,5,CLEANING,781.0,40
2017-04-28,5,CLEANING,738.0,41
2017-04-29,5,CLEANING,922.0,46
2017-04-30,5,CLEANING,1087.0,45
2017-05-01,5,CLEANING,1174.0,45
2017-05-02,5,CLEANING,935.0,39
2017-05-03,5,CLEANING,1313.0,45
2017-05-04,5,CLEANING,873.0,37
2017-05-05,5,CLEANING,818.0,33
2017-05-06,5,CLEANING,1077.0,43
2017-05-07,5,CLEANING,1180.0,37
2017-05-08,5,CLEANING,848.0,26
2017-05-09,5,CLEANING,770.0,29
2017-05-10,5,CLEANING,843.0,45
2017-05-11,5,CLEANING,608.0,27
2017-05-12,5,CLEANING,809.0,29
2017-05-13,5,CLEANING,885.0,34
2017-05-14,5,CLEANING,896.0,33
2017-05-15,5,CLEANING,999.0,28
2017-05-16,5,CLEANING,808.0,32
2017-05-17,5,CLEANING,920.0,36
2017-05-18,5,CLEANING,818.0,30
2017-05-19,5,CLEANING,970.0,35
2017-05-20,5,CLEANING,851.0,37
2017-05-21,5,CLEANING,1229.0,39
2017-05-22,5,CLEANING,914.0,38
2017-05-23,5,CLEANING,1020.0,35
2017-05-24,5,CLEANING,730.0,34
2017-05-25,5,CLEANING,639.0,32
2017-05-26,5,CLEANING,948.0,34
2017-05-27,5,CLEANING,802.0,34
2017-05-28,5,CLEANING,984.0,38
2017-05-29,5,CLEANING,911.0,38
2017-05-30,5,CLEANING,709.0,30
2017-05-31,5,CLEANING,891.0,37
2017-06-01,5,CLEANING,747.0,3
2017-06-02,5,CLEANING,1003.0,9
2017-06-03,5,CLEANING,1052.0,7
2017-06-04,5,CLEANING,1464.0,12
2017-06-05,5,CLEANING,957.0,11
2017-06-06,5,CLEANING,725.0,11
2017-06-07,5,CLEANING,939.0,12
2017-06-08,5,CLEANING,683.0,20
2017-06-09,5,CLEANING,756.0,23
2017-06-10,5,CLEANING,892.0,19
2017-06-11,5,CLEANING,1173.0,18
2017-06-12,5,CLEANING,848.0,20
2017-06-13,5,CLEANING,677.0,14
2017-06-14,5,CLEANING,753.0,25
2017-06-15,5,CLEANING,774.0,24
2017-06-16,5,CLEANING,779.0,19
2017-06-17,5,CLEANING,966.0,24
2017-06-18,5,CLEANING,922.0,24
2017-06-19,5,CLEANING,793.0,21
2017-06-20,5,CLEANING,804.0,19
2017-06-21,5,CLEANING,959.0,45
2017-06-22,5,CLEANING,2282.0,45
2017-06-23,5,CLEANING,940.0,39
2017-06-24,5,CLEANING,1959.0,43
2017-06-25,5,CLEANING,927.0,47
2017-06-26,5,CLEANING,1091.0,47
2017-06-27,5,CLEANING,819.0,40
2017-06-28,5,CLEANING,973.0,47
2017-06-29,5,CLEANING,1201.0,41
2017-06-30,5,CLEANING,967.0,43
2017-07-01,5,CLEANING,942.0,44
2017-07-02,5,CLEANING,1422.0,42
2017-07-03,5,CLEANING,963.0,38
2017-07-04,5,CLEANING,1143.0,46
2017-07-05,5,CLEANING,1174.0,48
2017-07-06,5,CLEANING,984.0,40
2017-07-07,5,CLEANING,781.0,41
2017-07-08,5,CLEANING,1155.0,42
2017-07-09,5,CLEANING,1106.0,39
2017-07-10,5,CLEANING,916.0,43
2017-07-11,5,CLEANING,722.0,34
2017-07-12,5,CLEANING,1016.0,32
2017-07-13,5,CLEANING,932.0,23
2017-07-14,5,CLEANING,961.0,17
2017-07-15,5,CLEANING,1022.0,23
2017-07-16,5,CLEANING,1110.0,21
2017-07-17,5,CLEANING,1273.0,22
2017-07-18,5,CLEANING,781.0,18
2017-07-19,5,CLEANING,840.0,15
2017-07-20,5,CLEANING,858.0,17
2017-07-21,5,CLEANING,796.0,12
2017-07-22,5,CLEANING,1126.0,13
2017-07-23,5,CLEANING,1167.0,16
2017-07-24,5,CLEANING,986.0,14
2017-07-25,5,CLEANING,757.0,12
2017-07-26,5,CLEANING,1042.0,14
2017-07-27,5,CLEANING,730.0,14
2017-07-28,5,CLEANING,987.0,15
2017-07-29,5,CLEANING,1464.0,22
2017-07-30,5,CLEANING,1225.0,16
2017-07-31,5,CLEANING,1164.0,20
2017-01-01,5,DAIRY,0.0,0
2017-01-02,5,DAIRY,752.0,14
2017-01-03,5,DAIRY,704.0,15
2017-01-04,5,DAIRY,703.0,31
2017-01-05,5,DAIRY,554.0,28
2017-01-06,5,DAIRY,625.0,22
2017-01-07,5,DAIRY,682.0,29
2017-01-08,5,DAIRY,644.0,25
2017-01-09,5,DAIRY,603.0,24
2017-01-10,5,DAIRY,550.0,27
2017-01-11,5,DAIRY,539.0,28
2017-01-12,5,DAIRY,429.0,21
2017-01-13,5,DAIRY,535.0,22
2017-01-14,5,DAIRY,611.0,24
2017-01-15,5,DAIRY,724.0,22
2017-01-16,5,DAIRY,574.0,20
2017-01-17,5,DAIRY,485.0,18
2017-01-18,5,DAIRY,559.0,27
2017-01-19,5,DAIRY,463.0,22
2017-01-20,5,DAIRY,465.0,25
2017-01-21,5,DAIRY,628.0,22
2017-01-22,5,DAIRY,732.0,20
2017-01-23,5,DAIRY,625.0,21
2017-01-24,5,DAIRY,593.0,22
2017-01-25,5,DAIRY,555.0,28
2017-01-26,5,DAIRY,463.0,20
2017-01-27,5,DAIRY,458.0,17
2017-01-28,5,DAIRY,610.0,18
2017-01-29,5,DAIRY,661.0,20
2017-01-30,5,DAIRY,576.0,18
2017-01-31,5,DAIRY,566.0,19
2017-02-01,5,DAIRY,738.0,22
2017-02-02,5,DAIRY,520.0,19
2017-02-03,5,DAIRY,572.0,17
2017-02-04,5,DAIRY,787.0,19
2017-02-05,5,DAIRY,738.0,18
2017-02-06,5,DAIRY,540.0,20
2017-02-07,5,DAIRY,535.0,20
2017-02-08,5,DAIRY,594.0,25
2017-02-09,5,DAIRY,416.0,15
2017-02-10,5,DAIRY,506.0,16
2017-02-11,5,DAIRY,582.0,19
2017-02-12,5,DAIRY,670.0,20
2017-02-13,5,DAIRY,555.0,21
2017-02-14,5,DAIRY,511.0,22
2017-02-15,5,DAIRY,532.0,28
2017-02-16,5,DAIRY,400.0,19
2017-02-17,5,DAIRY,469.0,16
2017-02-18,5,DAIRY,715.0,17
2017-02-19,5,DAIRY,652.0,14
2017-02-20,5,DAIRY,552.0,12
2017-02-21,5,DAIRY,448.0,13
2017-02-22,5,DAIRY,543.0,15
2017-02-23,5,DAIRY,507.0,13
2017-02-24,5,DAIRY,424.0,13
2017-02-25,5,DAIRY,664.0,15
2017-02-26,5,DAIRY,417.0,15
2017-02-27,5,DAIRY,399.0,12
2017-02-28,5,DAIRY,443.0,14
2017-03-01,5,DAIRY,755.0,33
2017-03-02,5,DAIRY,546.0,26
2017-03-03,5,DAIRY,654.0,32
2017-03-04,5,DAIRY,641.0,36
2017-03-05,5,DAIRY,696.0,35
2017-03-06,5,DAIRY,624.0,32
2017-03-07,5,DAIRY,446.0,31
2017-03-08,5,DAIRY,506.0,32
2017-03-09,5,DAIRY,475.0,33
2017-03-10,5,DAIRY,549.0,34
2017-03-11,5,DAIRY,569.0,30
2017-03-12,5,DAIRY,620.0,31
2017-03-13,5,DAIRY,619.0,32
2017-03-14,5,DAIRY,518.0,32
2017-03-15,5,DAIRY,640.0,36
2017-03-16,5,DAIRY,576.0,31
2017-03-17,5,DAIRY,593.0,47
2017-03-18,5,DAIRY,667.0,41
2017-03-19,5,DAIRY,640.0,42
2017-03-20,5,DAIRY,603.0,40
2017-03-21,5,DAIRY,613.0,48
2017-03-22,5,DAIRY,569.0,46
2017-03-23,5,DAIRY,492.0,26
2017-03-24,5,DAIRY,618.0,35
2017-03-25,5,DAIRY,605.0,32
2017-03-26,5,DAIRY,598.0,34
2017-03-27,5,DAIRY,529.0,33
2017-03-28,5,DAIRY,651.0,35
2017-03-29,5,DAIRY,668.0,37
2017-03-30,5,DAIRY,462.0,27
2017-03-31,5,DAIRY,663.0,31
2017-04-01,5,DAIRY,694.0,3
2017-04-02,5,DAIRY,725.0,4
2017-04-03,5,DAIRY,686.0,3
2017-04-04,5,DAIRY,538.0,4
2017-04-05,5,DAIRY,565.0,3
2017-04-06,5,DAIRY,446.0,6
2017-04-07,5,DAIRY,514.0,6
2017-04-08,5,DAIRY,526.0,6
2017-04-09,5,DAIRY,540.0,3
2017-04-10,5,DAIRY,487.0,7
2017-04-11,5,DAIRY,504.0,6
2017-04-12,5,DAIRY,510.0,8
2017-04-13,5,DAIRY,605.0,5
2017-04-14,5,DAIRY,499.0,5
2017-04-15,5,DAIRY,438.0,6
2017-04-16,5,DAIRY,561.0,10
2017-04-17,5,DAIRY,558.0,4
2017-04-18,5,DAIRY,525.0,4
2017-04-19,5,DAIRY,480.0,16
2017-04-20,5,DAIRY,434.0,15
2017-04-21,5,DAIRY,485.0,19
2017-04-22,5,DAIRY,511.0,19
2017-04-23,5,DAIRY,704.0,19
2017-04-24,5,DAIRY,583.0,21
2017-04-25,5,DAIRY,567.0,17
2017-04-26,5,DAIRY,477.0,24
2017-04-27,5,DAIRY,534.0,21
2017-04-28,5,DAIRY,487.0,23
2017-04-29,5,DAIRY,596.0,23
2017-04-30,5,DAIRY,698.0,24
2017-05-01,5,DAIRY,720.0,27
2017-05-02,5,DAIRY,602.0,22
2017-05-03,5,DAIRY,743.0,36
2017-05-04,5,DAIRY,528.0,26
2017-05-05,5,DAIRY,513.0,30
2017-05-06,5,DAIRY,639.0,31
2017-05-07,5,DAIRY,775.0,29
2017-05-08,5,DAIRY,633.0,24
2017-05-09,5,DAIRY,547.0,29
2017-05-10,5,DAIRY,589.0,40
2017-05-11,5,DAIRY,426.0,20
2017-05-12,5,DAIRY,548.0,24
2017-05-13,5,DAIRY,700.0,28
2017-05-14,5,DAIRY,683.0,28
2017-05-15,5,DAIRY,554.0,28
2017-05-16,5,DAIRY,539.0,25
2017-05-17,5,DAIRY,548.0,21
2017-05-18,5,DAIRY,469.0,24
2017-05-19,5,DAIRY,567.0,23
2017-05-20,5,DAIRY,602.0,28
2017-05-21,5,DAIRY,736.0,29
2017-05-22,5,DAIRY,524.0,27
2017-05-23,5,DAIRY,536.0,25
2017-05-24,5,DAIRY,478.0,24
2017-05-25,5,DAIRY,473.0,24
2017-05-26,5,DAIRY,590.0,28
2017-05-27,5,DAIRY,502.0,26
2017-05-28,5,DAIRY,654.0,31
2017-05-29,5,DAIRY,616.0,25
2017-05-30,5,DAIRY,551.0,25
2017-05-31,5,DAIRY,635.0,28
2017-06-01,5,DAIRY,456.0,3
2017-06-02,5,DAIRY,687.0,20
2017-06-03,5,DAIRY,631.0,19
2017-06-04,5,DAIRY,921.0,19
2017-06-05,5,DAIRY,679.0,17
2017-06-06,5,DAIRY,509.0,17
2017-06-07,5,DAIRY,453.0,17
2017-06-08,5,DAIRY,482.0,24
2017-06-09,5,DAIRY,578.0,35
2017-06-10,5,DAIRY,519.0,31
2017-06-11,5,DAIRY,709.0,38
2017-06-12,5,DAIRY,589.0,33
2017-06-13,5,DAIRY,493.0,30
2017-06-14,5,DAIRY,533.0,34
2017-06-15,5,DAIRY,434.0,18
2017-06-16,5,DAIRY,463.0,22
2017-06-17,5,DAIRY,607.0,21
2017-06-18,5,DAIRY,579.0,23
2017-06-19,5,DAIRY,550.0,25
2017-06-20,5,DAIRY,519.0,31
2017-06-21,5,DAIRY,477.0,34
2017-06-22,5,DAIRY,459.0,32
2017-06-23,5,DAIRY,513.0,27
2017-06-24,5,DAIRY,609.0,29
2017-06-25,5,DAIRY,599.0,24
2017-06-26,5,DAIRY,568.0,24
2017-06-27,5,DAIRY,473.0,23
2017-06-28,5,DAIRY,554.0,26
2017-06-29,5,DAIRY,455.0,25
2017-06-30,5,DAIRY,525.0,24
2017-07-01,5,DAIRY,541.0,28
2017-07-02,5,DAIRY,559.0,26
2017-07-03,5,DAIRY,645.0,28
2017-07-04,5,DAIRY,683.0,25
2017-07-05,5,DAIRY,704.0,42
2017-07-06,5,DAIRY,550.0,34
2017-07-07,5,DAIRY,527.0,36
2017-07-08,5,DAIRY,614.0,34
2017-07-09,5,DAIRY,749.0,39
2017-07-10,5,DAIRY,674.0,36
2017-07-11,5,DAIRY,499.0,34
2017-07-12,5,DAIRY,559.0,34
2017-07-13,5,DAIRY,479.0,21
2017-07-14,5,DAIRY,543.0,25
2017-07-15,5,DAIRY,596.0,24
2017-07-16,5,DAIRY,714.0,20
2017-07-17,5,DAIRY,597.0,21
2017-07-18,5,DAIRY,461.0,15
2017-07-19,5,DAIRY,582.0,17
2017-07-20,5,DAIRY,484.0,15
2017-07-21,5,DAIRY,481.0,19
2017-07-22,5,DAIRY,507.0,20
2017-07-23,5,DAIRY,778.0,20
2017-07-24,5,DAIRY,667.0,19
2017-07-25,5,DAIRY,441.0,16
2017-07-26,5,DAIRY,516.0,17
2017-07-27,5,DAIRY,398.0,5
2017-07-28,5,DAIRY,467.0,8
2017-07-29,5,DAIRY,571.0,6
2017-07-30,5,DAIRY,732.0,6
2017-07-31,5,DAIRY,592.0,7
2017-01-01,5,DELI,0.0,0
2017-01-02,5,DELI,305.808,12
2017-01-03,5,DELI,260.556,13
2017-01-04,5,DELI,302.654,13
2017-01-05,5,DELI,182.023,1
2017-01-06,5,DELI,235.897,62
2017-01-07,5,DELI,268.357,0
2017-01-08,5,DELI,244.526,4
2017-01-09,5,DELI,202.881,7
2017-01-10,5,DELI,194.106,11
2017-01-11,5,DELI,207.02,7
2017-01-12,5,DELI,167.36,5
2017-01-13,5,DELI,224.895,64
2017-01-14,5,DELI,227.043,8
2017-01-15,5,DELI,220.719,7
2017-01-16,5,DELI,198.627,6
2017-01-17,5,DELI,171.376,3
2017-01-18,5,DELI,207.98,8
2017-01-19,5,DELI,170.809,11
2017-01-20,5,DELI,265.617,65
2017-01-21,5,DELI,232.118,11
2017-01-22,5,DELI,277.988,13
2017-01-23,5,DELI,239.786,14
2017-01-24,5,DELI,256.16,11
2017-01-25,5,DELI,185.704,9
2017-01-26,5,DELI,159.932,11
2017-01-27,5,DELI,261.017,55
2017-01-28,5,DELI,222.593,11
2017-01-29,5,DELI,195.357,11
2017-01-30,5,DELI,200.817,10
2017-01-31,5,DELI,220.936,10
2017-02-01,5,DELI,271.689,7
2017-02-02,5,DELI,252.375,7
2017-02-03,5,DELI,228.459,62
2017-02-04,5,DELI,285.004,6
2017-02-05,5,DELI,321.53,6
2017-02-06,5,DELI,247.999,7
2017-02-07,5,DELI,190.539,11
2017-02-08,5,DELI,185.362,12
2017-02-09,5,DELI,180.563,8
2017-02-10,5,DELI,229.645,59
2017-02-11,5,DELI,231.645,7
2017-02-12,5,DELI,227.48,8
2017-02-13,5,DELI,196.681,8
2017-02-14,5,DELI,167.563,7
2017-02-15,5,DELI,188.516,9
2017-02-16,5,DELI,127.148,6
2017-02-17,5,DELI,230.152,64
2017-02-18,5,DELI,270.212,9
2017-02-19,5,DELI,203.585,8
2017-02-20,5,DELI,166.724,8
2017-02-21,5,DELI,190.635,10
2017-02-22,5,DELI,229.78,8
2017-02-23,5,DELI,219.389,7
2017-02-24,5,DELI,252.839,66
2017-02-25,5,DELI,250.555,11
2017-02-26,5,DELI,159.911,10
2017-02-27,5,DELI,167.485,8
2017-02-28,5,DELI,165.391,9
2017-03-01,5,DELI,345.475,7
2017-03-02,5,DELI,206.242,0
2017-03-03,5,DELI,310.558,65
2017-03-04,5,DELI,231.778,0
2017-03-05,5,DELI,283.184,0
2017-03-06,5,DELI,200.009,1
2017-03-07,5,DELI,166.893,1
2017-03-08,5,DELI,188.146,2
2017-03-09,5,DELI,182.029,2
2017-03-10,5,DELI,219.688,56
2017-03-11,5,DELI,175.473,2
2017-03-12,5,DELI,248.408,4
2017-03-13,5,DELI,208.705,3
2017-03-14,5,DELI,201.582,4
2017-03-15,5,DELI,214.373,2
2017-03-16,5,DELI,191.273,4
2017-03-17,5,DELI,279.15,51
2017-03-18,5,DELI,270.135,3
2017-03-19,5,DELI,281.007,5
2017-03-20,5,DELI,222.829,4
2017-03-21,5,DELI,253.237,9
2017-03-22,5,DELI,165.844,7
2017-03-23,5,DELI,201.051,8
2017-03-24,5,DELI,266.662,66
2017-03-25,5,DELI,191.189,8
2017-03-26,5,DELI,207.363,6
2017-03-27,5,DELI,219.622,8
2017-03-28,5,DELI,160.632,8
2017-03-29,5,DELI,213.518,8
2017-03-30,5,DELI,136.177,6
2017-03-31,5,DELI,281.524,60
2017-04-01,5,DELI,309.21,12
2017-04-02,5,DELI,291.671,10
2017-04-03,5,DELI,259.631,7
2017-04-04,5,DELI,244.128,8
2017-04-05,5,DELI,173.555,4
2017-04-06,5,DELI,190.947,8
2017-04-07,5,DELI,201.818,59
2017-04-08,5,DELI,215.081,10
2017-04-09,5,DELI,200.55,9
2017-04-10,5,DELI,234.543,5
2017-04-11,5,DELI,141.681,3
2017-04-12,5,DELI,200.163,10
2017-04-13,5,DELI,135.924,3
2017-04-14,5,DELI,195.046,53
2017-04-15,5,DELI,193.95801,3
2017-04-16,5,DELI,222.36101,5
2017-04-17,5,DELI,240.228,6
2017-04-18,5,DELI,186.499,4
2017-04-19,5,DELI,198.466,4
2017-04-20,5,DELI,185.695,2
2017-04-21,5,DELI,202.16,57
2017-04-22,5,DELI,190.382,3
2017-04-23,5,DELI,213.691,1
2017-04-24,5,DELI,278.513,4
2017-04-25,5,DELI,220.306,5
2017-04-26,5,DELI,221.258,5
2017-04-27,5,DELI,158.167,3
2017-04-28,5,DELI,228.296,60
2017-04-29,5,DELI,218.689,3
2017-04-30,5,DELI,290.578,4
2017-05-01,5,DELI,256.892,2
2017-05-02,5,DELI,258.061,5
2017-05-03,5,DELI,208.105,3
2017-05-04,5,DELI,169.305,1
2017-05-05,5,DELI,171.915,60
2017-05-06,5,DELI,225.795,2
2017-05-07,5,DELI,265.812,2
2017-05-08,5,DELI,220.012,6
2017-05-09,5,DELI,196.706,4
2017-05-10,5,DELI,161.676,7
2017-05-11,5,DELI,157.99,7
2017-05-12,5,DELI,276.725,65
2017-05-13,5,DELI,291.393,12
2017-05-14,5,DELI,223.174,9
2017-05-15,5,DELI,195.7,10
2017-05-16,5,DELI,208.946,10
2017-05-17,5,DELI,222.417,10
2017-05-18,5,DELI,146.071,8
2017-05-19,5,DELI,218.235,61
2017-05-20,5,DELI,206.157,8
2017-05-21,5,DELI,268.12,10
2017-05-22,5,DELI,230.75,9
2017-05-23,5,DELI,169.812,8
2017-05-24,5,DELI,176.89,8
2017-05-25,5,DELI,173.247,7
2017-05-26,5,DELI,255.161,63
2017-05-27,5,DELI,249.193,7
2017-05-28,5,DELI,243.056,9
2017-05-29,5,DELI,258.956,12
2017-05-30,5,DELI,206.73,8
2017-05-31,5,DELI,217.284,9
2017-06-01,5,DELI,208.264,1
2017-06-02,5,DELI,255.235,63
2017-06-03,5,DELI,271.59,7
2017-06-04,5,DELI,306.073,8
2017-06-05,5,DELI,220.549,7
2017-06-06,5,DELI,202.572,7
2017-06-07,5,DELI,220.115,7
2017-06-08,5,DELI,189.176,6
2017-06-09,5,DELI,250.446,65
2017-06-10,5,DELI,187.576,8
2017-06-11,5,DELI,298.468,6
2017-06-12,5,DELI,208.975,5
2017-06-13,5,DELI,155.694,5
2017-06-14,5,DELI,188.623,8
2017-06-15,5,DELI,191.633,2
2017-06-16,5,DELI,270.59,65
2017-06-17,5,DELI,215.267,1
2017-06-18,5,DELI,248.856,3
2017-06-19,5,DELI,193.36101,2
2017-06-20,5,DELI,206.143,3
2017-06-21,5,DELI,188.106,3
2017-06-22,5,DELI,203.415,1
2017-06-23,5,DELI,295.934,66
2017-06-24,5,DELI,256.495,2
2017-06-25,5,DELI,281.325,1
2017-06-26,5,DELI,209.033,1
2017-06-27,5,DELI,169.212,1
2017-06-28,5,DELI,183.888,1
2017-06-29,5,DELI,175.087,1
2017-06-30,5,DELI,219.53,53
2017-07-01,5,DELI,224.7,2
2017-07-02,5,DELI,206.501,1
2017-07-03,5,DELI,234.032,1
2017-07-04,5,DELI,260.961,1
2017-07-05,5,DELI,227.374,13
2017-07-06,5,DELI,248.689,13
2017-07-07,5,DELI,288.082,59
2017-07-08,5,DELI,226.043,14
2017-07-09,5,DELI,356.557,15
2017-07-10,5,DELI,241.101,13
2017-07-11,5,DELI,247.404,14
2017-07-12,5,DELI,209.126,12
2017-07-13,5,DELI,191.888,13
2017-07-14,5,DELI,248.81,62
2017-07-15,5,DELI,231.605,15
2017-07-16,5,DELI,239.488,14
2017-07-17,5,DELI,200.234,12
2017-07-18,5,DELI,213.353,15
2017-07-19,5,DELI,231.746,13
2017-07-20,5,DELI,244.084,15
2017-07-21,5,DELI,248.717,61
2017-07-22,5,DELI,204.103,14
2017-07-23,5,DELI,273.321,16
2017-07-24,5,DELI,223.85,13
2017-07-25,5,DELI,204.355,13
2017-07-26,5,DELI,199.518,15
2017-07-27,5,DELI,156.804,5
2017-07-28,5,DELI,189.479,59
2017-07-29,5,DELI,251.885,8
2017-07-30,5,DELI,239.348,7
2017-07-31,5,DELI,246.152,6
2017-01-01,5,EGGS,0.0,0
2017-01-02,5,EGGS,109.0,0
2017-01-03,5,EGGS,95.0,0
2017-01-04,5,EGGS,110.0,0
2017-01-05,5,EGGS,81.0,0
2017-01-06,5,EGGS,103.0,26
2017-01-07,5,EGGS,98.0,2
2017-01-08,5,EGGS,116.0,1
2017-01-09,5,EGGS,88.0,1
2017-01-10,5,EGGS,50.0,3
2017-01-11,5,EGGS,67.0,1
2017-01-12,5,EGGS,55.0,1
2017-01-13,5,EGGS,71.0,20
2017-01-14,5,EGGS,86.0,0
2017-01-15,5,EGGS,117.0,1
2017-01-16,5,EGGS,75.0,2
2017-01-17,5,EGGS,77.0,1
2017-01-18,5,EGGS,64.0,2
2017-01-19,5,EGGS,64.0,1
2017-01-20,5,EGGS,78.0,21
2017-01-21,5,EGGS,81.0,2
2017-01-22,5,EGGS,102.0,1
2017-01-23,5,EGGS,75.0,2
2017-01-24,5,EGGS,66.0,2
2017-01-25,5,EGGS,74.0,2
2017-01-26,5,EGGS,75.0,2
2017-01-27,5,EGGS,85.0,24
2017-01-28,5,EGGS,69.0,2
2017-01-29,5,EGGS,106.0,2
2017-01-30,5,EGGS,94.0,1
2017-01-31,5,EGGS,79.0,2
2017-02-01,5,EGGS,91.0,0
2017-02-02,5,EGGS,56.0,0
2017-02-03,5,EGGS,66.0,20
2017-02-04,5,EGGS,112.0,0
2017-02-05,5,EGGS,108.0,0
2017-02-06,5,EGGS,68.0,0
2017-02-07,5,EGGS,67.0,0
2017-02-08,5,EGGS,79.0,0
2017-02-09,5,EGGS,45.0,0
2017-02-10,5,EGGS,85.0,20
2017-02-11,5,EGGS,89.0,0
2017-02-12,5,EGGS,86.0,1
2017-02-13,5,EGGS,68.0,0
2017-02-14,5,EGGS,67.0,0
2017-02-15,5,EGGS,64.0,1
2017-02-16,5,EGGS,53.0,1
2017-02-17,5,EGGS,80.0,23
2017-02-18,5,EGGS,89.0,1
2017-02-19,5,EGGS,79.0,1
2017-02-20,5,EGGS,90.0,1
2017-02-21,5,EGGS,68.0,2
2017-02-22,5,EGGS,72.0,1
2017-02-23,5,EGGS,75.0,1
2017-02-24,5,EGGS,79.0,18
2017-02-25,5,EGGS,105.0,1
2017-02-26,5,EGGS,75.0,1
2017-02-27,5,EGGS,59.0,1
2017-02-28,5,EGGS,71.0,1
2017-03-01,5,EGGS,105.0,4
2017-03-02,5,EGGS,73.0,1
2017-03-03,5,EGGS,105.0,25
2017-03-04,5,EGGS,91.0,1
2017-03-05,5,EGGS,108.0,1
2017-03-06,5,EGGS,98.0,1
2017-03-07,5,EGGS,76.0,1
2017-03-08,5,EGGS,70.0,1
2017-03-09,5,EGGS,62.0,0
2017-03-10,5,EGGS,72.0,26
2017-03-11,5,EGGS,78.0,0
2017-03-12,5,EGGS,102.0,0
2017-03-13,5,EGGS,90.0,0
2017-03-14,5,EGGS,64.0,0
2017-03-15,5,EGGS,76.0,0
2017-03-16,5,EGGS,61.0,0
2017-03-17,5,EGGS,99.0,25
2017-03-18,5,EGGS,72.0,0
2017-03-19,5,EGGS,95.0,0
2017-03-20,5,EGGS,72.0,0
2017-03-21,5,EGGS,76.0,0
2017-03-22,5,EGGS,76.0,0
2017-03-23,5,EGGS,61.0,0
2017-03-24,5,EGGS,91.0,25
2017-03-25,5,EGGS,77.0,2
2017-03-26,5,EGGS,101.0,0
2017-03-27,5,EGGS,79.0,2
2017-03-28,5,EGGS,82.0,1
2017-03-29,5,EGGS,82.0,2
2017-03-30,5,EGGS,63.0,1
2017-03-31,5,EGGS,92.0,21
2017-04-01,5,EGGS,104.0,1
2017-04-02,5,EGGS,106.0,2
2017-04-03,5,EGGS,57.0,2
2017-04-04,5,EGGS,91.0,1
2017-04-05,5,EGGS,97.0,2
2017-04-06,5,EGGS,52.0,0
2017-04-07,5,EGGS,70.0,23
2017-04-08,5,EGGS,78.0,2
2017-04-09,5,EGGS,97.0,1
2017-04-10,5,EGGS,80.0,2
2017-04-11,5,EGGS,60.0,0
2017-04-12,5,EGGS,79.0,2
2017-04-13,5,EGGS,72.0,3
2017-04-14,5,EGGS,108.0,25
2017-04-15,5,EGGS,74.0,1
2017-04-16,5,EGGS,102.0,0
2017-04-17,5,EGGS,91.0,1
2017-04-18,5,EGGS,83.0,0
2017-04-19,5,EGGS,66.0,0
2017-04-20,5,EGGS,69.0,2
2017-04-21,5,EGGS,80.0,23
2017-04-22,5,EGGS,76.0,1
2017-04-23,5,EGGS,112.0,1
2017-04-24,5,EGGS,89.0,1
2017-04-25,5,EGGS,65.0,2
2017-04-26,5,EGGS,74.0,2
2017-04-27,5,EGGS,71.0,2
2017-04-28,5,EGGS,83.0,24
2017-04-29,5,EGGS,79.0,2
2017-04-30,5,EGGS,97.0,2
2017-05-01,5,EGGS,128.0,2
2017-05-02,5,EGGS,98.0,2
2017-05-03,5,EGGS,99.0,2
2017-05-04,5,EGGS,73.0,2
2017-05-05,5,EGGS,78.0,22
2017-05-06,5,EGGS,80.0,2
2017-05-07,5,EGGS,111.0,2
2017-05-08,5,EGGS,88.0,1
2017-05-09,5,EGGS,59.0,1
2017-05-10,5,EGGS,74.0,3
2017-05-11,5,EGGS,51.0,2
2017-05-12,5,EGGS,81.0,21
2017-05-13,5,EGGS,94.0,2
2017-05-14,5,EGGS,82.0,1
2017-05-15,5,EGGS,81.0,1
2017-05-16,5,EGGS,92.0,1
2017-05-17,5,EGGS,83.0,1
2017-05-18,5,EGGS,66.0,2
2017-05-19,5,EGGS,91.0,23
2017-05-20,5,EGGS,71.0,1
2017-05-21,5,EGGS,125.0,1
2017-05-22,5,EGGS,69.0,0
2017-05-23,5,EGGS,87.0,1
2017-05-24,5,EGGS,83.0,1
2017-05-25,5,EGGS,68.0,1
2017-05-26,5,EGGS,93.0,24
2017-05-27,5,EGGS,79.0,1
2017-05-28,5,EGGS,108.0,1
2017-05-29,5,EGGS,94.0,2
2017-05-30,5,EGGS,84.0,1
2017-05-31,5,EGGS,78.0,1
2017-06-01,5,EGGS,61.0,0
2017-06-02,5,EGGS,135.0,22
2017-06-03,5,EGGS,111.0,4
2017-06-04,5,EGGS,182.0,4
2017-06-05,5,EGGS,123.0,4
2017-06-06,5,EGGS,91.0,4
2017-06-07,5,EGGS,75.0,4
2017-06-08,5,EGGS,80.0,3
2017-06-09,5,EGGS,112.0,22
2017-06-10,5,EGGS,126.0,4
2017-06-11,5,EGGS,168.0,3
2017-06-12,5,EGGS,89.0,4
2017-06-13,5,EGGS,84.0,4
2017-06-14,5,EGGS,90.0,3
2017-06-15,5,EGGS,80.0,3
2017-06-16,5,EGGS,94.0,25
2017-06-17,5,EGGS,129.0,4
2017-06-18,5,EGGS,123.0,3
2017-06-19,5,EGGS,116.0,4
2017-06-20,5,EGGS,91.0,4
2017-06-21,5,EGGS,99.0,3
2017-06-22,5,EGGS,65.0,0
2017-06-23,5,EGGS,69.0,19
2017-06-24,5,EGGS,83.0,1
2017-06-25,5,EGGS,95.0,0
2017-06-26,5,EGGS,92.0,0
2017-06-27,5,EGGS,64.0,0
2017-06-28,5,EGGS,87.0,0
2017-06-29,5,EGGS,52.0,0
2017-06-30,5,EGGS,69.0,19
2017-07-01,5,EGGS,70.0,0
2017-07-02,5,EGGS,106.0,0
2017-07-03,5,EGGS,113.0,1
2017-07-04,5,EGGS,105.0,0
2017-07-05,5,EGGS,117.0,1
2017-07-06,5,EGGS,76.0,0
2017-07-07,5,EGGS,75.0,22
2017-07-08,5,EGGS,91.0,0
2017-07-09,5,EGGS,120.0,0
2017-07-10,5,EGGS,103.0,0
2017-07-11,5,EGGS,73.0,0
2017-07-12,5,EGGS,70.0,0
2017-07-13,5,EGGS,57.0,0
2017-07-14,5,EGGS,89.0,22
2017-07-15,5,EGGS,80.0,0
2017-07-16,5,EGGS,110.0,0
2017-07-17,5,EGGS,92.0,0
2017-07-18,5,EGGS,83.0,0
2017-07-19,5,EGGS,90.0,0
2017-07-20,5,EGGS,73.0,0
2017-07-21,5,EGGS,84.0,23
2017-07-22,5,EGGS,84.0,0
2017-07-23,5,EGGS,140.0,0
2017-07-24,5,EGGS,85.0,0
2017-07-25,5,EGGS,84.0,0
2017-07-26,5,EGGS,96.0,0
2017-07-27,5,EGGS,46.0,0
2017-07-28,5,EGGS,87.0,21
2017-07-29,5,EGGS,91.0,0
2017-07-30,5,EGGS,114.0,0
2017-07-31,5,EGGS,93.0,0
2017-01-01,5,FROZEN FOODS,0.0,0
2017-01-02,5,FROZEN FOODS,107.801,1
2017-01-03,5,FROZEN FOODS,84.687,1
2017-01-04,5,FROZEN FOODS,99.055,2
2017-01-05,5,FROZEN FOODS,80.849,2
2017-01-06,5,FROZEN FOODS,136.154,3
2017-01-07,5,FROZEN FOODS,138.898,3
2017-01-08,5,FROZEN FOODS,72.0,1
2017-01-09,5,FROZEN FOODS,120.461,2
2017-01-10,5,FROZEN FOODS,90.583,4
2017-01-11,5,FROZEN FOODS,91.984,2
2017-01-12,5,FROZEN FOODS,91.405,1
2017-01-13,5,FROZEN FOODS,88.0,1
2017-01-14,5,FROZEN FOODS,127.216,2
2017-01-15,5,FROZEN FOODS,96.0,3
2017-01-16,5,FROZEN FOODS,95.206,1
2017-01-17,5,FROZEN FOODS,73.3,1
2017-01-18,5,FROZEN FOODS,78.101,2
2017-01-19,5,FROZEN FOODS,121.243,3
2017-01-20,5,FROZEN FOODS,127.231,5
2017-01-21,5,FROZEN FOODS,131.0,3
2017-01-22,5,FROZEN FOODS,136.864,4
2017-01-23,5,FROZEN FOODS,94.7,2
2017-01-24,5,FROZEN FOODS,78.918,3
2017-01-25,5,FROZEN FOODS,92.85,3
2017-01-26,5,FROZEN FOODS,112.703,1
2017-01-27,5,FROZEN FOODS,84.784,2
2017-01-28,5,FROZEN FOODS,129.54199,4
2017-01-29,5,FROZEN FOODS,83.0,2
2017-01-30,5,FROZEN FOODS,81.579,3
2017-01-31,5,FROZEN FOODS,73.0,3
2017-02-01,5,FROZEN FOODS,111.066,2
2017-02-02,5,FROZEN FOODS,78.869,2
2017-02-03,5,FROZEN FOODS,118.0,2
2017-02-04,5,FROZEN FOODS,136.877,2
2017-02-05,5,FROZEN FOODS,60.885,3
2017-02-06,5,FROZEN FOODS,94.665,3
2017-02-07,5,FROZEN FOODS,97.891,3
2017-02-08,5,FROZEN FOODS,69.995,4
2017-02-09,5,FROZEN FOODS,69.972,2
2017-02-10,5,FROZEN FOODS,110.656,1
2017-02-11,5,FROZEN FOODS,175.745,2
2017-02-12,5,FROZEN FOODS,72.78,1
2017-02-13,5,FROZEN FOODS,64.0,1
2017-02-14,5,FROZEN FOODS,130.081,2
2017-02-15,5,FROZEN FOODS,99.0,4
2017-02-16,5,FROZEN FOODS,58.0,2
2017-02-17,5,FROZEN FOODS,111.419,3
2017-02-18,5,FROZEN FOODS,153.956,3
2017-02-19,5,FROZEN FOODS,90.0,3
2017-02-20,5,FROZEN FOODS,74.0,2
2017-02-21,5,FROZEN FOODS,76.0,3
2017-02-22,5,FROZEN FOODS,95.0,1
2017-02-23,5,FROZEN FOODS,77.020996,2
2017-02-24,5,FROZEN FOODS,170.54,3
2017-02-25,5,FROZEN FOODS,242.114,3
2017-02-26,5,FROZEN FOODS,102.0,3
2017-02-27,5,FROZEN FOODS,83.0,2
2017-02-28,5,FROZEN FOODS,72.0,3
2017-03-01,5,FROZEN FOODS,101.135,3
2017-03-02,5,FROZEN FOODS,75.0,2
2017-03-03,5,FROZEN FOODS,113.066,2
2017-03-04,5,FROZEN FOODS,148.868,2
2017-03-05,5,FROZEN FOODS,99.0,2
2017-03-06,5,FROZEN FOODS,80.627,0
2017-03-07,5,FROZEN FOODS,49.0,2
2017-03-08,5,FROZEN FOODS,122.0,2
2017-03-09,5,FROZEN FOODS,93.0,2
2017-03-10,5,FROZEN FOODS,73.0,3
2017-03-11,5,FROZEN FOODS,128.0,2
2017-03-12,5,FROZEN FOODS,72.0,3
2017-03-13,5,FROZEN FOODS,62.0,2
2017-03-14,5,FROZEN FOODS,71.0,2
2017-03-15,5,FROZEN FOODS,108.849,3
2017-03-16,5,FROZEN FOODS,79.746,3
2017-03-17,5,FROZEN FOODS,113.504,3
2017-03-18,5,FROZEN FOODS,122.115,2
2017-03-19,5,FROZEN FOODS,105.475,3
2017-03-20,5,FROZEN FOODS,84.641,2
2017-03-21,5,FROZEN FOODS,111.0,2
2017-03-22,5,FROZEN FOODS,71.14,3
2017-03-23,5,FROZEN FOODS,107.0,2
2017-03-24,5,FROZEN FOODS,130.731,2
2017-03-25,5,FROZEN FOODS,162.0,2
2017-03-26,5,FROZEN FOODS,95.0,2
2017-03-27,5,FROZEN FOODS,84.481,2
2017-03-28,5,FROZEN FOODS,100.145,1
2017-03-29,5,FROZEN FOODS,95.75,2
2017-03-30,5,FROZEN FOODS,70.0,1
2017-03-31,5,FROZEN FOODS,110.068,3
2017-04-01,5,FROZEN FOODS,145.558,0
2017-04-02,5,FROZEN FOODS,105.587,0
2017-04-03,5,FROZEN FOODS,77.0,1
2017-04-04,5,FROZEN FOODS,87.0,0
2017-04-05,5,FROZEN FOODS,88.0,0
2017-04-06,5,FROZEN FOODS,86.992,0
2017-04-07,5,FROZEN FOODS,77.564,0
2017-04-08,5,FROZEN FOODS,170.0,0
2017-04-09,5,FROZEN FOODS,64.0,0
2017-04-10,5,FROZEN FOODS,84.0,0
2017-04-11,5,FROZEN FOODS,70.0,1
2017-04-12,5,FROZEN FOODS,120.0,2
2017-04-13,5,FROZEN FOODS,75.0,3
2017-04-14,5,FROZEN FOODS,115.895,3
2017-04-15,5,FROZEN FOODS,122.0,2
2017-04-16,5,FROZEN FOODS,67.0,3
2017-04-17,5,FROZEN FOODS,86.0,3
2017-04-18,5,FROZEN FOODS,74.562,2
2017-04-19,5,FROZEN FOODS,85.22,3
2017-04-20,5,FROZEN FOODS,65.415,2
2017-04-21,5,FROZEN FOODS,76.892,4
2017-04-22,5,FROZEN FOODS,110.901,2
2017-04-23,5,FROZEN FOODS,68.03,2
2017-04-24,5,FROZEN FOODS,66.0,2
2017-04-25,5,FROZEN FOODS,41.0,2
2017-04-26,5,FROZEN FOODS,85.0,2
2017-04-27,5,FROZEN FOODS,103.854996,3
2017-04-28,5,FROZEN FOODS,108.0,3
2017-04-29,5,FROZEN FOODS,195.0,1
2017-04-30,5,FROZEN FOODS,89.0,2
2017-05-01,5,FROZEN FOODS,120.973,3
2017-05-02,5,FROZEN FOODS,59.471,4
2017-05-03,5,FROZEN FOODS,67.345,4
2017-05-04,5,FROZEN FOODS,85.093,3
2017-05-05,5,FROZEN FOODS,121.628,3
2017-05-06,5,FROZEN FOODS,141.695,3
2017-05-07,5,FROZEN FOODS,91.474,4
2017-05-08,5,FROZEN FOODS,60.0,2
2017-05-09,5,FROZEN FOODS,44.0,1
2017-05-10,5,FROZEN FOODS,136.846,2
2017-05-11,5,FROZEN FOODS,102.812,2
2017-05-12,5,FROZEN FOODS,129.849,3
2017-05-13,5,FROZEN FOODS,219.65201,3
2017-05-14,5,FROZEN FOODS,171.189,3
2017-05-15,5,FROZEN FOODS,88.0,4
2017-05-16,5,FROZEN FOODS,91.0,3
2017-05-17,5,FROZEN FOODS,60.0,3
2017-05-18,5,FROZEN FOODS,129.02701,2
2017-05-19,5,FROZEN FOODS,107.836,2
2017-05-20,5,FROZEN FOODS,167.363,3
2017-05-21,5,FROZEN FOODS,106.621,5
2017-05-22,5,FROZEN FOODS,62.0,4
2017-05-23,5,FROZEN FOODS,69.043,3
2017-05-24,5,FROZEN FOODS,63.0,3
2017-05-25,5,FROZEN FOODS,111.529,2
2017-05-26,5,FROZEN FOODS,161.138,4
2017-05-27,5,FROZEN FOODS,163.0,4
2017-05-28,5,FROZEN FOODS,101.88,3
2017-05-29,5,FROZEN FOODS,74.0,2
2017-05-30,5,FROZEN FOODS,59.0,1
2017-05-31,5,FROZEN FOODS,107.0,2
2017-06-01,5,FROZEN FOODS,90.0,1
2017-06-02,5,FROZEN FOODS,142.784,3
2017-06-03,5,FROZEN FOODS,132.478,1
2017-06-04,5,FROZEN FOODS,108.456,1
2017-06-05,5,FROZEN FOODS,62.0,1
2017-06-06,5,FROZEN FOODS,82.379,3
2017-06-07,5,FROZEN FOODS,90.204,1
2017-06-08,5,FROZEN FOODS,75.194,1
2017-06-09,5,FROZEN FOODS,110.645996,3
2017-06-10,5,FROZEN FOODS,146.0,1
2017-06-11,5,FROZEN FOODS,81.0,1
2017-06-12,5,FROZEN FOODS,62.0,1
2017-06-13,5,FROZEN FOODS,66.929,1
2017-06-14,5,FROZEN FOODS,103.959,1
2017-06-15,5,FROZEN FOODS,74.177,1
2017-06-16,5,FROZEN FOODS,149.20801,2
2017-06-17,5,FROZEN FOODS,140.463,2
2017-06-18,5,FROZEN FOODS,111.0,1
2017-06-19,5,FROZEN FOODS,66.0,1
2017-06-20,5,FROZEN FOODS,69.0,1
2017-06-21,5,FROZEN FOODS,75.0,1
2017-06-22,5,FROZEN FOODS,95.571,0
2017-06-23,5,FROZEN FOODS,114.0,0
2017-06-24,5,FROZEN FOODS,156.327,0
2017-06-25,5,FROZEN FOODS,109.0,0
2017-06-26,5,FROZEN FOODS,100.36,0
2017-06-27,5,FROZEN FOODS,97.634,0
2017-06-28,5,FROZEN FOODS,90.604996,0
2017-06-29,5,FROZEN FOODS,91.647,0
2017-06-30,5,FROZEN FOODS,160.764,0
2017-07-01,5,FROZEN FOODS,128.0,0
2017-07-02,5,FROZEN FOODS,140.399,0
2017-07-03,5,FROZEN FOODS,106.0,1
2017-07-04,5,FROZEN FOODS,80.0,1
2017-07-05,5,FROZEN FOODS,103.409,2
2017-07-06,5,FROZEN FOODS,97.813,0
2017-07-07,5,FROZEN FOODS,122.873,0
2017-07-08,5,FROZEN FOODS,131.0,0
2017-07-09,5,FROZEN FOODS,77.32,0
2017-07-10,5,FROZEN FOODS,71.855,0
2017-07-11,5,FROZEN FOODS,42.175,0
2017-07-12,5,FROZEN FOODS,85.0,1
2017-07-13,5,FROZEN FOODS,89.956,1
2017-07-14,5,FROZEN FOODS,204.454,2
2017-07-15,5,FROZEN FOODS,142.0,1
2017-07-16,5,FROZEN FOODS,93.159,1
2017-07-17,5,FROZEN FOODS,95.886,1
2017-07-18,5,FROZEN FOODS,91.408,1
2017-07-19,5,FROZEN FOODS,77.869,1
2017-07-20,5,FROZEN FOODS,73.0,1
2017-07-21,5,FROZEN FOODS,96.407,1
2017-07-22,5,FROZEN FOODS,161.0,1
2017-07-23,5,FROZEN FOODS,81.538,0
2017-07-24,5,FROZEN FOODS,90.478,1
2017-07-25,5,FROZEN FOODS,69.82,1
2017-07-26,5,FROZEN FOODS,74.0,1
2017-07-27,5,FROZEN FOODS,60.0,1
2017-07-28,5,FROZEN FOODS,144.529,2
2017-07-29,5,FROZEN FOODS,133.0,1
2017-07-30,5,FROZEN FOODS,102.775,1
2017-07-31,5,FROZEN FOODS,82.0,2
2017-01-01,5,GROCERY I,0.0,0
2017-01-02,5,GROCERY I,4026.0,88
2017-01-03,5,GROCERY I,3566.0,92
2017-01-04,5,GROCERY I,3744.0,125
2017-01-05,5,GROCERY I,2877.0,54
2017-01-06,5,GROCERY I,3472.0,56
2017-01-07,5,GROCERY I,3815.0,64
2017-01-08,5,GROCERY I,3507.0,68
2017-01-09,5,GROCERY I,2892.0,57
2017-01-10,5,GROCERY I,2647.0,70
2017-01-11,5,GROCERY I,3062.0,62
2017-01-12,5,GROCERY I,2640.0,55
2017-01-13,5,GROCERY I,2561.0,57
2017-01-14,5,GROCERY I,3558.0,58
2017-01-15,5,GROCERY I,3701.0,70
2017-01-16,5,GROCERY I,2711.0,59
2017-01-17,5,GROCERY I,2546.0,60
2017-01-18,5,GROCERY I,2695.0,74
2017-01-19,5,GROCERY I,2369.0,62
2017-01-20,5,GROCERY I,2567.0,77
2017-01-21,5,GROCERY I,3431.0,53
2017-01-22,5,GROCERY I,3303.0,55
2017-01-23,5,GROCERY I,2970.0,53
2017-01-24,5,GROCERY I,2998.0,56
2017-01-25,5,GROCERY I,2738.0,63
2017-01-26,5,GROCERY I,2510.0,31
2017-01-27,5,GROCERY I,2568.0,36
2017-01-28,5,GROCERY I,3704.0,32
2017-01-29,5,GROCERY I,3393.0,36
2017-01-30,5,GROCERY I,2802.0,35
2017-01-31,5,GROCERY I,2847.0,39
2017-02-01,5,GROCERY I,3900.0,54
2017-02-02,5,GROCERY I,3366.0,45
2017-02-03,5,GROCERY I,2923.0,45
2017-02-04,5,GROCERY I,4623.0,57
2017-02-05,5,GROCERY I,3798.0,48
2017-02-06,5,GROCERY I,2852.0,59
2017-02-07,5,GROCERY I,2799.0,38
2017-02-08,5,GROCERY I,2843.0,71
2017-02-09,5,GROCERY I,2389.0,37
2017-02-10,5,GROCERY I,2714.0,38
2017-02-11,5,GROCERY I,3437.0,38
2017-02-12,5,GROCERY I,3316.0,37
2017-02-13,5,GROCERY I,2967.0,36
2017-02-14,5,GROCERY I,2918.0,34
2017-02-15,5,GROCERY I,2565.0,45
2017-02-16,5,GROCERY I,2199.0,50
2017-02-17,5,GROCERY I,2763.0,57
2017-02-18,5,GROCERY I,3501.0,59
2017-02-19,5,GROCERY I,2930.0,57
2017-02-20,5,GROCERY I,2728.0,53
2017-02-21,5,GROCERY I,2570.0,60
2017-02-22,5,GROCERY I,2721.0,64
2017-02-23,5,GROCERY I,2744.0,64
2017-02-24,5,GROCERY I,2805.0,65
2017-02-25,5,GROCERY I,3935.0,71
2017-02-26,5,GROCERY I,2334.0,65
2017-02-27,5,GROCERY I,2007.0,59
2017-02-28,5,GROCERY I,2333.0,66
2017-03-01,5,GROCERY I,4090.0,69
2017-03-02,5,GROCERY I,3459.0,52
2017-03-03,5,GROCERY I,3870.0,52
2017-03-04,5,GROCERY I,3881.0,54
2017-03-05,5,GROCERY I,3808.0,58
2017-03-06,5,GROCERY I,3140.0,37
2017-03-07,5,GROCERY I,2529.0,35
2017-03-08,5,GROCERY I,3297.0,37
2017-03-09,5,GROCERY I,2570.0,26
2017-03-10,5,GROCERY I,2560.0,26
2017-03-11,5,GROCERY I,2757.0,24
2017-03-12,5,GROCERY I,2947.0,24
2017-03-13,5,GROCERY I,3022.0,19
2017-03-14,5,GROCERY I,2401.0,23
2017-03-15,5,GROCERY I,2921.0,26
2017-03-16,5,GROCERY I,2824.0,24
2017-03-17,5,GROCERY I,3855.0,26
2017-03-18,5,GROCERY I,3563.0,26
2017-03-19,5,GROCERY I,3475.0,23
2017-03-20,5,GROCERY I,2944.0,20
2017-03-21,5,GROCERY I,2914.0,21
2017-03-22,5,GROCERY I,2870.0,24
2017-03-23,5,GROCERY I,3047.0,28
2017-03-24,5,GROCERY I,3257.0,27
2017-03-25,5,GROCERY I,3357.0,28
2017-03-26,5,GROCERY I,3159.0,28
2017-03-27,5,GROCERY I,2689.0,25
2017-03-28,5,GROCERY I,2664.0,29
2017-03-29,5,GROCERY I,3136.0,30
2017-03-30,5,GROCERY I,2220.0,33
2017-03-31,5,GROCERY I,3586.0,38
2017-04-01,5,GROCERY I,4400.0,36
2017-04-02,5,GROCERY I,3740.0,34
2017-04-03,5,GROCERY I,2888.0,35
2017-04-04,5,GROCERY I,3046.0,32
2017-04-05,5,GROCERY I,2899.0,37
2017-04-06,5,GROCERY I,2741.0,38
2017-04-07,5,GROCERY I,3002.0,43
2017-04-08,5,GROCERY I,3019.0,35
2017-04-09,5,GROCERY I,3068.0,41
2017-04-10,5,GROCERY I,2825.0,46
2017-04-11,5,GROCERY I,2757.0,38
2017-04-12,5,GROCERY I,2755.0,76
2017-04-13,5,GROCERY I,3129.0,73
2017-04-14,5,GROCERY I,2917.0,74
2017-04-15,5,GROCERY I,2709.0,81
2017-04-16,5,GROCERY I,3053.0,74
2017-04-17,5,GROCERY I,2930.0,71
2017-04-18,5,GROCERY I,3043.0,71
2017-04-19,5,GROCERY I,2489.0,92
2017-04-20,5,GROCERY I,2127.0,72
2017-04-21,5,GROCERY I,2503.0,77
2017-04-22,5,GROCERY I,2650.0,88
2017-04-23,5,GROCERY I,3339.0,92
2017-04-24,5,GROCERY I,2974.0,84
2017-04-25,5,GROCERY I,2656.0,84
2017-04-26,5,GROCERY I,2766.0,93
2017-04-27,5,GROCERY I,2486.0,85
2017-04-28,5,GROCERY I,2837.0,95
2017-04-29,5,GROCERY I,3373.0,108
2017-04-30,5,GROCERY I,3765.0,98
2017-05-01,5,GROCERY I,4034.0,95
2017-05-02,5,GROCERY I,2905.0,75
2017-05-03,5,GROCERY I,3493.0,111
2017-05-04,5,GROCERY I,2535.0,64
2017-05-05,5,GROCERY I,2556.0,53
2017-05-06,5,GROCERY I,3524.0,66
2017-05-07,5,GROCERY I,3340.0,60
2017-05-08,5,GROCERY I,2847.0,54
2017-05-09,5,GROCERY I,2852.0,58
2017-05-10,5,GROCERY I,2529.0,78
2017-05-11,5,GROCERY I,2618.0,48
2017-05-12,5,GROCERY I,2964.0,51
2017-05-13,5,GROCERY I,3855.0,55
2017-05-14,5,GROCERY I,3006.0,53
2017-05-15,5,GROCERY I,2866.0,47
2017-05-16,5,GROCERY I,2767.0,46
2017-05-17,5,GROCERY I,2634.0,46
2017-05-18,5,GROCERY I,2425.0,50
2017-05-19,5,GROCERY I,3271.0,48
2017-05-20,5,GROCERY I,2784.0,45
2017-05-21,5,GROCERY I,3506.0,49
2017-05-22,5,GROCERY I,2767.0,41
2017-05-23,5,GROCERY I,2651.0,38
2017-05-24,5,GROCERY I,2519.0,41
2017-05-25,5,GROCERY I,2205.0,40
2017-05-26,5,GROCERY I,3138.0,40
2017-05-27,5,GROCERY I,3015.0,45
2017-05-28,5,GROCERY I,3244.0,43
2017-05-29,5,GROCERY I,2743.0,40
2017-05-30,5,GROCERY I,2904.0,38
2017-05-31,5,GROCERY I,2876.0,46
2017-06-01,5,GROCERY I,2859.0,13
2017-06-02,5,GROCERY I,3631.0,49
2017-06-03,5,GROCERY I,3859.0,39
2017-06-04,5,GROCERY I,4793.0,49
2017-06-05,5,GROCERY I,3201.0,48
2017-06-06,5,GROCERY I,2670.0,36
2017-06-07,5,GROCERY I,2932.0,56
2017-06-08,5,GROCERY I,2849.0,53
2017-06-09,5,GROCERY I,3181.0,57
2017-06-10,5,GROCERY I,3108.0,56
2017-06-11,5,GROCERY I,4108.0,58
2017-06-12,5,GROCERY I,3334.0,64
2017-06-13,5,GROCERY I,2498.0,55
2017-06-14,5,GROCERY I,2771.0,64
2017-06-15,5,GROCERY I,2552.0,46
2017-06-16,5,GROCERY I,3280.0,54
2017-06-17,5,GROCERY I,3483.0,60
2017-06-18,5,GROCERY I,3175.0,55
2017-06-19,5,GROCERY I,2889.0,55
2017-06-20,5,GROCERY I,2862.0,50
2017-06-21,5,GROCERY I,2691.0,71
2017-06-22,5,GROCERY I,2652.0,54
2017-06-23,5,GROCERY I,2698.0,55
2017-06-24,5,GROCERY I,3134.0,54
2017-06-25,5,GROCERY I,3101.0,56
2017-06-26,5,GROCERY I,2881.0,45
2017-06-27,5,GROCERY I,2542.0,55
2017-06-28,5,GROCERY I,2698.0,49
2017-06-29,5,GROCERY I,2399.0,49
2017-06-30,5,GROCERY I,2599.0,47
2017-07-01,5,GROCERY I,3229.0,51
2017-07-02,5,GROCERY I,3502.0,51
2017-07-03,5,GROCERY I,3506.0,60
2017-07-04,5,GROCERY I,3683.0,57
2017-07-05,5,GROCERY I,3500.0,98
2017-07-06,5,GROCERY I,2830.0,60
2017-07-07,5,GROCERY I,2903.0,45
2017-07-08,5,GROCERY I,3231.0,52
2017-07-09,5,GROCERY I,4033.0,55
2017-07-10,5,GROCERY I,3398.0,57
2017-07-11,5,GROCERY I,2638.0,55
2017-07-12,5,GROCERY I,2855.0,69
2017-07-13,5,GROCERY I,2432.0,52
2017-07-14,5,GROCERY I,3104.0,61
2017-07-15,5,GROCERY I,3458.0,69
2017-07-16,5,GROCERY I,3359.0,64
2017-07-17,5,GROCERY I,3479.0,60
2017-07-18,5,GROCERY I,2683.0,53
2017-07-19,5,GROCERY I,2980.0,66
2017-07-20,5,GROCERY I,2631.0,68
2017-07-21,5,GROCERY I,2844.0,69
2017-07-22,5,GROCERY I,3071.0,74
2017-07-23,5,GROCERY I,4053.0,82
2017-07-24,5,GROCERY I,3359.0,71
2017-07-25,5,GROCERY I,2377.0,65
2017-07-26,5,GROCERY I,2757.0,73
2017-07-27,5,GROCERY I,2257.0,48
2017-07-28,5,GROCERY I,2812.0,61
2017-07-29,5,GROCERY I,3676.0,66
2017-07-30,5,GROCERY I,3780.0,62
2017-07-31,5,GROCERY I,3280.0,65
2017-01-01,5,GROCERY II,0.0,0
2017-01-02,5,GROCERY II,30.0,0
2017-01-03,5,GROCERY II,10.0,0
2017-01-04,5,GROCERY II,4.0,0
2017-01-05,5,GROCERY II,13.0,0
2017-01-06,5,GROCERY II,20.0,0
2017-01-07,5,GROCERY II,19.0,0
2017-01-08,5,GROCERY II,17.0,0
2017-01-09,5,GROCERY II,8.0,0
2017-01-10,5,GROCERY II,10.0,0
2017-01-11,5,GROCERY II,22.0,0
2017-01-12,5,GROCERY II,10.0,0
2017-01-13,5,GROCERY II,12.0,0
2017-01-14,5,GROCERY II,50.0,0
2017-01-15,5,GROCERY II,13.0,0
2017-01-16,5,GROCERY II,12.0,0
2017-01-17,5,GROCERY II,14.0,0
2017-01-18,5,GROCERY II,11.0,0
2017-01-19,5,GROCERY II,34.0,0
2017-01-20,5,GROCERY II,11.0,0
2017-01-21,5,GROCERY II,22.0,0
2017-01-22,5,GROCERY II,12.0,0
2017-01-23,5,GROCERY II,27.0,0
2017-01-24,5,GROCERY II,5.0,0
2017-01-25,5,GROCERY II,12.0,0
2017-01-26,5,GROCERY II,15.0,0
2017-01-27,5,GROCERY II,10.0,0
2017-01-28,5,GROCERY II,19.0,0
2017-01-29,5,GROCERY II,12.0,0
2017-01-30,5,GROCERY II,7.0,0
2017-01-31,5,GROCERY II,22.0,0
2017-02-01,5,GROCERY II,10.0,0
2017-02-02,5,GROCERY II,17.0,0
2017-02-03,5,GROCERY II,12.0,0
2017-02-04,5,GROCERY II,33.0,0
2017-02-05,5,GROCERY II,16.0,0
2017-02-06,5,GROCERY II,18.0,0
2017-02-07,5,GROCERY II,13.0,0
2017-02-08,5,GROCERY II,9.0,1
2017-02-09,5,GROCERY II,14.0,1
2017-02-10,5,GROCERY II,23.0,1
2017-02-11,5,GROCERY II,22.0,1
2017-02-12,5,GROCERY II,17.0,1
2017-02-13,5,GROCERY II,26.0,1
2017-02-14,5,GROCERY II,17.0,1
2017-02-15,5,GROCERY II,29.0,1
2017-02-16,5,GROCERY II,21.0,1
2017-02-17,5,GROCERY II,24.0,1
2017-02-18,5,GROCERY II,17.0,0
2017-02-19,5,GROCERY II,15.0,1
2017-02-20,5,GROCERY II,21.0,1
2017-02-21,5,GROCERY II,13.0,0
2017-02-22,5,GROCERY II,18.0,1
2017-02-23,5,GROCERY II,35.0,1
2017-02-24,5,GROCERY II,4.0,0
2017-02-25,5,GROCERY II,19.0,1
2017-02-26,5,GROCERY II,25.0,1
2017-02-27,5,GROCERY II,12.0,1
2017-02-28,5,GROCERY II,11.0,0
2017-03-01,5,GROCERY II,7.0,1
2017-03-02,5,GROCERY II,20.0,0
2017-03-03,5,GROCERY II,13.0,0
2017-03-04,5,GROCERY II,17.0,0
2017-03-05,5,GROCERY II,26.0,0
2017-03-06,5,GROCERY II,28.0,0
2017-03-07,5,GROCERY II,8.0,0
2017-03-08,5,GROCERY II,15.0,0
2017-03-09,5,GROCERY II,22.0,0
2017-03-10,5,GROCERY II,31.0,0
2017-03-11,5,GROCERY II,15.0,0
2017-03-12,5,GROCERY II,18.0,0
2017-03-13,5,GROCERY II,10.0,0
2017-03-14,5,GROCERY II,12.0,0
2017-03-15,5,GROCERY II,21.0,0
2017-03-16,5,GROCERY II,11.0,0
2017-03-17,5,GROCERY II,31.0,0
2017-03-18,5,GROCERY II,20.0,0
2017-03-19,5,GROCERY II,16.0,0
2017-03-20,5,GROCERY II,19.0,0
2017-03-21,5,GROCERY II,14.0,0
2017-03-22,5,GROCERY II,42.0,0
2017-03-23,5,GROCERY II,19.0,0
2017-03-24,5,GROCERY II,21.0,0
2017-03-25,5,GROCERY II,30.0,0
2017-03-26,5,GROCERY II,7.0,0
2017-03-27,5,GROCERY II,13.0,0
2017-03-28,5,GROCERY II,12.0,0
2017-03-29,5,GROCERY II,19.0,0
2017-03-30,5,GROCERY II,13.0,0
2017-03-31,5,GROCERY II,21.0,0
2017-04-01,5,GROCERY II,29.0,0
2017-04-02,5,GROCERY II,11.0,0
2017-04-03,5,GROCERY II,11.0,0
2017-04-04,5,GROCERY II,18.0,0
2017-04-05,5,GROCERY II,8.0,0
2017-04-06,5,GROCERY II,15.0,0
2017-04-07,5,GROCERY II,18.0,0
2017-04-08,5,GROCERY II,17.0,0
2017-04-09,5,GROCERY II,6.0,0
2017-04-10,5,GROCERY II,25.0,0
2017-04-11,5,GROCERY II,12.0,0
2017-04-12,5,GROCERY II,13.0,0
2017-04-13,5,GROCERY II,28.0,0
2017-04-14,5,GROCERY II,14.0,0
2017-04-15,5,GROCERY II,13.0,0
2017-04-16,5,GROCERY II,6.0,0
2017-04-17,5,GROCERY II,22.0,0
2017-04-18,5,GROCERY II,13.0,0
2017-04-19,5,GROCERY II,16.0,0
2017-04-20,5,GROCERY II,9.0,0
2017-04-21,5,GROCERY II,16.0,0
2017-04-22,5,GROCERY II,9.0,0
2017-04-23,5,GROCERY II,19.0,0
2017-04-24,5,GROCERY II,25.0,0
2017-04-25,5,GROCERY II,12.0,0
2017-04-26,5,GROCERY II,9.0,0
2017-04-27,5,GROCERY II,15.0,0
2017-04-28,5,GROCERY II,28.0,0
2017-04-29,5,GROCERY II,29.0,0
2017-04-30,5,GROCERY II,9.0,0
2017-05-01,5,GROCERY II,21.0,0
2017-05-02,5,GROCERY II,21.0,0
2017-05-03,5,GROCERY II,16.0,0
2017-05-04,5,GROCERY II,17.0,0
2017-05-05,5,GROCERY II,9.0,0
2017-05-06,5,GROCERY II,14.0,0
2017-05-07,5,GROCERY II,19.0,0
2017-05-08,5,GROCERY II,24.0,0
2017-05-09,5,GROCERY II,18.0,0
2017-05-10,5,GROCERY II,17.0,0
2017-05-11,5,GROCERY II,44.0,0
2017-05-12,5,GROCERY II,55.0,0
2017-05-13,5,GROCERY II,42.0,0
2017-05-14,5,GROCERY II,33.0,0
2017-05-15,5,GROCERY II,11.0,0
2017-05-16,5,GROCERY II,17.0,0
2017-05-17,5,GROCERY II,17.0,0
2017-05-18,5,GROCERY II,12.0,0
2017-05-19,5,GROCERY II,17.0,0
2017-05-20,5,GROCERY II,14.0,0
2017-05-21,5,GROCERY II,11.0,0
2017-05-22,5,GROCERY II,20.0,0
2017-05-23,5,GROCERY II,32.0,0
2017-05-24,5,GROCERY II,19.0,0
2017-05-25,5,GROCERY II,19.0,0
2017-05-26,5,GROCERY II,16.0,0
2017-05-27,5,GROCERY II,22.0,0
2017-05-28,5,GROCERY II,31.0,0
2017-05-29,5,GROCERY II,18.0,0
2017-05-30,5,GROCERY II,12.0,0
2017-05-31,5,GROCERY II,14.0,0
2017-06-01,5,GROCERY II,5.0,0
2017-06-02,5,GROCERY II,21.0,0
2017-06-03,5,GROCERY II,17.0,0
2017-06-04,5,GROCERY II,19.0,0
2017-06-05,5,GROCERY II,26.0,0
2017-06-06,5,GROCERY II,27.0,0
2017-06-07,5,GROCERY II,11.0,0
2017-06-08,5,GROCERY II,6.0,0
2017-06-09,5,GROCERY II,13.0,0
2017-06-10,5,GROCERY II,29.0,0
2017-06-11,5,GROCERY II,24.0,0
2017-06-12,5,GROCERY II,16.0,0
2017-06-13,5,GROCERY II,11.0,0
2017-06-14,5,GROCERY II,17.0,0
2017-06-15,5,GROCERY II,30.0,0
2017-06-16,5,GROCERY II,32.0,0
2017-06-17,5,GROCERY II,28.0,0
2017-06-18,5,GROCERY II,23.0,0
2017-06-19,5,GROCERY II,12.0,0
2017-06-20,5,GROCERY II,7.0,0
2017-06-21,5,GROCERY II,6.0,0
2017-06-22,5,GROCERY II,18.0,0
2017-06-23,5,GROCERY II,22.0,0
2017-06-24,5,GROCERY II,41.0,0
2017-06-25,5,GROCERY II,10.0,0
2017-06-26,5,GROCERY II,10.0,0
2017-06-27,5,GROCERY II,10.0,0
2017-06-28,5,GROCERY II,10.0,0
2017-06-29,5,GROCERY II,11.0,0
2017-06-30,5,GROCERY II,12.0,0
2017-07-01,5,GROCERY II,14.0,0
2017-07-02,5,GROCERY II,22.0,0
2017-07-03,5,GROCERY II,42.0,0
2017-07-04,5,GROCERY II,11.0,0
2017-07-05,5,GROCERY II,11.0,0
2017-07-06,5,GROCERY II,12.0,0
2017-07-07,5,GROCERY II,10.0,0
2017-07-08,5,GROCERY II,21.0,0
2017-07-09,5,GROCERY II,20.0,0
2017-07-10,5,GROCERY II,23.0,0
2017-07-11,5,GROCERY II,21.0,0
2017-07-12,5,GROCERY II,44.0,0
2017-07-13,5,GROCERY II,31.0,1
2017-07-14,5,GROCERY II,106.0,1
2017-07-15,5,GROCERY II,163.0,1
2017-07-16,5,GROCERY II,125.0,1
2017-07-17,5,GROCERY II,96.0,1
2017-07-18,5,GROCERY II,60.0,1
2017-07-19,5,GROCERY II,118.0,1
2017-07-20,5,GROCERY II,123.0,1
2017-07-21,5,GROCERY II,62.0,1
2017-07-22,5,GROCERY II,86.0,1
2017-07-23,5,GROCERY II,184.0,1
2017-07-24,5,GROCERY II,85.0,1
2017-07-25,5,GROCERY II,106.0,1
2017-07-26,5,GROCERY II,64.0,1
2017-07-27,5,GROCERY II,37.0,1
2017-07-28,5,GROCERY II,80.0,1
2017-07-29,5,GROCERY II,136.0,1
2017-07-30,5,GROCERY II,128.0,1
2017-07-31,5,GROCERY II,135.0,1
2017-01-01,5,HARDWARE,0.0,0
2017-01-02,5,HARDWARE,1.0,0
2017-01-03,5,HARDWARE,0.0,0
2017-01-04,5,HARDWARE,0.0,0
2017-01-05,5,HARDWARE,0.0,0
2017-01-06,5,HARDWARE,0.0,0
2017-01-07,5,HARDWARE,0.0,0
2017-01-08,5,HARDWARE,2.0,0
2017-01-09,5,HARDWARE,1.0,0
2017-01-10,5,HARDWARE,1.0,0
2017-01-11,5,HARDWARE,0.0,0
2017-01-12,5,HARDWARE,0.0,0
2017-01-13,5,HARDWARE,0.0,0
2017-01-14,5,HARDWARE,0.0,0
2017-01-15,5,HARDWARE,0.0,0
2017-01-16,5,HARDWARE,0.0,0
2017-01-17,5,HARDWARE,0.0,0
2017-01-18,5,HARDWARE,0.0,0
2017-01-19,5,HARDWARE,1.0,0
2017-01-20,5,HARDWARE,0.0,0
2017-01-21,5,HARDWARE,0.0,0
2017-01-22,5,HARDWARE,0.0,0
2017-01-23,5,HARDWARE,0.0,0
2017-01-24,5,HARDWARE,1.0,0
2017-01-25,5,HARDWARE,0.0,0
2017-01-26,5,HARDWARE,1.0,0
2017-01-27,5,HARDWARE,2.0,0
2017-01-28,5,HARDWARE,1.0,0
2017-01-29,5,HARDWARE,0.0,0
2017-01-30,5,HARDWARE,1.0,0
2017-01-31,5,HARDWARE,0.0,0
2017-02-01,5,HARDWARE,0.0,0
2017-02-02,5,HARDWARE,1.0,0
2017-02-03,5,HARDWARE,1.0,0
2017-02-04,5,HARDWARE,0.0,0
2017-02-05,5,HARDWARE,1.0,0
2017-02-06,5,HARDWARE,1.0,0
2017-02-07,5,HARDWARE,0.0,0
2017-02-08,5,HARDWARE,1.0,0
2017-02-09,5,HARDWARE,0.0,0
2017-02-10,5,HARDWARE,0.0,0
2017-02-11,5,HARDWARE,0.0,0
2017-02-12,5,HARDWARE,0.0,0
2017-02-13,5,HARDWARE,1.0,0
2017-02-14,5,HARDWARE,0.0,0
2017-02-15,5,HARDWARE,2.0,0
2017-02-16,5,HARDWARE,0.0,0
2017-02-17,5,HARDWARE,2.0,0
2017-02-18,5,HARDWARE,2.0,0
2017-02-19,5,HARDWARE,0.0,0
2017-02-20,5,HARDWARE,2.0,0
2017-02-21,5,HARDWARE,0.0,0
2017-02-22,5,HARDWARE,1.0,0
2017-02-23,5,HARDWARE,3.0,0
2017-02-24,5,HARDWARE,1.0,0
2017-02-25,5,HARDWARE,2.0,0
2017-02-26,5,HARDWARE,0.0,0
2017-02-27,5,HARDWARE,0.0,0
2017-02-28,5,HARDWARE,1.0,0
2017-03-01,5,HARDWARE,0.0,0
2017-03-02,5,HARDWARE,1.0,0
2017-03-03,5,HARDWARE,2.0,0
2017-03-04,5,HARDWARE,3.0,0
2017-03-05,5,HARDWARE,6.0,0
2017-03-06,5,HARDWARE,5.0,0
2017-03-07,5,HARDWARE,0.0,0
2017-03-08,5,HARDWARE,0.0,0
2017-03-09,5,HARDWARE,1.0,0
2017-03-10,5,HARDWARE,2.0,0
2017-03-11,5,HARDWARE,1.0,0
2017-03-12,5,HARDWARE,0.0,0
2017-03-13,5,HARDWARE,2.0,0
2017-03-14,5,HARDWARE,0.0,0
2017-03-15,5,HARDWARE,0.0,0
2017-03-16,5,HARDWARE,2.0,0
2017-03-17,5,HARDWARE,0.0,0
2017-03-18,5,HARDWARE,1.0,0
2017-03-19,5,HARDWARE,4.0,0
2017-03-20,5,HARDWARE,4.0,0
2017-03-21,5,HARDWARE,1.0,0
2017-03-22,5,HARDWARE,1.0,0
2017-03-23,5,HARDWARE,0.0,0
2017-03-24,5,HARDWARE,1.0,0
2017-03-25,5,HARDWARE,6.0,0
2017-03-26,5,HARDWARE,3.0,0
2017-03-27,5,HARDWARE,1.0,0
2017-03-28,5,HARDWARE,0.0,0
2017-03-29,5,HARDWARE,3.0,0
2017-03-30,5,HARDWARE,2.0,0
2017-03-31,5,HARDWARE,1.0,0
2017-04-01,5,HARDWARE,1.0,0
2017-04-02,5,HARDWARE,1.0,0
2017-04-03,5,HARDWARE,2.0,0
2017-04-04,5,HARDWARE,2.0,0
2017-04-05,5,HARDWARE,2.0,0
2017-04-06,5,HARDWARE,0.0,0
2017-04-07,5,HARDWARE,5.0,0
2017-04-08,5,HARDWARE,0.0,0
2017-04-09,5,HARDWARE,1.0,0
2017-04-10,5,HARDWARE,1.0,0
2017-04-11,5,HARDWARE,1.0,0
2017-04-12,5,HARDWARE,2.0,0
2017-04-13,5,HARDWARE,1.0,0
2017-04-14,5,HARDWARE,0.0,0
2017-04-15,5,HARDWARE,1.0,0
2017-04-16,5,HARDWARE,1.0,0
2017-04-17,5,HARDWARE,3.0,0
2017-04-18,5,HARDWARE,1.0,0
2017-04-19,5,HARDWARE,0.0,0
2017-04-20,5,HARDWARE,0.0,0
2017-04-21,5,HARDWARE,1.0,0
2017-04-22,5,HARDWARE,1.0,0
2017-04-23,5,HARDWARE,1.0,0
2017-04-24,5,HARDWARE,1.0,0
2017-04-25,5,HARDWARE,5.0,0
2017-04-26,5,HARDWARE,0.0,0
2017-04-27,5,HARDWARE,4.0,0
2017-04-28,5,HARDWARE,1.0,0
2017-04-29,5,HARDWARE,0.0,0
2017-04-30,5,HARDWARE,1.0,0
2017-05-01,5,HARDWARE,2.0,0
2017-05-02,5,HARDWARE,1.0,0
2017-05-03,5,HARDWARE,1.0,0
2017-05-04,5,HARDWARE,0.0,0
2017-05-05,5,HARDWARE,5.0,0
2017-05-06,5,HARDWARE,3.0,0
2017-05-07,5,HARDWARE,1.0,0
2017-05-08,5,HARDWARE,0.0,0
2017-05-09,5,HARDWARE,0.0,0
2017-05-10,5,HARDWARE,1.0,0
2017-05-11,5,HARDWARE,0.0,0
2017-05-12,5,HARDWARE,0.0,0
2017-05-13,5,HARDWARE,2.0,0
2017-05-14,5,HARDWARE,1.0,0
2017-05-15,5,HARDWARE,5.0,0
2017-05-16,5,HARDWARE,1.0,0
2017-05-17,5,HARDWARE,2.0,0
2017-05-18,5,HARDWARE,2.0,0
2017-05-19,5,HARDWARE,1.0,0
2017-05-20,5,HARDWARE,0.0,0
2017-05-21,5,HARDWARE,5.0,0
2017-05-22,5,HARDWARE,2.0,0
2017-05-23,5,HARDWARE,1.0,0
2017-05-24,5,HARDWARE,1.0,0
2017-05-25,5,HARDWARE,2.0,0
2017-05-26,5,HARDWARE,1.0,0
2017-05-27,5,HARDWARE,2.0,0
2017-05-28,5,HARDWARE,1.0,0
2017-05-29,5,HARDWARE,0.0,0
2017-05-30,5,HARDWARE,2.0,0
2017-05-31,5,HARDWARE,1.0,0
2017-06-01,5,HARDWARE,1.0,0
2017-06-02,5,HARDWARE,1.0,0
2017-06-03,5,HARDWARE,2.0,0
2017-06-04,5,HARDWARE,3.0,0
2017-06-05,5,HARDWARE,2.0,0
2017-06-06,5,HARDWARE,0.0,0
2017-06-07,5,HARDWARE,1.0,0
2017-06-08,5,HARDWARE,1.0,0
2017-06-09,5,HARDWARE,1.0,0
2017-06-10,5,HARDWARE,3.0,0
2017-06-11,5,HARDWARE,0.0,0
2017-06-12,5,HARDWARE,3.0,0
2017-06-13,5,HARDWARE,0.0,0
2017-06-14,5,HARDWARE,1.0,0
2017-06-15,5,HARDWARE,0.0,0
2017-06-16,5,HARDWARE,1.0,0
2017-06-17,5,HARDWARE,0.0,0
2017-06-18,5,HARDWARE,0.0,0
2017-06-19,5,HARDWARE,0.0,0
2017-06-20,5,HARDWARE,0.0,0
2017-06-21,5,HARDWARE,3.0,0
2017-06-22,5,HARDWARE,0.0,0
2017-06-23,5,HARDWARE,1.0,0
2017-06-24,5,HARDWARE,3.0,0
2017-06-25,5,HARDWARE,0.0,0
2017-06-26,5,HARDWARE,4.0,0
2017-06-27,5,HARDWARE,0.0,0
2017-06-28,5,HARDWARE,2.0,0
2017-06-29,5,HARDWARE,1.0,0
2017-06-30,5,HARDWARE,0.0,0
2017-07-01,5,HARDWARE,4.0,0
2017-07-02,5,HARDWARE,2.0,0
2017-07-03,5,HARDWARE,4.0,0
2017-07-04,5,HARDWARE,2.0,0
2017-07-05,5,HARDWARE,2.0,0
2017-07-06,5,HARDWARE,2.0,0
2017-07-07,5,HARDWARE,0.0,0
2017-07-08,5,HARDWARE,0.0,0
2017-07-09,5,HARDWARE,1.0,0
2017-07-10,5,HARDWARE,1.0,0
2017-07-11,5,HARDWARE,3.0,0
2017-07-12,5,HARDWARE,0.0,0
2017-07-13,5,HARDWARE,1.0,0
2017-07-14,5,HARDWARE,1.0,0
2017-07-15,5,HARDWARE,2.0,0
2017-07-16,5,HARDWARE,1.0,0
2017-07-17,5,HARDWARE,1.0,0
2017-07-18,5,HARDWARE,0.0,0
2017-07-19,5,HARDWARE,0.0,0
2017-07-20,5,HARDWARE,1.0,0
2017-07-21,5,HARDWARE,3.0,0
2017-07-22,5,HARDWARE,4.0,0
2017-07-23,5,HARDWARE,1.0,0
2017-07-24,5,HARDWARE,1.0,0
2017-07-25,5,HARDWARE,1.0,0
2017-07-26,5,HARDWARE,0.0,0
2017-07-27,5,HARDWARE,0.0,0
2017-07-28,5,HARDWARE,2.0,0
2017-07-29,5,HARDWARE,3.0,0
2017-07-30,5,HARDWARE,0.0,0
2017-07-31,5,HARDWARE,0.0,0
2017-01-01,5,HOME AND KITCHEN I,0.0,0
2017-01-02,5,HOME AND KITCHEN I,23.0,7
2017-01-03,5,HOME AND KITCHEN I,48.0,8
2017-01-04,5,HOME AND KITCHEN I,50.0,12
2017-01-05,5,HOME AND KITCHEN I,50.0,13
2017-01-06,5,HOME AND KITCHEN I,86.0,15
2017-01-07,5,HOME AND KITCHEN I,70.0,15
2017-01-08,5,HOME AND KITCHEN I,85.0,14
2017-01-09,5,HOME AND KITCHEN I,47.0,13
2017-01-10,5,HOME AND KITCHEN I,47.0,12
2017-01-11,5,HOME AND KITCHEN I,53.0,13
2017-01-12,5,HOME AND KITCHEN I,46.0,9
2017-01-13,5,HOME AND KITCHEN I,44.0,12
2017-01-14,5,HOME AND KITCHEN I,62.0,14
2017-01-15,5,HOME AND KITCHEN I,39.0,12
2017-01-16,5,HOME AND KITCHEN I,37.0,10
2017-01-17,5,HOME AND KITCHEN I,26.0,9
2017-01-18,5,HOME AND KITCHEN I,33.0,8
2017-01-19,5,HOME AND KITCHEN I,29.0,8
2017-01-20,5,HOME AND KITCHEN I,39.0,3
2017-01-21,5,HOME AND KITCHEN I,28.0,4
2017-01-22,5,HOME AND KITCHEN I,48.0,4
2017-01-23,5,HOME AND KITCHEN I,144.0,4
2017-01-24,5,HOME AND KITCHEN I,27.0,4
2017-01-25,5,HOME AND KITCHEN I,15.0,3
2017-01-26,5,HOME AND KITCHEN I,13.0,1
2017-01-27,5,HOME AND KITCHEN I,35.0,2
2017-01-28,5,HOME AND KITCHEN I,55.0,3
2017-01-29,5,HOME AND KITCHEN I,32.0,3
2017-01-30,5,HOME AND KITCHEN I,23.0,2
2017-01-31,5,HOME AND KITCHEN I,32.0,3
2017-02-01,5,HOME AND KITCHEN I,55.0,3
2017-02-02,5,HOME AND KITCHEN I,16.0,1
2017-02-03,5,HOME AND KITCHEN I,36.0,1
2017-02-04,5,HOME AND KITCHEN I,53.0,1
2017-02-05,5,HOME AND KITCHEN I,50.0,3
2017-02-06,5,HOME AND KITCHEN I,28.0,2
2017-02-07,5,HOME AND KITCHEN I,28.0,2
2017-02-08,5,HOME AND KITCHEN I,18.0,2
2017-02-09,5,HOME AND KITCHEN I,29.0,4
2017-02-10,5,HOME AND KITCHEN I,24.0,3
2017-02-11,5,HOME AND KITCHEN I,39.0,5
2017-02-12,5,HOME AND KITCHEN I,15.0,2
2017-02-13,5,HOME AND KITCHEN I,22.0,2
2017-02-14,5,HOME AND KITCHEN I,35.0,3
2017-02-15,5,HOME AND KITCHEN I,19.0,2
2017-02-16,5,HOME AND KITCHEN I,17.0,2
2017-02-17,5,HOME AND KITCHEN I,72.0,4
2017-02-18,5,HOME AND KITCHEN I,52.0,5
2017-02-19,5,HOME AND KITCHEN I,43.0,5
2017-02-20,5,HOME AND KITCHEN I,33.0,3
2017-02-21,5,HOME AND KITCHEN I,22.0,5
2017-02-22,5,HOME AND KITCHEN I,21.0,4
2017-02-23,5,HOME AND KITCHEN I,32.0,4
2017-02-24,5,HOME AND KITCHEN I,23.0,5
2017-02-25,5,HOME AND KITCHEN I,52.0,4
2017-02-26,5,HOME AND KITCHEN I,50.0,3
2017-02-27,5,HOME AND KITCHEN I,15.0,4
2017-02-28,5,HOME AND KITCHEN I,42.0,4
2017-03-01,5,HOME AND KITCHEN I,30.0,3
2017-03-02,5,HOME AND KITCHEN I,48.0,4
2017-03-03,5,HOME AND KITCHEN I,37.0,4
2017-03-04,5,HOME AND KITCHEN I,38.0,3
2017-03-05,5,HOME AND KITCHEN I,54.0,4
2017-03-06,5,HOME AND KITCHEN I,44.0,4
2017-03-07,5,HOME AND KITCHEN I,26.0,3
2017-03-08,5,HOME AND KITCHEN I,30.0,3
2017-03-09,5,HOME AND KITCHEN I,22.0,0
2017-03-10,5,HOME AND KITCHEN I,20.0,0
2017-03-11,5,HOME AND KITCHEN I,18.0,0
2017-03-12,5,HOME AND KITCHEN I,19.0,0
2017-03-13,5,HOME AND KITCHEN I,18.0,0
2017-03-14,5,HOME AND KITCHEN I,15.0,1
2017-03-15,5,HOME AND KITCHEN I,23.0,3
2017-03-16,5,HOME AND KITCHEN I,12.0,5
2017-03-17,5,HOME AND KITCHEN I,12.0,0
2017-03-18,5,HOME AND KITCHEN I,14.0,4
2017-03-19,5,HOME AND KITCHEN I,49.0,3
2017-03-20,5,HOME AND KITCHEN I,29.0,3
2017-03-21,5,HOME AND KITCHEN I,16.0,2
2017-03-22,5,HOME AND KITCHEN I,23.0,5
2017-03-23,5,HOME AND KITCHEN I,33.0,3
2017-03-24,5,HOME AND KITCHEN I,10.0,3
2017-03-25,5,HOME AND KITCHEN I,37.0,5
2017-03-26,5,HOME AND KITCHEN I,33.0,4
2017-03-27,5,HOME AND KITCHEN I,29.0,5
2017-03-28,5,HOME AND KITCHEN I,16.0,3
2017-03-29,5,HOME AND KITCHEN I,19.0,3
2017-03-30,5,HOME AND KITCHEN I,16.0,0
2017-03-31,5,HOME AND KITCHEN I,35.0,0
2017-04-01,5,HOME AND KITCHEN I,51.0,0
2017-04-02,5,HOME AND KITCHEN I,28.0,0
2017-04-03,5,HOME AND KITCHEN I,11.0,0
2017-04-04,5,HOME AND KITCHEN I,31.0,0
2017-04-05,5,HOME AND KITCHEN I,25.0,1
2017-04-06,5,HOME AND KITCHEN I,15.0,0
2017-04-07,5,HOME AND KITCHEN I,11.0,0
2017-04-08,5,HOME AND KITCHEN I,23.0,0
2017-04-09,5,HOME AND KITCHEN I,11.0,0
2017-04-10,5,HOME AND KITCHEN I,29.0,0
2017-04-11,5,HOME AND KITCHEN I,13.0,0
2017-04-12,5,HOME AND KITCHEN I,18.0,1
2017-04-13,5,HOME AND KITCHEN I,11.0,0
2017-04-14,5,HOME AND KITCHEN I,34.0,2
2017-04-15,5,HOME AND KITCHEN I,15.0,0
2017-04-16,5,HOME AND KITCHEN I,35.0,2
2017-04-17,5,HOME AND KITCHEN I,17.0,2
2017-04-18,5,HOME AND KITCHEN I,9.0,2
2017-04-19,5,HOME AND KITCHEN I,15.0,3
2017-04-20,5,HOME AND KITCHEN I,13.0,4
2017-04-21,5,HOME AND KITCHEN I,8.0,2
2017-04-22,5,HOME AND KITCHEN I,13.0,2
2017-04-23,5,HOME AND KITCHEN I,29.0,3
2017-04-24,5,HOME AND KITCHEN I,9.0,2
2017-04-25,5,HOME AND KITCHEN I,26.0,3
2017-04-26,5,HOME AND KITCHEN I,19.0,3
2017-04-27,5,HOME AND KITCHEN I,22.0,4
2017-04-28,5,HOME AND KITCHEN I,20.0,3
2017-04-29,5,HOME AND KITCHEN I,29.0,3
2017-04-30,5,HOME AND KITCHEN I,46.0,3
2017-05-01,5,HOME AND KITCHEN I,38.0,4
2017-05-02,5,HOME AND KITCHEN I,23.0,4
2017-05-03,5,HOME AND KITCHEN I,31.0,2
2017-05-04,5,HOME AND KITCHEN I,17.0,2
2017-05-05,5,HOME AND KITCHEN I,26.0,1
2017-05-06,5,HOME AND KITCHEN I,58.0,4
2017-05-07,5,HOME AND KITCHEN I,27.0,2
2017-05-08,5,HOME AND KITCHEN I,19.0,3
2017-05-09,5,HOME AND KITCHEN I,21.0,2
2017-05-10,5,HOME AND KITCHEN I,23.0,2
2017-05-11,5,HOME AND KITCHEN I,25.0,2
2017-05-12,5,HOME AND KITCHEN I,23.0,1
2017-05-13,5,HOME AND KITCHEN I,23.0,0
2017-05-14,5,HOME AND KITCHEN I,45.0,0
2017-05-15,5,HOME AND KITCHEN I,19.0,0
2017-05-16,5,HOME AND KITCHEN I,15.0,1
2017-05-17,5,HOME AND KITCHEN I,27.0,2
2017-05-18,5,HOME AND KITCHEN I,37.0,2
2017-05-19,5,HOME AND KITCHEN I,37.0,3
2017-05-20,5,HOME AND KITCHEN I,28.0,3
2017-05-21,5,HOME AND KITCHEN I,14.0,1
2017-05-22,5,HOME AND KITCHEN I,19.0,1
2017-05-23,5,HOME AND KITCHEN I,17.0,2
2017-05-24,5,HOME AND KITCHEN I,30.0,2
2017-05-25,5,HOME AND KITCHEN I,14.0,1
2017-05-26,5,HOME AND KITCHEN I,26.0,0
2017-05-27,5,HOME AND KITCHEN I,10.0,0
2017-05-28,5,HOME AND KITCHEN I,22.0,1
2017-05-29,5,HOME AND KITCHEN I,15.0,0
2017-05-30,5,HOME AND KITCHEN I,22.0,2
2017-05-31,5,HOME AND KITCHEN I,31.0,2
2017-06-01,5,HOME AND KITCHEN I,26.0,0
2017-06-02,5,HOME AND KITCHEN I,38.0,4
2017-06-03,5,HOME AND KITCHEN I,39.0,7
2017-06-04,5,HOME AND KITCHEN I,65.0,7
2017-06-05,5,HOME AND KITCHEN I,23.0,5
2017-06-06,5,HOME AND KITCHEN I,23.0,7
2017-06-07,5,HOME AND KITCHEN I,26.0,4
2017-06-08,5,HOME AND KITCHEN I,98.0,6
2017-06-09,5,HOME AND KITCHEN I,31.0,3
2017-06-10,5,HOME AND KITCHEN I,20.0,3
2017-06-11,5,HOME AND KITCHEN I,43.0,7
2017-06-12,5,HOME AND KITCHEN I,24.0,5
2017-06-13,5,HOME AND KITCHEN I,40.0,5
2017-06-14,5,HOME AND KITCHEN I,34.0,6
2017-06-15,5,HOME AND KITCHEN I,32.0,6
2017-06-16,5,HOME AND KITCHEN I,29.0,5
2017-06-17,5,HOME AND KITCHEN I,38.0,5
2017-06-18,5,HOME AND KITCHEN I,48.0,4
2017-06-19,5,HOME AND KITCHEN I,26.0,6
2017-06-20,5,HOME AND KITCHEN I,43.0,4
2017-06-21,5,HOME AND KITCHEN I,29.0,4
2017-06-22,5,HOME AND KITCHEN I,20.0,2
2017-06-23,5,HOME AND KITCHEN I,20.0,1
2017-06-24,5,HOME AND KITCHEN I,24.0,1
2017-06-25,5,HOME AND KITCHEN I,20.0,1
2017-06-26,5,HOME AND KITCHEN I,38.0,3
2017-06-27,5,HOME AND KITCHEN I,18.0,3
2017-06-28,5,HOME AND KITCHEN I,37.0,3
2017-06-29,5,HOME AND KITCHEN I,13.0,3
2017-06-30,5,HOME AND KITCHEN I,32.0,1
2017-07-01,5,HOME AND KITCHEN I,34.0,9
2017-07-02,5,HOME AND KITCHEN I,32.0,5
2017-07-03,5,HOME AND KITCHEN I,18.0,1
2017-07-04,5,HOME AND KITCHEN I,28.0,3
2017-07-05,5,HOME AND KITCHEN I,27.0,4
2017-07-06,5,HOME AND KITCHEN I,21.0,4
2017-07-07,5,HOME AND KITCHEN I,10.0,1
2017-07-08,5,HOME AND KITCHEN I,38.0,6
2017-07-09,5,HOME AND KITCHEN I,27.0,2
2017-07-10,5,HOME AND KITCHEN I,23.0,3
2017-07-11,5,HOME AND KITCHEN I,20.0,2
2017-07-12,5,HOME AND KITCHEN I,35.0,2
2017-07-13,5,HOME AND KITCHEN I,14.0,4
2017-07-14,5,HOME AND KITCHEN I,40.0,6
2017-07-15,5,HOME AND KITCHEN I,19.0,4
2017-07-16,5,HOME AND KITCHEN I,47.0,6
2017-07-17,5,HOME AND KITCHEN I,27.0,4
2017-07-18,5,HOME AND KITCHEN I,16.0,3
2017-07-19,5,HOME AND KITCHEN I,40.0,4
2017-07-20,5,HOME AND KITCHEN I,39.0,4
2017-07-21,5,HOME AND KITCHEN I,44.0,3
2017-07-22,5,HOME AND KITCHEN I,31.0,4
2017-07-23,5,HOME AND KITCHEN I,29.0,5
2017-07-24,5,HOME AND KITCHEN I,25.0,5
2017-07-25,5,HOME AND KITCHEN I,23.0,2
2017-07-26,5,HOME AND KITCHEN I,24.0,3
2017-07-27,5,HOME AND KITCHEN I,23.0,4
2017-07-28,5,HOME AND KITCHEN I,15.0,1
2017-07-29,5,HOME AND KITCHEN I,38.0,3
2017-07-30,5,HOME AND KITCHEN I,25.0,3
2017-07-31,5,HOME AND KITCHEN I,19.0,4
2017-01-01,5,HOME AND KITCHEN II,0.0,0
2017-01-02,5,HOME AND KITCHEN II,24.0,2
2017-01-03,5,HOME AND KITCHEN II,26.0,4
2017-01-04,5,HOME AND KITCHEN II,24.0,4
2017-01-05,5,HOME AND KITCHEN II,14.0,0
2017-01-06,5,HOME AND KITCHEN II,27.0,1
2017-01-07,5,HOME AND KITCHEN II,28.0,1
2017-01-08,5,HOME AND KITCHEN II,34.0,1
2017-01-09,5,HOME AND KITCHEN II,30.0,1
2017-01-10,5,HOME AND KITCHEN II,27.0,0
2017-01-11,5,HOME AND KITCHEN II,30.0,1
2017-01-12,5,HOME AND KITCHEN II,25.0,0
2017-01-13,5,HOME AND KITCHEN II,20.0,0
2017-01-14,5,HOME AND KITCHEN II,20.0,1
2017-01-15,5,HOME AND KITCHEN II,43.0,1
2017-01-16,5,HOME AND KITCHEN II,23.0,1
2017-01-17,5,HOME AND KITCHEN II,20.0,1
2017-01-18,5,HOME AND KITCHEN II,17.0,1
2017-01-19,5,HOME AND KITCHEN II,25.0,0
2017-01-20,5,HOME AND KITCHEN II,19.0,0
2017-01-21,5,HOME AND KITCHEN II,32.0,0
2017-01-22,5,HOME AND KITCHEN II,29.0,0
2017-01-23,5,HOME AND KITCHEN II,17.0,0
2017-01-24,5,HOME AND KITCHEN II,18.0,0
2017-01-25,5,HOME AND KITCHEN II,29.0,0
2017-01-26,5,HOME AND KITCHEN II,13.0,0
2017-01-27,5,HOME AND KITCHEN II,11.0,0
2017-01-28,5,HOME AND KITCHEN II,18.0,0
2017-01-29,5,HOME AND KITCHEN II,25.0,0
2017-01-30,5,HOME AND KITCHEN II,21.0,0
2017-01-31,5,HOME AND KITCHEN II,12.0,0
2017-02-01,5,HOME AND KITCHEN II,23.0,0
2017-02-02,5,HOME AND KITCHEN II,20.0,0
2017-02-03,5,HOME AND KITCHEN II,13.0,0
2017-02-04,5,HOME AND KITCHEN II,36.0,0
2017-02-05,5,HOME AND KITCHEN II,24.0,1
2017-02-06,5,HOME AND KITCHEN II,59.0,1
2017-02-07,5,HOME AND KITCHEN II,28.0,1
2017-02-08,5,HOME AND KITCHEN II,48.0,2
2017-02-09,5,HOME AND KITCHEN II,28.0,1
2017-02-10,5,HOME AND KITCHEN II,23.0,1
2017-02-11,5,HOME AND KITCHEN II,20.0,1
2017-02-12,5,HOME AND KITCHEN II,23.0,1
2017-02-13,5,HOME AND KITCHEN II,30.0,2
2017-02-14,5,HOME AND KITCHEN II,32.0,1
2017-02-15,5,HOME AND KITCHEN II,26.0,2
2017-02-16,5,HOME AND KITCHEN II,15.0,2
2017-02-17,5,HOME AND KITCHEN II,31.0,1
2017-02-18,5,HOME AND KITCHEN II,35.0,1
2017-02-19,5,HOME AND KITCHEN II,23.0,1
2017-02-20,5,HOME AND KITCHEN II,43.0,1
2017-02-21,5,HOME AND KITCHEN II,35.0,0
2017-02-22,5,HOME AND KITCHEN II,21.0,1
2017-02-23,5,HOME AND KITCHEN II,21.0,2
2017-02-24,5,HOME AND KITCHEN II,20.0,1
2017-02-25,5,HOME AND KITCHEN II,46.0,2
2017-02-26,5,HOME AND KITCHEN II,34.0,2
2017-02-27,5,HOME AND KITCHEN II,19.0,1
2017-02-28,5,HOME AND KITCHEN II,35.0,2
2017-03-01,5,HOME AND KITCHEN II,24.0,1
2017-03-02,5,HOME AND KITCHEN II,29.0,1
2017-03-03,5,HOME AND KITCHEN II,47.0,2
2017-03-04,5,HOME AND KITCHEN II,44.0,2
2017-03-05,5,HOME AND KITCHEN II,37.0,2
2017-03-06,5,HOME AND KITCHEN II,18.0,1
2017-03-07,5,HOME AND KITCHEN II,21.0,3
2017-03-08,5,HOME AND KITCHEN II,21.0,2
2017-03-09,5,HOME AND KITCHEN II,69.0,3
2017-03-10,5,HOME AND KITCHEN II,15.0,1
2017-03-11,5,HOME AND KITCHEN II,11.0,1
2017-03-12,5,HOME AND KITCHEN II,36.0,1
2017-03-13,5,HOME AND KITCHEN II,30.0,2
2017-03-14,5,HOME AND KITCHEN II,26.0,1
2017-03-15,5,HOME AND KITCHEN II,9.0,1
2017-03-16,5,HOME AND KITCHEN II,18.0,1
2017-03-17,5,HOME AND KITCHEN II,23.0,1
2017-03-18,5,HOME AND KITCHEN II,19.0,1
2017-03-19,5,HOME AND KITCHEN II,19.0,1
2017-03-20,5,HOME AND KITCHEN II,26.0,1
2017-03-21,5,HOME AND KITCHEN II,20.0,2
2017-03-22,5,HOME AND KITCHEN II,18.0,1
2017-03-23,5,HOME AND KITCHEN II,22.0,0
2017-03-24,5,HOME AND KITCHEN II,17.0,1
2017-03-25,5,HOME AND KITCHEN II,20.0,0
2017-03-26,5,HOME AND KITCHEN II,18.0,0
2017-03-27,5,HOME AND KITCHEN II,22.0,2
2017-03-28,5,HOME AND KITCHEN II,11.0,0
2017-03-29,5,HOME AND KITCHEN II,38.0,2
2017-03-30,5,HOME AND KITCHEN II,18.0,1
2017-03-31,5,HOME AND KITCHEN II,27.0,1
2017-04-01,5,HOME AND KITCHEN II,20.0,1
2017-04-02,5,HOME AND KITCHEN II,31.0,0
2017-04-03,5,HOME AND KITCHEN II,28.0,1
2017-04-04,5,HOME AND KITCHEN II,14.0,0
2017-04-05,5,HOME AND KITCHEN II,34.0,2
2017-04-06,5,HOME AND KITCHEN II,19.0,2
2017-04-07,5,HOME AND KITCHEN II,23.0,2
2017-04-08,5,HOME AND KITCHEN II,18.0,1
2017-04-09,5,HOME AND KITCHEN II,14.0,0
2017-04-10,5,HOME AND KITCHEN II,12.0,0
2017-04-11,5,HOME AND KITCHEN II,19.0,1
2017-04-12,5,HOME AND KITCHEN II,13.0,2
2017-04-13,5,HOME AND KITCHEN II,91.0,3
2017-04-14,5,HOME AND KITCHEN II,23.0,4
2017-04-15,5,HOME AND KITCHEN II,18.0,2
2017-04-16,5,HOME AND KITCHEN II,16.0,1
2017-04-17,5,HOME AND KITCHEN II,22.0,2
2017-04-18,5,HOME AND KITCHEN II,21.0,2
2017-04-19,5,HOME AND KITCHEN II,13.0,2
2017-04-20,5,HOME AND KITCHEN II,73.0,4
2017-04-21,5,HOME AND KITCHEN II,12.0,1
2017-04-22,5,HOME AND KITCHEN II,32.0,4
2017-04-23,5,HOME AND KITCHEN II,24.0,3
2017-04-24,5,HOME AND KITCHEN II,29.0,4
2017-04-25,5,HOME AND KITCHEN II,38.0,3
2017-04-26,5,HOME AND KITCHEN II,41.0,5
2017-04-27,5,HOME AND KITCHEN II,16.0,1
2017-04-28,5,HOME AND KITCHEN II,23.0,3
2017-04-29,5,HOME AND KITCHEN II,31.0,1
2017-04-30,5,HOME AND KITCHEN II,38.0,4
2017-05-01,5,HOME AND KITCHEN II,42.0,6
2017-05-02,5,HOME AND KITCHEN II,29.0,4
2017-05-03,5,HOME AND KITCHEN II,36.0,5
2017-05-04,5,HOME AND KITCHEN II,44.0,3
2017-05-05,5,HOME AND KITCHEN II,21.0,2
2017-05-06,5,HOME AND KITCHEN II,42.0,4
2017-05-07,5,HOME AND KITCHEN II,51.0,5
2017-05-08,5,HOME AND KITCHEN II,29.0,2
2017-05-09,5,HOME AND KITCHEN II,16.0,1
2017-05-10,5,HOME AND KITCHEN II,30.0,3
2017-05-11,5,HOME AND KITCHEN II,21.0,2
2017-05-12,5,HOME AND KITCHEN II,35.0,4
2017-05-13,5,HOME AND KITCHEN II,20.0,1
2017-05-14,5,HOME AND KITCHEN II,34.0,4
2017-05-15,5,HOME AND KITCHEN II,29.0,4
2017-05-16,5,HOME AND KITCHEN II,36.0,3
2017-05-17,5,HOME AND KITCHEN II,41.0,4
2017-05-18,5,HOME AND KITCHEN II,16.0,2
2017-05-19,5,HOME AND KITCHEN II,21.0,5
2017-05-20,5,HOME AND KITCHEN II,23.0,3
2017-05-21,5,HOME AND KITCHEN II,16.0,3
2017-05-22,5,HOME AND KITCHEN II,20.0,3
2017-05-23,5,HOME AND KITCHEN II,22.0,3
2017-05-24,5,HOME AND KITCHEN II,21.0,3
2017-05-25,5,HOME AND KITCHEN II,21.0,3
2017-05-26,5,HOME AND KITCHEN II,38.0,4
2017-05-27,5,HOME AND KITCHEN II,36.0,5
2017-05-28,5,HOME AND KITCHEN II,10.0,1
2017-05-29,5,HOME AND KITCHEN II,34.0,3
2017-05-30,5,HOME AND KITCHEN II,27.0,4
2017-05-31,5,HOME AND KITCHEN II,26.0,1
2017-06-01,5,HOME AND KITCHEN II,25.0,1
2017-06-02,5,HOME AND KITCHEN II,28.0,2
2017-06-03,5,HOME AND KITCHEN II,40.0,2
2017-06-04,5,HOME AND KITCHEN II,28.0,0
2017-06-05,5,HOME AND KITCHEN II,35.0,2
2017-06-06,5,HOME AND KITCHEN II,19.0,1
2017-06-07,5,HOME AND KITCHEN II,16.0,1
2017-06-08,5,HOME AND KITCHEN II,13.0,1
2017-06-09,5,HOME AND KITCHEN II,18.0,0
2017-06-10,5,HOME AND KITCHEN II,24.0,1
2017-06-11,5,HOME AND KITCHEN II,27.0,1
2017-06-12,5,HOME AND KITCHEN II,25.0,2
2017-06-13,5,HOME AND KITCHEN II,19.0,2
2017-06-14,5,HOME AND KITCHEN II,23.0,2
2017-06-15,5,HOME AND KITCHEN II,24.0,0
2017-06-16,5,HOME AND KITCHEN II,21.0,1
2017-06-17,5,HOME AND KITCHEN II,17.0,1
2017-06-18,5,HOME AND KITCHEN II,24.0,0
2017-06-19,5,HOME AND KITCHEN II,27.0,1
2017-06-20,5,HOME AND KITCHEN II,24.0,2
2017-06-21,5,HOME AND KITCHEN II,16.0,0
2017-06-22,5,HOME AND KITCHEN II,17.0,1
2017-06-23,5,HOME AND KITCHEN II,29.0,1
2017-06-24,5,HOME AND KITCHEN II,25.0,0
2017-06-25,5,HOME AND KITCHEN II,25.0,1
2017-06-26,5,HOME AND KITCHEN II,27.0,1
2017-06-27,5,HOME AND KITCHEN II,15.0,1
2017-06-28,5,HOME AND KITCHEN II,19.0,1
2017-06-29,5,HOME AND KITCHEN II,35.0,2
2017-06-30,5,HOME AND KITCHEN II,21.0,1
2017-07-01,5,HOME AND KITCHEN II,18.0,0
2017-07-02,5,HOME AND KITCHEN II,32.0,1
2017-07-03,5,HOME AND KITCHEN II,21.0,1
2017-07-04,5,HOME AND KITCHEN II,31.0,2
2017-07-05,5,HOME AND KITCHEN II,30.0,1
2017-07-06,5,HOME AND KITCHEN II,22.0,0
2017-07-07,5,HOME AND KITCHEN II,27.0,2
2017-07-08,5,HOME AND KITCHEN II,24.0,2
2017-07-09,5,HOME AND KITCHEN II,36.0,0
2017-07-10,5,HOME AND KITCHEN II,23.0,1
2017-07-11,5,HOME AND KITCHEN II,23.0,0
2017-07-12,5,HOME AND KITCHEN II,24.0,1
2017-07-13,5,HOME AND KITCHEN II,32.0,0
2017-07-14,5,HOME AND KITCHEN II,16.0,0
2017-07-15,5,HOME AND KITCHEN II,23.0,0
2017-07-16,5,HOME AND KITCHEN II,24.0,0
2017-07-17,5,HOME AND KITCHEN II,23.0,0
2017-07-18,5,HOME AND KITCHEN II,21.0,0
2017-07-19,5,HOME AND KITCHEN II,27.0,1
2017-07-20,5,HOME AND KITCHEN II,39.0,0
2017-07-21,5,HOME AND KITCHEN II,15.0,0
2017-07-22,5,HOME AND KITCHEN II,19.0,0
2017-07-23,5,HOME AND KITCHEN II,35.0,1
2017-07-24,5,HOME AND KITCHEN II,27.0,1
2017-07-25,5,HOME AND KITCHEN II,19.0,1
2017-07-26,5,HOME AND KITCHEN II,16.0,0
2017-07-27,5,HOME AND KITCHEN II,20.0,1
2017-07-28,5,HOME AND KITCHEN II,19.0,0
2017-07-29,5,HOME AND KITCHEN II,18.0,0
2017-07-30,5,HOME AND KITCHEN II,27.0,1
2017-07-31,5,HOME AND KITCHEN II,28.0,1
2017-01-01,5,HOME APPLIANCES,0.0,0
2017-01-02,5,HOME APPLIANCES,0.0,0
2017-01-03,5,HOME APPLIANCES,0.0,0
2017-01-04,5,HOME APPLIANCES,1.0,0
2017-01-05,5,HOME APPLIANCES,0.0,0
2017-01-06,5,HOME APPLIANCES,1.0,0
2017-01-07,5,HOME APPLIANCES,4.0,0
2017-01-08,5,HOME APPLIANCES,1.0,0
2017-01-09,5,HOME APPLIANCES,1.0,0
2017-01-10,5,HOME APPLIANCES,1.0,0
2017-01-11,5,HOME APPLIANCES,0.0,0
2017-01-12,5,HOME APPLIANCES,1.0,0
2017-01-13,5,HOME APPLIANCES,0.0,0
2017-01-14,5,HOME APPLIANCES,0.0,0
2017-01-15,5,HOME APPLIANCES,1.0,0
2017-01-16,5,HOME APPLIANCES,0.0,0
2017-01-17,5,HOME APPLIANCES,2.0,0
2017-01-18,5,HOME APPLIANCES,0.0,0
2017-01-19,5,HOME APPLIANCES,1.0,0
2017-01-20,5,HOME APPLIANCES,1.0,0
2017-01-21,5,HOME APPLIANCES,1.0,0
2017-01-22,5,HOME APPLIANCES,2.0,0
2017-01-23,5,HOME APPLIANCES,1.0,0
2017-01-24,5,HOME APPLIANCES,1.0,0
2017-01-25,5,HOME APPLIANCES,0.0,0
2017-01-26,5,HOME APPLIANCES,0.0,0
2017-01-27,5,HOME APPLIANCES,0.0,0
2017-01-28,5,HOME APPLIANCES,1.0,0
2017-01-29,5,HOME APPLIANCES,1.0,0
2017-01-30,5,HOME APPLIANCES,0.0,0
2017-01-31,5,HOME APPLIANCES,1.0,0
2017-02-01,5,HOME APPLIANCES,0.0,0
2017-02-02,5,HOME APPLIANCES,1.0,0
2017-02-03,5,HOME APPLIANCES,0.0,0
2017-02-04,5,HOME APPLIANCES,2.0,0
2017-02-05,5,HOME APPLIANCES,2.0,0
2017-02-06,5,HOME APPLIANCES,2.0,0
2017-02-07,5,HOME APPLIANCES,0.0,0
2017-02-08,5,HOME APPLIANCES,1.0,0
2017-02-09,5,HOME APPLIANCES,1.0,0
2017-02-10,5,HOME APPLIANCES,2.0,0
2017-02-11,5,HOME APPLIANCES,0.0,0
2017-02-12,5,HOME APPLIANCES,3.0,0
2017-02-13,5,HOME APPLIANCES,0.0,0
2017-02-14,5,HOME APPLIANCES,2.0,0
2017-02-15,5,HOME APPLIANCES,0.0,0
2017-02-16,5,HOME APPLIANCES,2.0,0
2017-02-17,5,HOME APPLIANCES,0.0,0
2017-02-18,5,HOME APPLIANCES,3.0,0
2017-02-19,5,HOME APPLIANCES,0.0,0
2017-02-20,5,HOME APPLIANCES,1.0,0
2017-02-21,5,HOME APPLIANCES,1.0,0
2017-02-22,5,HOME APPLIANCES,1.0,0
2017-02-23,5,HOME APPLIANCES,0.0,0
2017-02-24,5,HOME APPLIANCES,2.0,0
2017-02-25,5,HOME APPLIANCES,1.0,0
2017-02-26,5,HOME APPLIANCES,0.0,0
2017-02-27,5,HOME APPLIANCES,0.0,0
2017-02-28,5,HOME APPLIANCES,1.0,0
2017-03-01,5,HOME APPLIANCES,3.0,0
2017-03-02,5,HOME APPLIANCES,1.0,0
2017-03-03,5,HOME APPLIANCES,2.0,0
2017-03-04,5,HOME APPLIANCES,1.0,0
2017-03-05,5,HOME APPLIANCES,1.0,0
2017-03-06,5,HOME APPLIANCES,0.0,0
2017-03-07,5,HOME APPLIANCES,2.0,0
2017-03-08,5,HOME APPLIANCES,1.0,0
2017-03-09,5,HOME APPLIANCES,1.0,0
2017-03-10,5,HOME APPLIANCES,0.0,0
2017-03-11,5,HOME APPLIANCES,0.0,0
2017-03-12,5,HOME APPLIANCES,1.0,0
2017-03-13,5,HOME APPLIANCES,0.0,0
2017-03-14,5,HOME APPLIANCES,0.0,0
2017-03-15,5,HOME APPLIANCES,1.0,0
2017-03-16,5,HOME APPLIANCES,1.0,0
2017-03-17,5,HOME APPLIANCES,0.0,0
2017-03-18,5,HOME APPLIANCES,0.0,0
2017-03-19,5,HOME APPLIANCES,2.0,0
2017-03-20,5,HOME APPLIANCES,3.0,0
2017-03-21,5,HOME APPLIANCES,0.0,0
2017-03-22,5,HOME APPLIANCES,0.0,0
2017-03-23,5,HOME APPLIANCES,0.0,0
2017-03-24,5,HOME APPLIANCES,1.0,0
2017-03-25,5,HOME APPLIANCES,0.0,0
2017-03-26,5,HOME APPLIANCES,0.0,0
2017-03-27,5,HOME APPLIANCES,2.0,0
2017-03-28,5,HOME APPLIANCES,1.0,0
2017-03-29,5,HOME APPLIANCES,1.0,0
2017-03-30,5,HOME APPLIANCES,3.0,0
2017-03-31,5,HOME APPLIANCES,1.0,0
2017-04-01,5,HOME APPLIANCES,1.0,0
2017-04-02,5,HOME APPLIANCES,2.0,0
2017-04-03,5,HOME APPLIANCES,2.0,0
2017-04-04,5,HOME APPLIANCES,1.0,0
2017-04-05,5,HOME APPLIANCES,0.0,0
2017-04-06,5,HOME APPLIANCES,0.0,0
2017-04-07,5,HOME APPLIANCES,1.0,0
2017-04-08,5,HOME APPLIANCES,0.0,0
2017-04-09,5,HOME APPLIANCES,0.0,0
2017-04-10,5,HOME APPLIANCES,3.0,0
2017-04-11,5,HOME APPLIANCES,1.0,0
2017-04-12,5,HOME APPLIANCES,0.0,0
2017-04-13,5,HOME APPLIANCES,3.0,0
2017-04-14,5,HOME APPLIANCES,0.0,0
2017-04-15,5,HOME APPLIANCES,0.0,0
2017-04-16,5,HOME APPLIANCES,0.0,0
2017-04-17,5,HOME APPLIANCES,5.0,0
2017-04-18,5,HOME APPLIANCES,0.0,0
2017-04-19,5,HOME APPLIANCES,0.0,0
2017-04-20,5,HOME APPLIANCES,1.0,0
2017-04-21,5,HOME APPLIANCES,1.0,0
2017-04-22,5,HOME APPLIANCES,0.0,0
2017-04-23,5,HOME APPLIANCES,0.0,0
2017-04-24,5,HOME APPLIANCES,0.0,0
2017-04-25,5,HOME APPLIANCES,0.0,0
2017-04-26,5,HOME APPLIANCES,0.0,0
2017-04-27,5,HOME APPLIANCES,0.0,0
2017-04-28,5,HOME APPLIANCES,4.0,0
2017-04-29,5,HOME APPLIANCES,1.0,0
2017-04-30,5,HOME APPLIANCES,1.0,0
2017-05-01,5,HOME APPLIANCES,2.0,0
2017-05-02,5,HOME APPLIANCES,0.0,0
2017-05-03,5,HOME APPLIANCES,0.0,0
2017-05-04,5,HOME APPLIANCES,0.0,0
2017-05-05,5,HOME APPLIANCES,0.0,0
2017-05-06,5,HOME APPLIANCES,1.0,0
2017-05-07,5,HOME APPLIANCES,1.0,0
2017-05-08,5,HOME APPLIANCES,0.0,0
2017-05-09,5,HOME APPLIANCES,0.0,0
2017-05-10,5,HOME APPLIANCES,0.0,0
2017-05-11,5,HOME APPLIANCES,0.0,0
2017-05-12,5,HOME APPLIANCES,1.0,0
2017-05-13,5,HOME APPLIANCES,0.0,0
2017-05-14,5,HOME APPLIANCES,2.0,0
2017-05-15,5,HOME APPLIANCES,0.0,0
2017-05-16,5,HOME APPLIANCES,1.0,0
2017-05-17,5,HOME APPLIANCES,0.0,0
2017-05-18,5,HOME APPLIANCES,1.0,0
2017-05-19,5,HOME APPLIANCES,2.0,0
2017-05-20,5,HOME APPLIANCES,0.0,0
2017-05-21,5,HOME APPLIANCES,1.0,0
2017-05-22,5,HOME APPLIANCES,1.0,0
2017-05-23,5,HOME APPLIANCES,0.0,0
2017-05-24,5,HOME APPLIANCES,1.0,0
2017-05-25,5,HOME APPLIANCES,0.0,0
2017-05-26,5,HOME APPLIANCES,1.0,0
2017-05-27,5,HOME APPLIANCES,3.0,0
2017-05-28,5,HOME APPLIANCES,0.0,0
2017-05-29,5,HOME APPLIANCES,2.0,0
2017-05-30,5,HOME APPLIANCES,0.0,0
2017-05-31,5,HOME APPLIANCES,0.0,0
2017-06-01,5,HOME APPLIANCES,0.0,0
2017-06-02,5,HOME APPLIANCES,0.0,0
2017-06-03,5,HOME APPLIANCES,0.0,0
2017-06-04,5,HOME APPLIANCES,2.0,0
2017-06-05,5,HOME APPLIANCES,5.0,0
2017-06-06,5,HOME APPLIANCES,2.0,0
2017-06-07,5,HOME APPLIANCES,1.0,0
2017-06-08,5,HOME APPLIANCES,0.0,0
2017-06-09,5,HOME APPLIANCES,1.0,0
2017-06-10,5,HOME APPLIANCES,2.0,0
2017-06-11,5,HOME APPLIANCES,0.0,0
2017-06-12,5,HOME APPLIANCES,0.0,0
2017-06-13,5,HOME APPLIANCES,0.0,0
2017-06-14,5,HOME APPLIANCES,0.0,0
2017-06-15,5,HOME APPLIANCES,2.0,0
2017-06-16,5,HOME APPLIANCES,0.0,0
2017-06-17,5,HOME APPLIANCES,0.0,0
2017-06-18,5,HOME APPLIANCES,0.0,0
2017-06-19,5,HOME APPLIANCES,1.0,0
2017-06-20,5,HOME APPLIANCES,1.0,0
2017-06-21,5,HOME APPLIANCES,0.0,0
2017-06-22,5,HOME APPLIANCES,1.0,0
2017-06-23,5,HOME APPLIANCES,2.0,0
2017-06-24,5,HOME APPLIANCES,0.0,0
2017-06-25,5,HOME APPLIANCES,1.0,0
2017-06-26,5,HOME APPLIANCES,0.0,0
2017-06-27,5,HOME APPLIANCES,0.0,0
2017-06-28,5,HOME APPLIANCES,3.0,0
2017-06-29,5,HOME APPLIANCES,1.0,0
2017-06-30,5,HOME APPLIANCES,0.0,0
2017-07-01,5,HOME APPLIANCES,2.0,0
2017-07-02,5,HOME APPLIANCES,0.0,0
2017-07-03,5,HOME APPLIANCES,2.0,0
2017-07-04,5,HOME APPLIANCES,0.0,0
2017-07-05,5,HOME APPLIANCES,0.0,0
2017-07-06,5,HOME APPLIANCES,0.0,0
2017-07-07,5,HOME APPLIANCES,0.0,0
2017-07-08,5,HOME APPLIANCES,0.0,0
2017-07-09,5,HOME APPLIANCES,1.0,0
2017-07-10,5,HOME APPLIANCES,0.0,0
2017-07-11,5,HOME APPLIANCES,1.0,0
2017-07-12,5,HOME APPLIANCES,2.0,0
2017-07-13,5,HOME APPLIANCES,0.0,0
2017-07-14,5,HOME APPLIANCES,1.0,0
2017-07-15,5,HOME APPLIANCES,0.0,0
2017-07-16,5,HOME APPLIANCES,1.0,0
2017-07-17,5,HOME APPLIANCES,1.0,0
2017-07-18,5,HOME APPLIANCES,5.0,0
2017-07-19,5,HOME APPLIANCES,0.0,0
2017-07-20,5,HOME APPLIANCES,1.0,0
2017-07-21,5,HOME APPLIANCES,0.0,0
2017-07-22,5,HOME APPLIANCES,1.0,0
2017-07-23,5,HOME APPLIANCES,0.0,0
2017-07-24,5,HOME APPLIANCES,3.0,0
2017-07-25,5,HOME APPLIANCES,0.0,0
2017-07-26,5,HOME APPLIANCES,0.0,0
2017-07-27,5,HOME APPLIANCES,0.0,0
2017-07-28,5,HOME APPLIANCES,1.0,0
2017-07-29,5,HOME APPLIANCES,0.0,0
2017-07-30,5,HOME APPLIANCES,0.0,0
2017-07-31,5,HOME APPLIANCES,0.0,0
2017-01-01,5,HOME CARE,0.0,0
2017-01-02,5,HOME CARE,368.0,5
2017-01-03,5,HOME CARE,263.0,5
2017-01-04,5,HOME CARE,287.0,7
2017-01-05,5,HOME CARE,257.0,7
2017-01-06,5,HOME CARE,254.0,7
2017-01-07,5,HOME CARE,350.0,11
2017-01-08,5,HOME CARE,302.0,12
2017-01-09,5,HOME CARE,229.0,8
2017-01-10,5,HOME CARE,214.0,6
2017-01-11,5,HOME CARE,230.0,10
2017-01-12,5,HOME CARE,175.0,6
2017-01-13,5,HOME CARE,203.0,6
2017-01-14,5,HOME CARE,255.0,8
2017-01-15,5,HOME CARE,311.0,8
2017-01-16,5,HOME CARE,254.0,10
2017-01-17,5,HOME CARE,205.0,7
2017-01-18,5,HOME CARE,218.0,10
2017-01-19,5,HOME CARE,205.0,10
2017-01-20,5,HOME CARE,193.0,12
2017-01-21,5,HOME CARE,250.0,9
2017-01-22,5,HOME CARE,304.0,10
2017-01-23,5,HOME CARE,243.0,9
2017-01-24,5,HOME CARE,207.0,8
2017-01-25,5,HOME CARE,201.0,10
2017-01-26,5,HOME CARE,162.0,6
2017-01-27,5,HOME CARE,164.0,9
2017-01-28,5,HOME CARE,241.0,6
2017-01-29,5,HOME CARE,251.0,8
2017-01-30,5,HOME CARE,195.0,9
2017-01-31,5,HOME CARE,226.0,7
2017-02-01,5,HOME CARE,281.0,8
2017-02-02,5,HOME CARE,213.0,5
2017-02-03,5,HOME CARE,200.0,5
2017-02-04,5,HOME CARE,287.0,8
2017-02-05,5,HOME CARE,272.0,4
2017-02-06,5,HOME CARE,178.0,4
2017-02-07,5,HOME CARE,172.0,6
2017-02-08,5,HOME CARE,182.0,6
2017-02-09,5,HOME CARE,132.0,1
2017-02-10,5,HOME CARE,141.0,1
2017-02-11,5,HOME CARE,203.0,4
2017-02-12,5,HOME CARE,249.0,3
2017-02-13,5,HOME CARE,223.0,3
2017-02-14,5,HOME CARE,169.0,3
2017-02-15,5,HOME CARE,179.0,7
2017-02-16,5,HOME CARE,172.0,5
2017-02-17,5,HOME CARE,229.0,5
2017-02-18,5,HOME CARE,301.0,5
2017-02-19,5,HOME CARE,262.0,5
2017-02-20,5,HOME CARE,206.0,7
2017-02-21,5,HOME CARE,214.0,5
2017-02-22,5,HOME CARE,197.0,5
2017-02-23,5,HOME CARE,186.0,4
2017-02-24,5,HOME CARE,182.0,4
2017-02-25,5,HOME CARE,281.0,5
2017-02-26,5,HOME CARE,211.0,5
2017-02-27,5,HOME CARE,152.0,5
2017-02-28,5,HOME CARE,214.0,5
2017-03-01,5,HOME CARE,338.0,4
2017-03-02,5,HOME CARE,257.0,4
2017-03-03,5,HOME CARE,305.0,4
2017-03-04,5,HOME CARE,253.0,5
2017-03-05,5,HOME CARE,318.0,5
2017-03-06,5,HOME CARE,215.0,3
2017-03-07,5,HOME CARE,212.0,4
2017-03-08,5,HOME CARE,198.0,4
2017-03-09,5,HOME CARE,193.0,4
2017-03-10,5,HOME CARE,182.0,5
2017-03-11,5,HOME CARE,213.0,5
2017-03-12,5,HOME CARE,260.0,6
2017-03-13,5,HOME CARE,262.0,7
2017-03-14,5,HOME CARE,219.0,6
2017-03-15,5,HOME CARE,254.0,6
2017-03-16,5,HOME CARE,183.0,4
2017-03-17,5,HOME CARE,233.0,5
2017-03-18,5,HOME CARE,299.0,7
2017-03-19,5,HOME CARE,311.0,5
2017-03-20,5,HOME CARE,298.0,5
2017-03-21,5,HOME CARE,247.0,7
2017-03-22,5,HOME CARE,213.0,6
2017-03-23,5,HOME CARE,203.0,8
2017-03-24,5,HOME CARE,226.0,8
2017-03-25,5,HOME CARE,257.0,9
2017-03-26,5,HOME CARE,347.0,9
2017-03-27,5,HOME CARE,301.0,9
2017-03-28,5,HOME CARE,218.0,6
2017-03-29,5,HOME CARE,223.0,9
2017-03-30,5,HOME CARE,130.0,3
2017-03-31,5,HOME CARE,208.0,5
2017-04-01,5,HOME CARE,288.0,4
2017-04-02,5,HOME CARE,283.0,4
2017-04-03,5,HOME CARE,221.0,5
2017-04-04,5,HOME CARE,215.0,6
2017-04-05,5,HOME CARE,169.0,4
2017-04-06,5,HOME CARE,146.0,1
2017-04-07,5,HOME CARE,187.0,3
2017-04-08,5,HOME CARE,237.0,4
2017-04-09,5,HOME CARE,192.0,6
2017-04-10,5,HOME CARE,197.0,4
2017-04-11,5,HOME CARE,161.0,5
2017-04-12,5,HOME CARE,162.0,7
2017-04-13,5,HOME CARE,187.0,7
2017-04-14,5,HOME CARE,198.0,8
2017-04-15,5,HOME CARE,196.0,9
2017-04-16,5,HOME CARE,246.0,10
2017-04-17,5,HOME CARE,237.0,5
2017-04-18,5,HOME CARE,194.0,3
2017-04-19,5,HOME CARE,174.0,5
2017-04-20,5,HOME CARE,134.0,4
2017-04-21,5,HOME CARE,136.0,5
2017-04-22,5,HOME CARE,186.0,2
2017-04-23,5,HOME CARE,285.0,4
2017-04-24,5,HOME CARE,206.0,5
2017-04-25,5,HOME CARE,210.0,7
2017-04-26,5,HOME CARE,184.0,4
2017-04-27,5,HOME CARE,143.0,6
2017-04-28,5,HOME CARE,188.0,7
2017-04-29,5,HOME CARE,265.0,6
2017-04-30,5,HOME CARE,268.0,6
2017-05-01,5,HOME CARE,312.0,8
2017-05-02,5,HOME CARE,228.0,8
2017-05-03,5,HOME CARE,252.0,9
2017-05-04,5,HOME CARE,206.0,6
2017-05-05,5,HOME CARE,178.0,6
2017-05-06,5,HOME CARE,298.0,6
2017-05-07,5,HOME CARE,298.0,6
2017-05-08,5,HOME CARE,269.0,7
2017-05-09,5,HOME CARE,170.0,7
2017-05-10,5,HOME CARE,199.0,9
2017-05-11,5,HOME CARE,150.0,9
2017-05-12,5,HOME CARE,217.0,10
2017-05-13,5,HOME CARE,267.0,12
2017-05-14,5,HOME CARE,275.0,13
2017-05-15,5,HOME CARE,254.0,11
2017-05-16,5,HOME CARE,207.0,8
2017-05-17,5,HOME CARE,217.0,13
2017-05-18,5,HOME CARE,163.0,9
2017-05-19,5,HOME CARE,226.0,11
2017-05-20,5,HOME CARE,228.0,13
2017-05-21,5,HOME CARE,324.0,14
2017-05-22,5,HOME CARE,210.0,11
2017-05-23,5,HOME CARE,163.0,9
2017-05-24,5,HOME CARE,186.0,13
2017-05-25,5,HOME CARE,160.0,8
2017-05-26,5,HOME CARE,248.0,10
2017-05-27,5,HOME CARE,190.0,9
2017-05-28,5,HOME CARE,294.0,9
2017-05-29,5,HOME CARE,281.0,13
2017-05-30,5,HOME CARE,150.0,10
2017-05-31,5,HOME CARE,171.0,11
2017-06-01,5,HOME CARE,186.0,4
2017-06-02,5,HOME CARE,203.0,6
2017-06-03,5,HOME CARE,245.0,4
2017-06-04,5,HOME CARE,327.0,5
2017-06-05,5,HOME CARE,208.0,8
2017-06-06,5,HOME CARE,179.0,5
2017-06-07,5,HOME CARE,171.0,5
2017-06-08,5,HOME CARE,171.0,9
2017-06-09,5,HOME CARE,156.0,10
2017-06-10,5,HOME CARE,181.0,12
2017-06-11,5,HOME CARE,280.0,11
2017-06-12,5,HOME CARE,212.0,9
2017-06-13,5,HOME CARE,137.0,11
2017-06-14,5,HOME CARE,176.0,12
2017-06-15,5,HOME CARE,146.0,11
2017-06-16,5,HOME CARE,138.0,8
2017-06-17,5,HOME CARE,207.0,10
2017-06-18,5,HOME CARE,197.0,12
2017-06-19,5,HOME CARE,218.0,10
2017-06-20,5,HOME CARE,181.0,11
2017-06-21,5,HOME CARE,198.0,14
2017-06-22,5,HOME CARE,198.0,11
2017-06-23,5,HOME CARE,312.0,12
2017-06-24,5,HOME CARE,242.0,13
2017-06-25,5,HOME CARE,242.0,14
2017-06-26,5,HOME CARE,264.0,12
2017-06-27,5,HOME CARE,198.0,7
2017-06-28,5,HOME CARE,243.0,14
2017-06-29,5,HOME CARE,175.0,14
2017-06-30,5,HOME CARE,207.0,12
2017-07-01,5,HOME CARE,379.0,14
2017-07-02,5,HOME CARE,262.0,15
2017-07-03,5,HOME CARE,267.0,14
2017-07-04,5,HOME CARE,282.0,15
2017-07-05,5,HOME CARE,258.0,16
2017-07-06,5,HOME CARE,234.0,12
2017-07-07,5,HOME CARE,193.0,11
2017-07-08,5,HOME CARE,235.0,13
2017-07-09,5,HOME CARE,314.0,11
2017-07-10,5,HOME CARE,222.0,10
2017-07-11,5,HOME CARE,280.0,9
2017-07-12,5,HOME CARE,168.0,13
2017-07-13,5,HOME CARE,235.0,15
2017-07-14,5,HOME CARE,258.0,13
2017-07-15,5,HOME CARE,270.0,16
2017-07-16,5,HOME CARE,328.0,12
2017-07-17,5,HOME CARE,358.0,13
2017-07-18,5,HOME CARE,260.0,14
2017-07-19,5,HOME CARE,230.0,15
2017-07-20,5,HOME CARE,246.0,13
2017-07-21,5,HOME CARE,285.0,9
2017-07-22,5,HOME CARE,269.0,9
2017-07-23,5,HOME CARE,368.0,7
2017-07-24,5,HOME CARE,237.0,10
2017-07-25,5,HOME CARE,234.0,9
2017-07-26,5,HOME CARE,214.0,9
2017-07-27,5,HOME CARE,211.0,6
2017-07-28,5,HOME CARE,200.0,9
2017-07-29,5,HOME CARE,299.0,10
2017-07-30,5,HOME CARE,318.0,10
2017-07-31,5,HOME CARE,383.0,10
2017-01-01,5,LADIESWEAR,0.0,0
2017-01-02,5,LADIESWEAR,22.0,0
2017-01-03,5,LADIESWEAR,26.0,0
2017-01-04,5,LADIESWEAR,11.0,0
2017-01-05,5,LADIESWEAR,9.0,0
2017-01-06,5,LADIESWEAR,5.0,0
2017-01-07,5,LADIESWEAR,10.0,0
2017-01-08,5,LADIESWEAR,14.0,0
2017-01-09,5,LADIESWEAR,15.0,0
2017-01-10,5,LADIESWEAR,9.0,0
2017-01-11,5,LADIESWEAR,2.0,0
2017-01-12,5,LADIESWEAR,6.0,0
2017-01-13,5,LADIESWEAR,2.0,0
2017-01-14,5,LADIESWEAR,7.0,0
2017-01-15,5,LADIESWEAR,25.0,0
2017-01-16,5,LADIESWEAR,27.0,0
2017-01-17,5,LADIESWEAR,21.0,0
2017-01-18,5,LADIESWEAR,9.0,0
2017-01-19,5,LADIESWEAR,9.0,0
2017-01-20,5,LADIESWEAR,5.0,0
2017-01-21,5,LADIESWEAR,10.0,0
2017-01-22,5,LADIESWEAR,35.0,0
2017-01-23,5,LADIESWEAR,11.0,0
2017-01-24,5,LADIESWEAR,14.0,0
2017-01-25,5,LADIESWEAR,7.0,0
2017-01-26,5,LADIESWEAR,6.0,0
2017-01-27,5,LADIESWEAR,5.0,0
2017-01-28,5,LADIESWEAR,22.0,0
2017-01-29,5,LADIESWEAR,23.0,0
2017-01-30,5,LADIESWEAR,14.0,0
2017-01-31,5,LADIESWEAR,15.0,0
2017-02-01,5,LADIESWEAR,11.0,0
2017-02-02,5,LADIESWEAR,12.0,0
2017-02-03,5,LADIESWEAR,12.0,0
2017-02-04,5,LADIESWEAR,33.0,0
2017-02-05,5,LADIESWEAR,21.0,0
2017-02-06,5,LADIESWEAR,14.0,0
2017-02-07,5,LADIESWEAR,10.0,0
2017-02-08,5,LADIESWEAR,13.0,0
2017-02-09,5,LADIESWEAR,8.0,0
2017-02-10,5,LADIESWEAR,12.0,0
2017-02-11,5,LADIESWEAR,20.0,0
2017-02-12,5,LADIESWEAR,31.0,0
2017-02-13,5,LADIESWEAR,13.0,0
2017-02-14,5,LADIESWEAR,10.0,0
2017-02-15,5,LADIESWEAR,11.0,0
2017-02-16,5,LADIESWEAR,4.0,0
2017-02-17,5,LADIESWEAR,11.0,0
2017-02-18,5,LADIESWEAR,15.0,0
2017-02-19,5,LADIESWEAR,28.0,0
2017-02-20,5,LADIESWEAR,19.0,0
2017-02-21,5,LADIESWEAR,12.0,0
2017-02-22,5,LADIESWEAR,6.0,0
2017-02-23,5,LADIESWEAR,23.0,0
2017-02-24,5,LADIESWEAR,7.0,0
2017-02-25,5,LADIESWEAR,9.0,0
2017-02-26,5,LADIESWEAR,4.0,0
2017-02-27,5,LADIESWEAR,13.0,0
2017-02-28,5,LADIESWEAR,17.0,0
2017-03-01,5,LADIESWEAR,8.0,0
2017-03-02,5,LADIESWEAR,11.0,0
2017-03-03,5,LADIESWEAR,4.0,0
2017-03-04,5,LADIESWEAR,28.0,0
2017-03-05,5,LADIESWEAR,22.0,0
2017-03-06,5,LADIESWEAR,10.0,0
2017-03-07,5,LADIESWEAR,14.0,0
2017-03-08,5,LADIESWEAR,21.0,0
2017-03-09,5,LADIESWEAR,6.0,0
2017-03-10,5,LADIESWEAR,4.0,0
2017-03-11,5,LADIESWEAR,25.0,0
2017-03-12,5,LADIESWEAR,21.0,0
2017-03-13,5,LADIESWEAR,14.0,0
2017-03-14,5,LADIESWEAR,16.0,0
2017-03-15,5,LADIESWEAR,21.0,0
2017-03-16,5,LADIESWEAR,14.0,0
2017-03-17,5,LADIESWEAR,16.0,0
2017-03-18,5,LADIESWEAR,10.0,0
2017-03-19,5,LADIESWEAR,27.0,0
2017-03-20,5,LADIESWEAR,15.0,0
2017-03-21,5,LADIESWEAR,10.0,0
2017-03-22,5,LADIESWEAR,10.0,0
2017-03-23,5,LADIESWEAR,6.0,0
2017-03-24,5,LADIESWEAR,5.0,0
2017-03-25,5,LADIESWEAR,13.0,0
2017-03-26,5,LADIESWEAR,25.0,0
2017-03-27,5,LADIESWEAR,8.0,0
2017-03-28,5,LADIESWEAR,11.0,0
2017-03-29,5,LADIESWEAR,16.0,0
2017-03-30,5,LADIESWEAR,13.0,0
2017-03-31,5,LADIESWEAR,4.0,0
2017-04-01,5,LADIESWEAR,24.0,0
2017-04-02,5,LADIESWEAR,13.0,0
2017-04-03,5,LADIESWEAR,15.0,0
2017-04-04,5,LADIESWEAR,8.0,0
2017-04-05,5,LADIESWEAR,15.0,0
2017-04-06,5,LADIESWEAR,12.0,0
2017-04-07,5,LADIESWEAR,15.0,0
2017-04-08,5,LADIESWEAR,18.0,0
2017-04-09,5,LADIESWEAR,14.0,0
2017-04-10,5,LADIESWEAR,10.0,0
2017-04-11,5,LADIESWEAR,6.0,0
2017-04-12,5,LADIESWEAR,10.0,0
2017-04-13,5,LADIESWEAR,8.0,0
2017-04-14,5,LADIESWEAR,3.0,0
2017-04-15,5,LADIESWEAR,15.0,0
2017-04-16,5,LADIESWEAR,35.0,0
2017-04-17,5,LADIESWEAR,5.0,0
2017-04-18,5,LADIESWEAR,9.0,0
2017-04-19,5,LADIESWEAR,12.0,0
2017-04-20,5,LADIESWEAR,14.0,0
2017-04-21,5,LADIESWEAR,22.0,0
2017-04-22,5,LADIESWEAR,17.0,1
2017-04-23,5,LADIESWEAR,46.0,0
2017-04-24,5,LADIESWEAR,16.0,0
2017-04-25,5,LADIESWEAR,14.0,0
2017-04-26,5,LADIESWEAR,13.0,0
2017-04-27,5,LADIESWEAR,17.0,0
2017-04-28,5,LADIESWEAR,4.0,0
2017-04-29,5,LADIESWEAR,18.0,0
2017-04-30,5,LADIESWEAR,16.0,0
2017-05-01,5,LADIESWEAR,26.0,0
2017-05-02,5,LADIESWEAR,20.0,0
2017-05-03,5,LADIESWEAR,15.0,0
2017-05-04,5,LADIESWEAR,8.0,0
2017-05-05,5,LADIESWEAR,8.0,0
2017-05-06,5,LADIESWEAR,20.0,0
2017-05-07,5,LADIESWEAR,45.0,0
2017-05-08,5,LADIESWEAR,15.0,0
2017-05-09,5,LADIESWEAR,7.0,0
2017-05-10,5,LADIESWEAR,9.0,0
2017-05-11,5,LADIESWEAR,4.0,0
2017-05-12,5,LADIESWEAR,9.0,0
2017-05-13,5,LADIESWEAR,34.0,0
2017-05-14,5,LADIESWEAR,16.0,0
2017-05-15,5,LADIESWEAR,12.0,0
2017-05-16,5,LADIESWEAR,13.0,0
2017-05-17,5,LADIESWEAR,11.0,0
2017-05-18,5,LADIESWEAR,15.0,0
2017-05-19,5,LADIESWEAR,10.0,0
2017-05-20,5,LADIESWEAR,12.0,0
2017-05-21,5,LADIESWEAR,18.0,0
2017-05-22,5,LADIESWEAR,24.0,0
2017-05-23,5,LADIESWEAR,10.0,0
2017-05-24,5,LADIESWEAR,6.0,0
2017-05-25,5,LADIESWEAR,11.0,0
2017-05-26,5,LADIESWEAR,16.0,0
2017-05-27,5,LADIESWEAR,25.0,0
2017-05-28,5,LADIESWEAR,27.0,0
2017-05-29,5,LADIESWEAR,16.0,0
2017-05-30,5,LADIESWEAR,6.0,0
2017-05-31,5,LADIESWEAR,17.0,0
2017-06-01,5,LADIESWEAR,7.0,0
2017-06-02,5,LADIESWEAR,15.0,0
2017-06-03,5,LADIESWEAR,15.0,0
2017-06-04,5,LADIESWEAR,21.0,0
2017-06-05,5,LADIESWEAR,14.0,0
2017-06-06,5,LADIESWEAR,11.0,0
2017-06-07,5,LADIESWEAR,17.0,0
2017-06-08,5,LADIESWEAR,12.0,0
2017-06-09,5,LADIESWEAR,14.0,0
2017-06-10,5,LADIESWEAR,20.0,0
2017-06-11,5,LADIESWEAR,24.0,0
2017-06-12,5,LADIESWEAR,16.0,0
2017-06-13,5,LADIESWEAR,8.0,0
2017-06-14,5,LADIESWEAR,12.0,0
2017-06-15,5,LADIESWEAR,9.0,0
2017-06-16,5,LADIESWEAR,15.0,0
2017-06-17,5,LADIESWEAR,14.0,0
2017-06-18,5,LADIESWEAR,30.0,0
2017-06-19,5,LADIESWEAR,11.0,0
2017-06-20,5,LADIESWEAR,5.0,0
2017-06-21,5,LADIESWEAR,21.0,0
2017-06-22,5,LADIESWEAR,5.0,0
2017-06-23,5,LADIESWEAR,11.0,0
2017-06-24,5,LADIESWEAR,14.0,0
2017-06-25,5,LADIESWEAR,22.0,0
2017-06-26,5,LADIESWEAR,17.0,0
2017-06-27,5,LADIESWEAR,7.0,0
2017-06-28,5,LADIESWEAR,9.0,0
2017-06-29,5,LADIESWEAR,10.0,0
2017-06-30,5,LADIESWEAR,9.0,0
2017-07-01,5,LADIESWEAR,19.0,0
2017-07-02,5,LADIESWEAR,7.0,0
2017-07-03,5,LADIESWEAR,17.0,0
2017-07-04,5,LADIESWEAR,18.0,0
2017-07-05,5,LADIESWEAR,34.0,0
2017-07-06,5,LADIESWEAR,8.0,0
2017-07-07,5,LADIESWEAR,8.0,0
2017-07-08,5,LADIESWEAR,13.0,0
2017-07-09,5,LADIESWEAR,26.0,0
2017-07-10,5,LADIESWEAR,9.0,0
2017-07-11,5,LADIESWEAR,7.0,0
2017-07-12,5,LADIESWEAR,6.0,0
2017-07-13,5,LADIESWEAR,8.0,0
2017-07-14,5,LADIESWEAR,8.0,0
2017-07-15,5,LADIESWEAR,28.0,0
2017-07-16,5,LADIESWEAR,24.0,0
2017-07-17,5,LADIESWEAR,4.0,0
2017-07-18,5,LADIESWEAR,10.0,0
2017-07-19,5,LADIESWEAR,15.0,0
2017-07-20,5,LADIESWEAR,11.0,0
2017-07-21,5,LADIESWEAR,22.0,0
2017-07-22,5,LADIESWEAR,26.0,0
2017-07-23,5,LADIESWEAR,24.0,0
2017-07-24,5,LADIESWEAR,18.0,0
2017-07-25,5,LADIESWEAR,9.0,0
2017-07-26,5,LADIESWEAR,7.0,0
2017-07-27,5,LADIESWEAR,12.0,0
2017-07-28,5,LADIESWEAR,7.0,0
2017-07-29,5,LADIESWEAR,12.0,0
2017-07-30,5,LADIESWEAR,16.0,0
2017-07-31,5,LADIESWEAR,15.0,0
2017-01-01,5,LAWN AND GARDEN,0.0,0
2017-01-02,5,LAWN AND GARDEN,11.0,0
2017-01-03,5,LAWN AND GARDEN,13.0,0
2017-01-04,5,LAWN AND GARDEN,9.0,2
2017-01-05,5,LAWN AND GARDEN,7.0,0
2017-01-06,5,LAWN AND GARDEN,11.0,0
2017-01-07,5,LAWN AND GARDEN,9.0,0
2017-01-08,5,LAWN AND GARDEN,8.0,0
2017-01-09,5,LAWN AND GARDEN,2.0,0
2017-01-10,5,LAWN AND GARDEN,7.0,0
2017-01-11,5,LAWN AND GARDEN,12.0,4
2017-01-12,5,LAWN AND GARDEN,8.0,0
2017-01-13,5,LAWN AND GARDEN,13.0,0
2017-01-14,5,LAWN AND GARDEN,12.0,0
2017-01-15,5,LAWN AND GARDEN,8.0,0
2017-01-16,5,LAWN AND GARDEN,4.0,0
2017-01-17,5,LAWN AND GARDEN,4.0,0
2017-01-18,5,LAWN AND GARDEN,1.0,1
2017-01-19,5,LAWN AND GARDEN,13.0,0
2017-01-20,5,LAWN AND GARDEN,6.0,0
2017-01-21,5,LAWN AND GARDEN,14.0,0
2017-01-22,5,LAWN AND GARDEN,19.0,0
2017-01-23,5,LAWN AND GARDEN,11.0,0
2017-01-24,5,LAWN AND GARDEN,5.0,0
2017-01-25,5,LAWN AND GARDEN,14.0,3
2017-01-26,5,LAWN AND GARDEN,8.0,0
2017-01-27,5,LAWN AND GARDEN,14.0,0
2017-01-28,5,LAWN AND GARDEN,13.0,0
2017-01-29,5,LAWN AND GARDEN,10.0,0
2017-01-30,5,LAWN AND GARDEN,16.0,0
2017-01-31,5,LAWN AND GARDEN,9.0,0
2017-02-01,5,LAWN AND GARDEN,6.0,3
2017-02-02,5,LAWN AND GARDEN,7.0,0
2017-02-03,5,LAWN AND GARDEN,5.0,0
2017-02-04,5,LAWN AND GARDEN,8.0,0
2017-02-05,5,LAWN AND GARDEN,12.0,0
2017-02-06,5,LAWN AND GARDEN,14.0,0
2017-02-07,5,LAWN AND GARDEN,17.0,0
2017-02-08,5,LAWN AND GARDEN,9.0,6
2017-02-09,5,LAWN AND GARDEN,4.0,0
2017-02-10,5,LAWN AND GARDEN,8.0,0
2017-02-11,5,LAWN AND GARDEN,15.0,0
2017-02-12,5,LAWN AND GARDEN,11.0,0
2017-02-13,5,LAWN AND GARDEN,51.0,0
2017-02-14,5,LAWN AND GARDEN,189.0,0
2017-02-15,5,LAWN AND GARDEN,4.0,2
2017-02-16,5,LAWN AND GARDEN,4.0,0
2017-02-17,5,LAWN AND GARDEN,12.0,0
2017-02-18,5,LAWN AND GARDEN,12.0,0
2017-02-19,5,LAWN AND GARDEN,6.0,0
2017-02-20,5,LAWN AND GARDEN,2.0,0
2017-02-21,5,LAWN AND GARDEN,5.0,0
2017-02-22,5,LAWN AND GARDEN,8.0,5
2017-02-23,5,LAWN AND GARDEN,10.0,0
2017-02-24,5,LAWN AND GARDEN,8.0,0
2017-02-25,5,LAWN AND GARDEN,12.0,0
2017-02-26,5,LAWN AND GARDEN,12.0,0
2017-02-27,5,LAWN AND GARDEN,7.0,0
2017-02-28,5,LAWN AND GARDEN,5.0,0
2017-03-01,5,LAWN AND GARDEN,0.0,0
2017-03-02,5,LAWN AND GARDEN,6.0,0
2017-03-03,5,LAWN AND GARDEN,7.0,0
2017-03-04,5,LAWN AND GARDEN,7.0,0
2017-03-05,5,LAWN AND GARDEN,11.0,0
2017-03-06,5,LAWN AND GARDEN,9.0,0
2017-03-07,5,LAWN AND GARDEN,8.0,0
2017-03-08,5,LAWN AND GARDEN,33.0,4
2017-03-09,5,LAWN AND GARDEN,2.0,0
2017-03-10,5,LAWN AND GARDEN,7.0,0
2017-03-11,5,LAWN AND GARDEN,6.0,0
2017-03-12,5,LAWN AND GARDEN,11.0,0
2017-03-13,5,LAWN AND GARDEN,4.0,0
2017-03-14,5,LAWN AND GARDEN,7.0,0
2017-03-15,5,LAWN AND GARDEN,5.0,4
2017-03-16,5,LAWN AND GARDEN,8.0,0
2017-03-17,5,LAWN AND GARDEN,4.0,0
2017-03-18,5,LAWN AND GARDEN,9.0,0
2017-03-19,5,LAWN AND GARDEN,15.0,0
2017-03-20,5,LAWN AND GARDEN,3.0,0
2017-03-21,5,LAWN AND GARDEN,2.0,0
2017-03-22,5,LAWN AND GARDEN,9.0,4
2017-03-23,5,LAWN AND GARDEN,7.0,0
2017-03-24,5,LAWN AND GARDEN,8.0,0
2017-03-25,5,LAWN AND GARDEN,7.0,0
2017-03-26,5,LAWN AND GARDEN,12.0,0
2017-03-27,5,LAWN AND GARDEN,9.0,0
2017-03-28,5,LAWN AND GARDEN,7.0,0
2017-03-29,5,LAWN AND GARDEN,7.0,4
2017-03-30,5,LAWN AND GARDEN,1.0,0
2017-03-31,5,LAWN AND GARDEN,10.0,0
2017-04-01,5,LAWN AND GARDEN,13.0,0
2017-04-02,5,LAWN AND GARDEN,10.0,0
2017-04-03,5,LAWN AND GARDEN,8.0,0
2017-04-04,5,LAWN AND GARDEN,6.0,0
2017-04-05,5,LAWN AND GARDEN,5.0,2
2017-04-06,5,LAWN AND GARDEN,17.0,0
2017-04-07,5,LAWN AND GARDEN,5.0,0
2017-04-08,5,LAWN AND GARDEN,19.0,0
2017-04-09,5,LAWN AND GARDEN,10.0,0
2017-04-10,5,LAWN AND GARDEN,13.0,0
2017-04-11,5,LAWN AND GARDEN,3.0,0
2017-04-12,5,LAWN AND GARDEN,10.0,5
2017-04-13,5,LAWN AND GARDEN,6.0,0
2017-04-14,5,LAWN AND GARDEN,9.0,0
2017-04-15,5,LAWN AND GARDEN,9.0,0
2017-04-16,5,LAWN AND GARDEN,2.0,0
2017-04-17,5,LAWN AND GARDEN,4.0,0
2017-04-18,5,LAWN AND GARDEN,7.0,0
2017-04-19,5,LAWN AND GARDEN,8.0,5
2017-04-20,5,LAWN AND GARDEN,3.0,0
2017-04-21,5,LAWN AND GARDEN,9.0,0
2017-04-22,5,LAWN AND GARDEN,13.0,0
2017-04-23,5,LAWN AND GARDEN,6.0,0
2017-04-24,5,LAWN AND GARDEN,6.0,0
2017-04-25,5,LAWN AND GARDEN,5.0,0
2017-04-26,5,LAWN AND GARDEN,6.0,3
2017-04-27,5,LAWN AND GARDEN,6.0,0
2017-04-28,5,LAWN AND GARDEN,7.0,0
2017-04-29,5,LAWN AND GARDEN,11.0,0
2017-04-30,5,LAWN AND GARDEN,17.0,0
2017-05-01,5,LAWN AND GARDEN,15.0,0
2017-05-02,5,LAWN AND GARDEN,3.0,0
2017-05-03,5,LAWN AND GARDEN,10.0,3
2017-05-04,5,LAWN AND GARDEN,8.0,0
2017-05-05,5,LAWN AND GARDEN,4.0,0
2017-05-06,5,LAWN AND GARDEN,4.0,0
2017-05-07,5,LAWN AND GARDEN,2.0,0
2017-05-08,5,LAWN AND GARDEN,6.0,0
2017-05-09,5,LAWN AND GARDEN,8.0,0
2017-05-10,5,LAWN AND GARDEN,12.0,4
2017-05-11,5,LAWN AND GARDEN,13.0,0
2017-05-12,5,LAWN AND GARDEN,11.0,1
2017-05-13,5,LAWN AND GARDEN,161.0,0
2017-05-14,5,LAWN AND GARDEN,92.0,0
2017-05-15,5,LAWN AND GARDEN,8.0,0
2017-05-16,5,LAWN AND GARDEN,6.0,0
2017-05-17,5,LAWN AND GARDEN,7.0,3
2017-05-18,5,LAWN AND GARDEN,1.0,0
2017-05-19,5,LAWN AND GARDEN,13.0,0
2017-05-20,5,LAWN AND GARDEN,4.0,0
2017-05-21,5,LAWN AND GARDEN,11.0,0
2017-05-22,5,LAWN AND GARDEN,7.0,0
2017-05-23,5,LAWN AND GARDEN,6.0,0
2017-05-24,5,LAWN AND GARDEN,13.0,3
2017-05-25,5,LAWN AND GARDEN,7.0,0
2017-05-26,5,LAWN AND GARDEN,10.0,0
2017-05-27,5,LAWN AND GARDEN,24.0,0
2017-05-28,5,LAWN AND GARDEN,6.0,0
2017-05-29,5,LAWN AND GARDEN,1.0,0
2017-05-30,5,LAWN AND GARDEN,10.0,0
2017-05-31,5,LAWN AND GARDEN,20.0,5
2017-06-01,5,LAWN AND GARDEN,1.0,0
2017-06-02,5,LAWN AND GARDEN,15.0,0
2017-06-03,5,LAWN AND GARDEN,12.0,0
2017-06-04,5,LAWN AND GARDEN,12.0,0
2017-06-05,5,LAWN AND GARDEN,4.0,0
2017-06-06,5,LAWN AND GARDEN,6.0,0
2017-06-07,5,LAWN AND GARDEN,2.0,1
2017-06-08,5,LAWN AND GARDEN,9.0,0
2017-06-09,5,LAWN AND GARDEN,14.0,0
2017-06-10,5,LAWN AND GARDEN,6.0,0
2017-06-11,5,LAWN AND GARDEN,14.0,0
2017-06-12,5,LAWN AND GARDEN,6.0,0
2017-06-13,5,LAWN AND GARDEN,3.0,0
2017-06-14,5,LAWN AND GARDEN,18.0,4
2017-06-15,5,LAWN AND GARDEN,6.0,0
2017-06-16,5,LAWN AND GARDEN,7.0,0
2017-06-17,5,LAWN AND GARDEN,20.0,0
2017-06-18,5,LAWN AND GARDEN,6.0,0
2017-06-19,5,LAWN AND GARDEN,1.0,0
2017-06-20,5,LAWN AND GARDEN,7.0,0
2017-06-21,5,LAWN AND GARDEN,12.0,6
2017-06-22,5,LAWN AND GARDEN,8.0,0
2017-06-23,5,LAWN AND GARDEN,9.0,0
2017-06-24,5,LAWN AND GARDEN,5.0,0
2017-06-25,5,LAWN AND GARDEN,9.0,0
2017-06-26,5,LAWN AND GARDEN,7.0,0
2017-06-27,5,LAWN AND GARDEN,8.0,0
2017-06-28,5,LAWN AND GARDEN,8.0,4
2017-06-29,5,LAWN AND GARDEN,3.0,0
2017-06-30,5,LAWN AND GARDEN,10.0,0
2017-07-01,5,LAWN AND GARDEN,19.0,0
2017-07-02,5,LAWN AND GARDEN,3.0,0
2017-07-03,5,LAWN AND GARDEN,16.0,0
2017-07-04,5,LAWN AND GARDEN,10.0,0
2017-07-05,5,LAWN AND GARDEN,9.0,5
2017-07-06,5,LAWN AND GARDEN,14.0,0
2017-07-07,5,LAWN AND GARDEN,4.0,0
2017-07-08,5,LAWN AND GARDEN,6.0,0
2017-07-09,5,LAWN AND GARDEN,7.0,0
2017-07-10,5,LAWN AND GARDEN,13.0,0
2017-07-11,5,LAWN AND GARDEN,8.0,0
2017-07-12,5,LAWN AND GARDEN,16.0,6
2017-07-13,5,LAWN AND GARDEN,7.0,0
2017-07-14,5,LAWN AND GARDEN,11.0,0
2017-07-15,5,LAWN AND GARDEN,15.0,0
2017-07-16,5,LAWN AND GARDEN,6.0,0
2017-07-17,5,LAWN AND GARDEN,9.0,0
2017-07-18,5,LAWN AND GARDEN,13.0,0
2017-07-19,5,LAWN AND GARDEN,10.0,6
2017-07-20,5,LAWN AND GARDEN,7.0,0
2017-07-21,5,LAWN AND GARDEN,6.0,0
2017-07-22,5,LAWN AND GARDEN,12.0,0
2017-07-23,5,LAWN AND GARDEN,12.0,0
2017-07-24,5,LAWN AND GARDEN,5.0,0
2017-07-25,5,LAWN AND GARDEN,8.0,0
2017-07-26,5,LAWN AND GARDEN,8.0,4
2017-07-27,5,LAWN AND GARDEN,20.0,0
2017-07-28,5,LAWN AND GARDEN,12.0,0
2017-07-29,5,LAWN AND GARDEN,10.0,0
2017-07-30,5,LAWN AND GARDEN,12.0,0
2017-07-31,5,LAWN AND GARDEN,13.0,0
2017-01-01,5,LINGERIE,0.0,0
2017-01-02,5,LINGERIE,19.0,0
2017-01-03,5,LINGERIE,19.0,0
2017-01-04,5,LINGERIE,18.0,0
2017-01-05,5,LINGERIE,14.0,0
2017-01-06,5,LINGERIE,12.0,0
2017-01-07,5,LINGERIE,14.0,0
2017-01-08,5,LINGERIE,10.0,0
2017-01-09,5,LINGERIE,10.0,0
2017-01-10,5,LINGERIE,7.0,0
2017-01-11,5,LINGERIE,15.0,0
2017-01-12,5,LINGERIE,4.0,0
2017-01-13,5,LINGERIE,11.0,0
2017-01-14,5,LINGERIE,6.0,0
2017-01-15,5,LINGERIE,7.0,0
2017-01-16,5,LINGERIE,9.0,0
2017-01-17,5,LINGERIE,10.0,0
2017-01-18,5,LINGERIE,17.0,0
2017-01-19,5,LINGERIE,9.0,0
2017-01-20,5,LINGERIE,6.0,0
2017-01-21,5,LINGERIE,15.0,0
2017-01-22,5,LINGERIE,17.0,0
2017-01-23,5,LINGERIE,14.0,0
2017-01-24,5,LINGERIE,3.0,0
2017-01-25,5,LINGERIE,0.0,0
2017-01-26,5,LINGERIE,4.0,0
2017-01-27,5,LINGERIE,4.0,0
2017-01-28,5,LINGERIE,13.0,0
2017-01-29,5,LINGERIE,2.0,0
2017-01-30,5,LINGERIE,14.0,0
2017-01-31,5,LINGERIE,12.0,0
2017-02-01,5,LINGERIE,16.0,0
2017-02-02,5,LINGERIE,10.0,0
2017-02-03,5,LINGERIE,15.0,0
2017-02-04,5,LINGERIE,5.0,0
2017-02-05,5,LINGERIE,18.0,0
2017-02-06,5,LINGERIE,25.0,0
2017-02-07,5,LINGERIE,9.0,0
2017-02-08,5,LINGERIE,11.0,0
2017-02-09,5,LINGERIE,16.0,0
2017-02-10,5,LINGERIE,7.0,0
2017-02-11,5,LINGERIE,7.0,0
2017-02-12,5,LINGERIE,9.0,3
2017-02-13,5,LINGERIE,9.0,0
2017-02-14,5,LINGERIE,3.0,0
2017-02-15,5,LINGERIE,8.0,0
2017-02-16,5,LINGERIE,22.0,0
2017-02-17,5,LINGERIE,8.0,0
2017-02-18,5,LINGERIE,11.0,0
2017-02-19,5,LINGERIE,15.0,0
2017-02-20,5,LINGERIE,14.0,0
2017-02-21,5,LINGERIE,11.0,0
2017-02-22,5,LINGERIE,6.0,0
2017-02-23,5,LINGERIE,10.0,0
2017-02-24,5,LINGERIE,11.0,0
2017-02-25,5,LINGERIE,17.0,0
2017-02-26,5,LINGERIE,6.0,0
2017-02-27,5,LINGERIE,9.0,0
2017-02-28,5,LINGERIE,3.0,0
2017-03-01,5,LINGERIE,12.0,0
2017-03-02,5,LINGERIE,9.0,0
2017-03-03,5,LINGERIE,14.0,0
2017-03-04,5,LINGERIE,13.0,0
2017-03-05,5,LINGERIE,10.0,0
2017-03-06,5,LINGERIE,9.0,0
2017-03-07,5,LINGERIE,24.0,0
2017-03-08,5,LINGERIE,10.0,0
2017-03-09,5,LINGERIE,6.0,0
2017-03-10,5,LINGERIE,7.0,0
2017-03-11,5,LINGERIE,13.0,0
2017-03-12,5,LINGERIE,8.0,0
2017-03-13,5,LINGERIE,10.0,0
2017-03-14,5,LINGERIE,5.0,0
2017-03-15,5,LINGERIE,11.0,0
2017-03-16,5,LINGERIE,10.0,0
2017-03-17,5,LINGERIE,13.0,0
2017-03-18,5,LINGERIE,9.0,0
2017-03-19,5,LINGERIE,9.0,0
2017-03-20,5,LINGERIE,20.0,0
2017-03-21,5,LINGERIE,8.0,0
2017-03-22,5,LINGERIE,6.0,0
2017-03-23,5,LINGERIE,8.0,0
2017-03-24,5,LINGERIE,9.0,0
2017-03-25,5,LINGERIE,14.0,0
2017-03-26,5,LINGERIE,10.0,0
2017-03-27,5,LINGERIE,18.0,0
2017-03-28,5,LINGERIE,4.0,0
2017-03-29,5,LINGERIE,6.0,0
2017-03-30,5,LINGERIE,5.0,0
2017-03-31,5,LINGERIE,4.0,0
2017-04-01,5,LINGERIE,12.0,0
2017-04-02,5,LINGERIE,16.0,0
2017-04-03,5,LINGERIE,11.0,0
2017-04-04,5,LINGERIE,6.0,0
2017-04-05,5,LINGERIE,7.0,0
2017-04-06,5,LINGERIE,10.0,0
2017-04-07,5,LINGERIE,9.0,0
2017-04-08,5,LINGERIE,8.0,0
2017-04-09,5,LINGERIE,9.0,0
2017-04-10,5,LINGERIE,12.0,0
2017-04-11,5,LINGERIE,4.0,0
2017-04-12,5,LINGERIE,9.0,0
2017-04-13,5,LINGERIE,7.0,0
2017-04-14,5,LINGERIE,19.0,0
2017-04-15,5,LINGERIE,12.0,0
2017-04-16,5,LINGERIE,9.0,0
2017-04-17,5,LINGERIE,10.0,0
2017-04-18,5,LINGERIE,9.0,0
2017-04-19,5,LINGERIE,3.0,0
2017-04-20,5,LINGERIE,11.0,0
2017-04-21,5,LINGERIE,9.0,0
2017-04-22,5,LINGERIE,14.0,0
2017-04-23,5,LINGERIE,15.0,0
2017-04-24,5,LINGERIE,12.0,0
2017-04-25,5,LINGERIE,12.0,0
2017-04-26,5,LINGERIE,8.0,0
2017-04-27,5,LINGERIE,4.0,0
2017-04-28,5,LINGERIE,12.0,0
2017-04-29,5,LINGERIE,16.0,0
2017-04-30,5,LINGERIE,11.0,0
2017-05-01,5,LINGERIE,14.0,0
2017-05-02,5,LINGERIE,16.0,0
2017-05-03,5,LINGERIE,21.0,0
2017-05-04,5,LINGERIE,16.0,1
2017-05-05,5,LINGERIE,15.0,0
2017-05-06,5,LINGERIE,8.0,0
2017-05-07,5,LINGERIE,14.0,1
2017-05-08,5,LINGERIE,5.0,0
2017-05-09,5,LINGERIE,5.0,0
2017-05-10,5,LINGERIE,13.0,0
2017-05-11,5,LINGERIE,10.0,1
2017-05-12,5,LINGERIE,10.0,0
2017-05-13,5,LINGERIE,16.0,0
2017-05-14,5,LINGERIE,16.0,0
2017-05-15,5,LINGERIE,16.0,0
2017-05-16,5,LINGERIE,9.0,0
2017-05-17,5,LINGERIE,4.0,0
2017-05-18,5,LINGERIE,15.0,0
2017-05-19,5,LINGERIE,17.0,0
2017-05-20,5,LINGERIE,12.0,0
2017-05-21,5,LINGERIE,21.0,0
2017-05-22,5,LINGERIE,5.0,0
2017-05-23,5,LINGERIE,14.0,0
2017-05-24,5,LINGERIE,8.0,0
2017-05-25,5,LINGERIE,6.0,0
2017-05-26,5,LINGERIE,19.0,0
2017-05-27,5,LINGERIE,9.0,0
2017-05-28,5,LINGERIE,21.0,0
2017-05-29,5,LINGERIE,9.0,0
2017-05-30,5,LINGERIE,10.0,0
2017-05-31,5,LINGERIE,10.0,0
2017-06-01,5,LINGERIE,6.0,0
2017-06-02,5,LINGERIE,12.0,0
2017-06-03,5,LINGERIE,17.0,0
2017-06-04,5,LINGERIE,11.0,0
2017-06-05,5,LINGERIE,14.0,0
2017-06-06,5,LINGERIE,6.0,0
2017-06-07,5,LINGERIE,12.0,0
2017-06-08,5,LINGERIE,10.0,0
2017-06-09,5,LINGERIE,12.0,0
2017-06-10,5,LINGERIE,15.0,0
2017-06-11,5,LINGERIE,20.0,0
2017-06-12,5,LINGERIE,20.0,0
2017-06-13,5,LINGERIE,10.0,0
2017-06-14,5,LINGERIE,9.0,0
2017-06-15,5,LINGERIE,12.0,0
2017-06-16,5,LINGERIE,14.0,0
2017-06-17,5,LINGERIE,11.0,0
2017-06-18,5,LINGERIE,3.0,0
2017-06-19,5,LINGERIE,7.0,0
2017-06-20,5,LINGERIE,10.0,0
2017-06-21,5,LINGERIE,18.0,0
2017-06-22,5,LINGERIE,7.0,0
2017-06-23,5,LINGERIE,5.0,0
2017-06-24,5,LINGERIE,12.0,0
2017-06-25,5,LINGERIE,10.0,0
2017-06-26,5,LINGERIE,11.0,0
2017-06-27,5,LINGERIE,10.0,0
2017-06-28,5,LINGERIE,7.0,0
2017-06-29,5,LINGERIE,3.0,0
2017-06-30,5,LINGERIE,11.0,0
2017-07-01,5,LINGERIE,11.0,0
2017-07-02,5,LINGERIE,17.0,0
2017-07-03,5,LINGERIE,11.0,0
2017-07-04,5,LINGERIE,8.0,0
2017-07-05,5,LINGERIE,16.0,0
2017-07-06,5,LINGERIE,8.0,0
2017-07-07,5,LINGERIE,12.0,0
2017-07-08,5,LINGERIE,15.0,0
2017-07-09,5,LINGERIE,16.0,0
2017-07-10,5,LINGERIE,12.0,0
2017-07-11,5,LINGERIE,13.0,0
2017-07-12,5,LINGERIE,4.0,0
2017-07-13,5,LINGERIE,14.0,0
2017-07-14,5,LINGERIE,13.0,0
2017-07-15,5,LINGERIE,9.0,0
2017-07-16,5,LINGERIE,16.0,0
2017-07-17,5,LINGERIE,6.0,0
2017-07-18,5,LINGERIE,8.0,0
2017-07-19,5,LINGERIE,15.0,0
2017-07-20,5,LINGERIE,20.0,0
2017-07-21,5,LINGERIE,22.0,0
2017-07-22,5,LINGERIE,9.0,0
2017-07-23,5,LINGERIE,12.0,0
2017-07-24,5,LINGERIE,15.0,0
2017-07-25,5,LINGERIE,3.0,0
2017-07-26,5,LINGERIE,6.0,0
2017-07-27,5,LINGERIE,9.0,0
2017-07-28,5,LINGERIE,6.0,0
2017-07-29,5,LINGERIE,15.0,0
2017-07-30,5,LINGERIE,19.0,0
2017-07-31,5,LINGERIE,19.0,0
2017-01-01,5,"LIQUOR,WINE,BEER",0.0,0
2017-01-02,5,"LIQUOR,WINE,BEER",28.0,0
2017-01-03,5,"LIQUOR,WINE,BEER",45.0,2
2017-01-04,5,"LIQUOR,WINE,BEER",32.0,2
2017-01-05,5,"LIQUOR,WINE,BEER",25.0,1
2017-01-06,5,"LIQUOR,WINE,BEER",93.0,3
2017-01-07,5,"LIQUOR,WINE,BEER",110.0,3
2017-01-08,5,"LIQUOR,WINE,BEER",30.0,2
2017-01-09,5,"LIQUOR,WINE,BEER",47.0,2
2017-01-10,5,"LIQUOR,WINE,BEER",32.0,1
2017-01-11,5,"LIQUOR,WINE,BEER",40.0,2
2017-01-12,5,"LIQUOR,WINE,BEER",49.0,3
2017-01-13,5,"LIQUOR,WINE,BEER",91.0,3
2017-01-14,5,"LIQUOR,WINE,BEER",127.0,4
2017-01-15,5,"LIQUOR,WINE,BEER",37.0,4
2017-01-16,5,"LIQUOR,WINE,BEER",42.0,3
2017-01-17,5,"LIQUOR,WINE,BEER",62.0,3
2017-01-18,5,"LIQUOR,WINE,BEER",47.0,3
2017-01-19,5,"LIQUOR,WINE,BEER",47.0,3
2017-01-20,5,"LIQUOR,WINE,BEER",56.0,2
2017-01-21,5,"LIQUOR,WINE,BEER",92.0,2
2017-01-22,5,"LIQUOR,WINE,BEER",44.0,2
2017-01-23,5,"LIQUOR,WINE,BEER",39.0,2
2017-01-24,5,"LIQUOR,WINE,BEER",45.0,2
2017-01-25,5,"LIQUOR,WINE,BEER",82.0,4
2017-01-26,5,"LIQUOR,WINE,BEER",67.0,2
2017-01-27,5,"LIQUOR,WINE,BEER",51.0,2
2017-01-28,5,"LIQUOR,WINE,BEER",84.0,1
2017-01-29,5,"LIQUOR,WINE,BEER",33.0,1
2017-01-30,5,"LIQUOR,WINE,BEER",22.0,2
2017-01-31,5,"LIQUOR,WINE,BEER",42.0,2
2017-02-01,5,"LIQUOR,WINE,BEER",58.0,3
2017-02-02,5,"LIQUOR,WINE,BEER",50.0,1
2017-02-03,5,"LIQUOR,WINE,BEER",111.0,2
2017-02-04,5,"LIQUOR,WINE,BEER",149.0,3
2017-02-05,5,"LIQUOR,WINE,BEER",62.0,2
2017-02-06,5,"LIQUOR,WINE,BEER",24.0,2
2017-02-07,5,"LIQUOR,WINE,BEER",38.0,2
2017-02-08,5,"LIQUOR,WINE,BEER",35.0,2
2017-02-09,5,"LIQUOR,WINE,BEER",93.0,3
2017-02-10,5,"LIQUOR,WINE,BEER",74.0,2
2017-02-11,5,"LIQUOR,WINE,BEER",109.0,2
2017-02-12,5,"LIQUOR,WINE,BEER",50.0,2
2017-02-13,5,"LIQUOR,WINE,BEER",43.0,2
2017-02-14,5,"LIQUOR,WINE,BEER",67.0,2
2017-02-15,5,"LIQUOR,WINE,BEER",80.0,2
2017-02-16,5,"LIQUOR,WINE,BEER",65.0,1
2017-02-17,5,"LIQUOR,WINE,BEER",20.0,1
2017-02-18,5,"LIQUOR,WINE,BEER",0.0,0
2017-02-19,5,"LIQUOR,WINE,BEER",0.0,0
2017-02-20,5,"LIQUOR,WINE,BEER",27.0,0
2017-02-21,5,"LIQUOR,WINE,BEER",55.0,0
2017-02-22,5,"LIQUOR,WINE,BEER",64.0,1
2017-02-23,5,"LIQUOR,WINE,BEER",78.0,1
2017-02-24,5,"LIQUOR,WINE,BEER",129.0,2
2017-02-25,5,"LIQUOR,WINE,BEER",188.0,2
2017-02-26,5,"LIQUOR,WINE,BEER",124.0,2
2017-02-27,5,"LIQUOR,WINE,BEER",127.0,1
2017-02-28,5,"LIQUOR,WINE,BEER",101.0,1
2017-03-01,5,"LIQUOR,WINE,BEER",36.0,1
2017-03-02,5,"LIQUOR,WINE,BEER",70.0,1
2017-03-03,5,"LIQUOR,WINE,BEER",87.0,4
2017-03-04,5,"LIQUOR,WINE,BEER",163.0,4
2017-03-05,5,"LIQUOR,WINE,BEER",49.0,2
2017-03-06,5,"LIQUOR,WINE,BEER",56.0,1
2017-03-07,5,"LIQUOR,WINE,BEER",43.0,1
2017-03-08,5,"LIQUOR,WINE,BEER",67.0,1
2017-03-09,5,"LIQUOR,WINE,BEER",72.0,2
2017-03-10,5,"LIQUOR,WINE,BEER",42.0,1
2017-03-11,5,"LIQUOR,WINE,BEER",111.0,3
2017-03-12,5,"LIQUOR,WINE,BEER",62.0,1
2017-03-13,5,"LIQUOR,WINE,BEER",51.0,1
2017-03-14,5,"LIQUOR,WINE,BEER",56.0,1
2017-03-15,5,"LIQUOR,WINE,BEER",63.0,2
2017-03-16,5,"LIQUOR,WINE,BEER",81.0,1
2017-03-17,5,"LIQUOR,WINE,BEER",86.0,3
2017-03-18,5,"LIQUOR,WINE,BEER",105.0,5
2017-03-19,5,"LIQUOR,WINE,BEER",109.0,3
2017-03-20,5,"LIQUOR,WINE,BEER",63.0,2
2017-03-21,5,"LIQUOR,WINE,BEER",64.0,2
2017-03-22,5,"LIQUOR,WINE,BEER",40.0,5
2017-03-23,5,"LIQUOR,WINE,BEER",113.0,5
2017-03-24,5,"LIQUOR,WINE,BEER",146.0,7
2017-03-25,5,"LIQUOR,WINE,BEER",114.0,7
2017-03-26,5,"LIQUOR,WINE,BEER",60.0,3
2017-03-27,5,"LIQUOR,WINE,BEER",47.0,2
2017-03-28,5,"LIQUOR,WINE,BEER",83.0,5
2017-03-29,5,"LIQUOR,WINE,BEER",96.0,4
2017-03-30,5,"LIQUOR,WINE,BEER",111.0,2
2017-03-31,5,"LIQUOR,WINE,BEER",32.0,1
2017-04-01,5,"LIQUOR,WINE,BEER",0.0,0
2017-04-02,5,"LIQUOR,WINE,BEER",0.0,0
2017-04-03,5,"LIQUOR,WINE,BEER",35.0,1
2017-04-04,5,"LIQUOR,WINE,BEER",52.0,1
2017-04-05,5,"LIQUOR,WINE,BEER",48.0,0
2017-04-06,5,"LIQUOR,WINE,BEER",49.0,0
2017-04-07,5,"LIQUOR,WINE,BEER",75.0,1
2017-04-08,5,"LIQUOR,WINE,BEER",196.0,1
2017-04-09,5,"LIQUOR,WINE,BEER",33.0,0
2017-04-10,5,"LIQUOR,WINE,BEER",40.0,0
2017-04-11,5,"LIQUOR,WINE,BEER",50.0,0
2017-04-12,5,"LIQUOR,WINE,BEER",74.0,1
2017-04-13,5,"LIQUOR,WINE,BEER",71.0,2
2017-04-14,5,"LIQUOR,WINE,BEER",115.0,4
2017-04-15,5,"LIQUOR,WINE,BEER",114.0,5
2017-04-16,5,"LIQUOR,WINE,BEER",38.0,2
2017-04-17,5,"LIQUOR,WINE,BEER",36.0,2
2017-04-18,5,"LIQUOR,WINE,BEER",32.0,2
2017-04-19,5,"LIQUOR,WINE,BEER",49.0,3
2017-04-20,5,"LIQUOR,WINE,BEER",55.0,1
2017-04-21,5,"LIQUOR,WINE,BEER",83.0,6
2017-04-22,5,"LIQUOR,WINE,BEER",97.0,5
2017-04-23,5,"LIQUOR,WINE,BEER",44.0,4
2017-04-24,5,"LIQUOR,WINE,BEER",70.0,4
2017-04-25,5,"LIQUOR,WINE,BEER",39.0,2
2017-04-26,5,"LIQUOR,WINE,BEER",35.0,5
2017-04-27,5,"LIQUOR,WINE,BEER",60.0,4
2017-04-28,5,"LIQUOR,WINE,BEER",128.0,8
2017-04-29,5,"LIQUOR,WINE,BEER",173.0,7
2017-04-30,5,"LIQUOR,WINE,BEER",60.0,4
2017-05-01,5,"LIQUOR,WINE,BEER",56.0,3
2017-05-02,5,"LIQUOR,WINE,BEER",26.0,1
2017-05-03,5,"LIQUOR,WINE,BEER",55.0,2
2017-05-04,5,"LIQUOR,WINE,BEER",35.0,0
2017-05-05,5,"LIQUOR,WINE,BEER",75.0,2
2017-05-06,5,"LIQUOR,WINE,BEER",88.0,4
2017-05-07,5,"LIQUOR,WINE,BEER",58.0,2
2017-05-08,5,"LIQUOR,WINE,BEER",33.0,0
2017-05-09,5,"LIQUOR,WINE,BEER",33.0,2
2017-05-10,5,"LIQUOR,WINE,BEER",32.0,4
2017-05-11,5,"LIQUOR,WINE,BEER",41.0,2
2017-05-12,5,"LIQUOR,WINE,BEER",79.0,4
2017-05-13,5,"LIQUOR,WINE,BEER",154.0,7
2017-05-14,5,"LIQUOR,WINE,BEER",110.0,5
2017-05-15,5,"LIQUOR,WINE,BEER",28.0,1
2017-05-16,5,"LIQUOR,WINE,BEER",57.0,3
2017-05-17,5,"LIQUOR,WINE,BEER",38.0,3
2017-05-18,5,"LIQUOR,WINE,BEER",57.0,4
2017-05-19,5,"LIQUOR,WINE,BEER",70.0,3
2017-05-20,5,"LIQUOR,WINE,BEER",62.0,4
2017-05-21,5,"LIQUOR,WINE,BEER",31.0,2
2017-05-22,5,"LIQUOR,WINE,BEER",21.0,2
2017-05-23,5,"LIQUOR,WINE,BEER",20.0,3
2017-05-24,5,"LIQUOR,WINE,BEER",33.0,3
2017-05-25,5,"LIQUOR,WINE,BEER",80.0,4
2017-05-26,5,"LIQUOR,WINE,BEER",98.0,3
2017-05-27,5,"LIQUOR,WINE,BEER",111.0,5
2017-05-28,5,"LIQUOR,WINE,BEER",45.0,5
2017-05-29,5,"LIQUOR,WINE,BEER",38.0,3
2017-05-30,5,"LIQUOR,WINE,BEER",45.0,3
2017-05-31,5,"LIQUOR,WINE,BEER",28.0,5
2017-06-01,5,"LIQUOR,WINE,BEER",49.0,3
2017-06-02,5,"LIQUOR,WINE,BEER",48.0,1
2017-06-03,5,"LIQUOR,WINE,BEER",96.0,2
2017-06-04,5,"LIQUOR,WINE,BEER",43.0,1
2017-06-05,5,"LIQUOR,WINE,BEER",25.0,0
2017-06-06,5,"LIQUOR,WINE,BEER",30.0,1
2017-06-07,5,"LIQUOR,WINE,BEER",38.0,1
2017-06-08,5,"LIQUOR,WINE,BEER",29.0,2
2017-06-09,5,"LIQUOR,WINE,BEER",61.0,3
2017-06-10,5,"LIQUOR,WINE,BEER",97.0,3
2017-06-11,5,"LIQUOR,WINE,BEER",30.0,1
2017-06-12,5,"LIQUOR,WINE,BEER",33.0,1
2017-06-13,5,"LIQUOR,WINE,BEER",13.0,1
2017-06-14,5,"LIQUOR,WINE,BEER",26.0,2
2017-06-15,5,"LIQUOR,WINE,BEER",30.0,2
2017-06-16,5,"LIQUOR,WINE,BEER",81.0,3
2017-06-17,5,"LIQUOR,WINE,BEER",138.0,6
2017-06-18,5,"LIQUOR,WINE,BEER",124.0,4
2017-06-19,5,"LIQUOR,WINE,BEER",26.0,2
2017-06-20,5,"LIQUOR,WINE,BEER",30.0,2
2017-06-21,5,"LIQUOR,WINE,BEER",27.0,4
2017-06-22,5,"LIQUOR,WINE,BEER",29.0,2
2017-06-23,5,"LIQUOR,WINE,BEER",83.0,5
2017-06-24,5,"LIQUOR,WINE,BEER",114.0,3
2017-06-25,5,"LIQUOR,WINE,BEER",48.0,3
2017-06-26,5,"LIQUOR,WINE,BEER",25.0,1
2017-06-27,5,"LIQUOR,WINE,BEER",45.0,3
2017-06-28,5,"LIQUOR,WINE,BEER",45.0,1
2017-06-29,5,"LIQUOR,WINE,BEER",75.0,4
2017-06-30,5,"LIQUOR,WINE,BEER",74.0,4
2017-07-01,5,"LIQUOR,WINE,BEER",115.0,3
2017-07-02,5,"LIQUOR,WINE,BEER",48.0,3
2017-07-03,5,"LIQUOR,WINE,BEER",41.0,3
2017-07-04,5,"LIQUOR,WINE,BEER",17.0,4
2017-07-05,5,"LIQUOR,WINE,BEER",55.0,6
2017-07-06,5,"LIQUOR,WINE,BEER",45.0,3
2017-07-07,5,"LIQUOR,WINE,BEER",55.0,4
2017-07-08,5,"LIQUOR,WINE,BEER",104.0,4
2017-07-09,5,"LIQUOR,WINE,BEER",63.0,5
2017-07-10,5,"LIQUOR,WINE,BEER",31.0,1
2017-07-11,5,"LIQUOR,WINE,BEER",48.0,2
2017-07-12,5,"LIQUOR,WINE,BEER",38.0,4
2017-07-13,5,"LIQUOR,WINE,BEER",47.0,4
2017-07-14,5,"LIQUOR,WINE,BEER",89.0,5
2017-07-15,5,"LIQUOR,WINE,BEER",89.0,3
2017-07-16,5,"LIQUOR,WINE,BEER",66.0,6
2017-07-17,5,"LIQUOR,WINE,BEER",21.0,2
2017-07-18,5,"LIQUOR,WINE,BEER",39.0,2
2017-07-19,5,"LIQUOR,WINE,BEER",51.0,3
2017-07-20,5,"LIQUOR,WINE,BEER",51.0,5
2017-07-21,5,"LIQUOR,WINE,BEER",58.0,4
2017-07-22,5,"LIQUOR,WINE,BEER",109.0,4
2017-07-23,5,"LIQUOR,WINE,BEER",68.0,3
2017-07-24,5,"LIQUOR,WINE,BEER",30.0,0
2017-07-25,5,"LIQUOR,WINE,BEER",33.0,2
2017-07-26,5,"LIQUOR,WINE,BEER",39.0,2
2017-07-27,5,"LIQUOR,WINE,BEER",53.0,3
2017-07-28,5,"LIQUOR,WINE,BEER",99.0,5
2017-07-29,5,"LIQUOR,WINE,BEER",112.0,3
2017-07-30,5,"LIQUOR,WINE,BEER",55.0,3
2017-07-31,5,"LIQUOR,WINE,BEER",36.0,2
2017-01-01,5,MAGAZINES,0.0,0
2017-01-02,5,MAGAZINES,13.0,0
2017-01-03,5,MAGAZINES,1.0,0
2017-01-04,5,MAGAZINES,4.0,0
2017-01-05,5,MAGAZINES,8.0,0
2017-01-06,5,MAGAZINES,5.0,0
2017-01-07,5,MAGAZINES,5.0,0
2017-01-08,5,MAGAZINES,6.0,0
2017-01-09,5,MAGAZINES,7.0,0
2017-01-10,5,MAGAZINES,6.0,0
2017-01-11,5,MAGAZINES,5.0,0
2017-01-12,5,MAGAZINES,1.0,0
2017-01-13,5,MAGAZINES,8.0,0
2017-01-14,5,MAGAZINES,13.0,0
2017-01-15,5,MAGAZINES,11.0,0
2017-01-16,5,MAGAZINES,8.0,0
2017-01-17,5,MAGAZINES,8.0,0
2017-01-18,5,MAGAZINES,5.0,0
2017-01-19,5,MAGAZINES,10.0,0
2017-01-20,5,MAGAZINES,5.0,0
2017-01-21,5,MAGAZINES,14.0,0
2017-01-22,5,MAGAZINES,10.0,0
2017-01-23,5,MAGAZINES,10.0,0
2017-01-24,5,MAGAZINES,9.0,0
2017-01-25,5,MAGAZINES,6.0,0
2017-01-26,5,MAGAZINES,9.0,0
2017-01-27,5,MAGAZINES,12.0,0
2017-01-28,5,MAGAZINES,13.0,0
2017-01-29,5,MAGAZINES,12.0,0
2017-01-30,5,MAGAZINES,9.0,0
2017-01-31,5,MAGAZINES,4.0,0
2017-02-01,5,MAGAZINES,7.0,0
2017-02-02,5,MAGAZINES,7.0,0
2017-02-03,5,MAGAZINES,5.0,0
2017-02-04,5,MAGAZINES,10.0,0
2017-02-05,5,MAGAZINES,13.0,0
2017-02-06,5,MAGAZINES,3.0,0
2017-02-07,5,MAGAZINES,6.0,0
2017-02-08,5,MAGAZINES,4.0,0
2017-02-09,5,MAGAZINES,4.0,0
2017-02-10,5,MAGAZINES,16.0,0
2017-02-11,5,MAGAZINES,11.0,0
2017-02-12,5,MAGAZINES,9.0,0
2017-02-13,5,MAGAZINES,14.0,0
2017-02-14,5,MAGAZINES,13.0,0
2017-02-15,5,MAGAZINES,11.0,0
2017-02-16,5,MAGAZINES,7.0,0
2017-02-17,5,MAGAZINES,9.0,0
2017-02-18,5,MAGAZINES,9.0,0
2017-02-19,5,MAGAZINES,5.0,0
2017-02-20,5,MAGAZINES,5.0,0
2017-02-21,5,MAGAZINES,6.0,0
2017-02-22,5,MAGAZINES,3.0,0
2017-02-23,5,MAGAZINES,9.0,0
2017-02-24,5,MAGAZINES,17.0,0
2017-02-25,5,MAGAZINES,18.0,0
2017-02-26,5,MAGAZINES,8.0,0
2017-02-27,5,MAGAZINES,7.0,0
2017-02-28,5,MAGAZINES,6.0,0
2017-03-01,5,MAGAZINES,10.0,0
2017-03-02,5,MAGAZINES,11.0,0
2017-03-03,5,MAGAZINES,9.0,0
2017-03-04,5,MAGAZINES,6.0,0
2017-03-05,5,MAGAZINES,7.0,0
2017-03-06,5,MAGAZINES,9.0,0
2017-03-07,5,MAGAZINES,7.0,0
2017-03-08,5,MAGAZINES,2.0,0
2017-03-09,5,MAGAZINES,4.0,0
2017-03-10,5,MAGAZINES,4.0,0
2017-03-11,5,MAGAZINES,5.0,0
2017-03-12,5,MAGAZINES,9.0,0
2017-03-13,5,MAGAZINES,10.0,0
2017-03-14,5,MAGAZINES,5.0,0
2017-03-15,5,MAGAZINES,9.0,0
2017-03-16,5,MAGAZINES,11.0,0
2017-03-17,5,MAGAZINES,6.0,0
2017-03-18,5,MAGAZINES,9.0,0
2017-03-19,5,MAGAZINES,8.0,0
2017-03-20,5,MAGAZINES,5.0,0
2017-03-21,5,MAGAZINES,10.0,0
2017-03-22,5,MAGAZINES,5.0,0
2017-03-23,5,MAGAZINES,6.0,0
2017-03-24,5,MAGAZINES,8.0,0
2017-03-25,5,MAGAZINES,13.0,0
2017-03-26,5,MAGAZINES,9.0,0
2017-03-27,5,MAGAZINES,8.0,0
2017-03-28,5,MAGAZINES,8.0,0
2017-03-29,5,MAGAZINES,6.0,0
2017-03-30,5,MAGAZINES,5.0,0
2017-03-31,5,MAGAZINES,7.0,0
2017-04-01,5,MAGAZINES,10.0,0
2017-04-02,5,MAGAZINES,12.0,0
2017-04-03,5,MAGAZINES,4.0,0
2017-04-04,5,MAGAZINES,7.0,0
2017-04-05,5,MAGAZINES,1.0,0
2017-04-06,5,MAGAZINES,8.0,0
2017-04-07,5,MAGAZINES,6.0,0
2017-04-08,5,MAGAZINES,14.0,0
2017-04-09,5,MAGAZINES,14.0,0
2017-04-10,5,MAGAZINES,14.0,0
2017-04-11,5,MAGAZINES,11.0,0
2017-04-12,5,MAGAZINES,8.0,0
2017-04-13,5,MAGAZINES,11.0,0
2017-04-14,5,MAGAZINES,6.0,0
2017-04-15,5,MAGAZINES,12.0,0
2017-04-16,5,MAGAZINES,16.0,0
2017-04-17,5,MAGAZINES,13.0,0
2017-04-18,5,MAGAZINES,6.0,0
2017-04-19,5,MAGAZINES,9.0,0
2017-04-20,5,MAGAZINES,11.0,0
2017-04-21,5,MAGAZINES,9.0,0
2017-04-22,5,MAGAZINES,12.0,0
2017-04-23,5,MAGAZINES,10.0,0
2017-04-24,5,MAGAZINES,12.0,0
2017-04-25,5,MAGAZINES,3.0,0
2017-04-26,5,MAGAZINES,10.0,0
2017-04-27,5,MAGAZINES,7.0,0
2017-04-28,5,MAGAZINES,13.0,0
2017-04-29,5,MAGAZINES,8.0,0
2017-04-30,5,MAGAZINES,6.0,0
2017-05-01,5,MAGAZINES,8.0,0
2017-05-02,5,MAGAZINES,9.0,0
2017-05-03,5,MAGAZINES,12.0,0
2017-05-04,5,MAGAZINES,9.0,0
2017-05-05,5,MAGAZINES,5.0,0
2017-05-06,5,MAGAZINES,24.0,0
2017-05-07,5,MAGAZINES,15.0,0
2017-05-08,5,MAGAZINES,8.0,0
2017-05-09,5,MAGAZINES,8.0,0
2017-05-10,5,MAGAZINES,7.0,0
2017-05-11,5,MAGAZINES,3.0,0
2017-05-12,5,MAGAZINES,10.0,0
2017-05-13,5,MAGAZINES,14.0,0
2017-05-14,5,MAGAZINES,7.0,0
2017-05-15,5,MAGAZINES,6.0,0
2017-05-16,5,MAGAZINES,4.0,0
2017-05-17,5,MAGAZINES,3.0,0
2017-05-18,5,MAGAZINES,9.0,0
2017-05-19,5,MAGAZINES,4.0,0
2017-05-20,5,MAGAZINES,10.0,0
2017-05-21,5,MAGAZINES,6.0,0
2017-05-22,5,MAGAZINES,6.0,0
2017-05-23,5,MAGAZINES,12.0,0
2017-05-24,5,MAGAZINES,7.0,0
2017-05-25,5,MAGAZINES,10.0,0
2017-05-26,5,MAGAZINES,9.0,0
2017-05-27,5,MAGAZINES,8.0,0
2017-05-28,5,MAGAZINES,8.0,0
2017-05-29,5,MAGAZINES,4.0,0
2017-05-30,5,MAGAZINES,3.0,0
2017-05-31,5,MAGAZINES,4.0,0
2017-06-01,5,MAGAZINES,6.0,0
2017-06-02,5,MAGAZINES,7.0,0
2017-06-03,5,MAGAZINES,8.0,0
2017-06-04,5,MAGAZINES,13.0,0
2017-06-05,5,MAGAZINES,3.0,0
2017-06-06,5,MAGAZINES,11.0,0
2017-06-07,5,MAGAZINES,7.0,0
2017-06-08,5,MAGAZINES,8.0,0
2017-06-09,5,MAGAZINES,12.0,0
2017-06-10,5,MAGAZINES,11.0,0
2017-06-11,5,MAGAZINES,20.0,0
2017-06-12,5,MAGAZINES,15.0,0
2017-06-13,5,MAGAZINES,6.0,0
2017-06-14,5,MAGAZINES,4.0,0
2017-06-15,5,MAGAZINES,10.0,0
2017-06-16,5,MAGAZINES,3.0,0
2017-06-17,5,MAGAZINES,14.0,0
2017-06-18,5,MAGAZINES,12.0,0
2017-06-19,5,MAGAZINES,9.0,0
2017-06-20,5,MAGAZINES,5.0,0
2017-06-21,5,MAGAZINES,6.0,0
2017-06-22,5,MAGAZINES,10.0,0
2017-06-23,5,MAGAZINES,10.0,0
2017-06-24,5,MAGAZINES,7.0,0
2017-06-25,5,MAGAZINES,9.0,0
2017-06-26,5,MAGAZINES,7.0,0
2017-06-27,5,MAGAZINES,2.0,0
2017-06-28,5,MAGAZINES,3.0,0
2017-06-29,5,MAGAZINES,3.0,0
2017-06-30,5,MAGAZINES,4.0,0
2017-07-01,5,MAGAZINES,6.0,0
2017-07-02,5,MAGAZINES,3.0,0
2017-07-03,5,MAGAZINES,6.0,0
2017-07-04,5,MAGAZINES,2.0,0
2017-07-05,5,MAGAZINES,4.0,0
2017-07-06,5,MAGAZINES,5.0,0
2017-07-07,5,MAGAZINES,9.0,0
2017-07-08,5,MAGAZINES,15.0,0
2017-07-09,5,MAGAZINES,9.0,0
2017-07-10,5,MAGAZINES,7.0,0
2017-07-11,5,MAGAZINES,9.0,0
2017-07-12,5,MAGAZINES,6.0,0
2017-07-13,5,MAGAZINES,7.0,0
2017-07-14,5,MAGAZINES,12.0,0
2017-07-15,5,MAGAZINES,8.0,0
2017-07-16,5,MAGAZINES,8.0,0
2017-07-17,5,MAGAZINES,6.0,0
2017-07-18,5,MAGAZINES,4.0,0
2017-07-19,5,MAGAZINES,7.0,0
2017-07-20,5,MAGAZINES,2.0,0
2017-07-21,5,MAGAZINES,6.0,0
2017-07-22,5,MAGAZINES,11.0,0
2017-07-23,5,MAGAZINES,6.0,0
2017-07-24,5,MAGAZINES,5.0,0
2017-07-25,5,MAGAZINES,8.0,0
2017-07-26,5,MAGAZINES,6.0,0
2017-07-27,5,MAGAZINES,1.0,0
2017-07-28,5,MAGAZINES,5.0,0
2017-07-29,5,MAGAZINES,6.0,0
2017-07-30,5,MAGAZINES,8.0,0
2017-07-31,5,MAGAZINES,3.0,0
2017-01-01,5,MEATS,0.0,0
2017-01-02,5,MEATS,283.762,1
2017-01-03,5,MEATS,236.938,1
2017-01-04,5,MEATS,270.537,0
2017-01-05,5,MEATS,185.803,1
2017-01-06,5,MEATS,316.89398,32
2017-01-07,5,MEATS,251.667,2
2017-01-08,5,MEATS,272.419,0
2017-01-09,5,MEATS,197.481,0
2017-01-10,5,MEATS,216.512,1
2017-01-11,5,MEATS,214.186,0
2017-01-12,5,MEATS,220.531,1
2017-01-13,5,MEATS,350.448,36
2017-01-14,5,MEATS,294.228,2
2017-01-15,5,MEATS,321.3,2
2017-01-16,5,MEATS,175.814,3
2017-01-17,5,MEATS,233.70099,0
2017-01-18,5,MEATS,208.599,1
2017-01-19,5,MEATS,146.863,1
2017-01-20,5,MEATS,303.69202,36
2017-01-21,5,MEATS,248.966,2
2017-01-22,5,MEATS,270.821,0
2017-01-23,5,MEATS,235.05501,0
2017-01-24,5,MEATS,249.182,0
2017-01-25,5,MEATS,192.657,0
2017-01-26,5,MEATS,170.545,0
2017-01-27,5,MEATS,234.594,34
2017-01-28,5,MEATS,237.321,0
2017-01-29,5,MEATS,225.87599,0
2017-01-30,5,MEATS,226.929,2
2017-01-31,5,MEATS,212.017,0
2017-02-01,5,MEATS,261.008,3
2017-02-02,5,MEATS,231.908,0
2017-02-03,5,MEATS,326.398,35
2017-02-04,5,MEATS,272.695,3
2017-02-05,5,MEATS,295.459,1
2017-02-06,5,MEATS,277.635,3
2017-02-07,5,MEATS,189.234,2
2017-02-08,5,MEATS,200.648,3
2017-02-09,5,MEATS,158.886,0
2017-02-10,5,MEATS,303.92,35
2017-02-11,5,MEATS,295.066,0
2017-02-12,5,MEATS,257.436,0
2017-02-13,5,MEATS,216.061,0
2017-02-14,5,MEATS,195.895,0
2017-02-15,5,MEATS,178.424,0
2017-02-16,5,MEATS,221.296,0
2017-02-17,5,MEATS,311.938,35
2017-02-18,5,MEATS,279.717,0
2017-02-19,5,MEATS,193.533,0
2017-02-20,5,MEATS,172.771,0
2017-02-21,5,MEATS,199.602,0
2017-02-22,5,MEATS,206.431,0
2017-02-23,5,MEATS,181.955,0
2017-02-24,5,MEATS,269.708,32
2017-02-25,5,MEATS,335.015,0
2017-02-26,5,MEATS,246.83,0
2017-02-27,5,MEATS,154.51,0
2017-02-28,5,MEATS,200.851,0
2017-03-01,5,MEATS,267.6,0
2017-03-02,5,MEATS,216.384,0
2017-03-03,5,MEATS,365.697,32
2017-03-04,5,MEATS,280.802,0
2017-03-05,5,MEATS,235.582,0
2017-03-06,5,MEATS,202.432,0
2017-03-07,5,MEATS,229.554,0
2017-03-08,5,MEATS,233.984,0
2017-03-09,5,MEATS,190.994,0
2017-03-10,5,MEATS,280.296,36
2017-03-11,5,MEATS,210.763,0
2017-03-12,5,MEATS,302.44598,0
2017-03-13,5,MEATS,224.296,0
2017-03-14,5,MEATS,206.685,0
2017-03-15,5,MEATS,246.312,0
2017-03-16,5,MEATS,187.66699,0
2017-03-17,5,MEATS,357.654,38
2017-03-18,5,MEATS,217.537,0
2017-03-19,5,MEATS,284.176,0
2017-03-20,5,MEATS,272.622,0
2017-03-21,5,MEATS,235.575,0
2017-03-22,5,MEATS,215.955,0
2017-03-23,5,MEATS,195.715,0
2017-03-24,5,MEATS,260.621,34
2017-03-25,5,MEATS,225.599,0
2017-03-26,5,MEATS,289.288,0
2017-03-27,5,MEATS,260.022,0
2017-03-28,5,MEATS,228.59,0
2017-03-29,5,MEATS,224.766,0
2017-03-30,5,MEATS,114.951996,0
2017-03-31,5,MEATS,361.84302,36
2017-04-01,5,MEATS,250.819,0
2017-04-02,5,MEATS,266.679,0
2017-04-03,5,MEATS,272.509,0
2017-04-04,5,MEATS,223.071,0
2017-04-05,5,MEATS,209.937,0
2017-04-06,5,MEATS,227.856,0
2017-04-07,5,MEATS,259.182,35
2017-04-08,5,MEATS,216.40201,0
2017-04-09,5,MEATS,232.979,0
2017-04-10,5,MEATS,168.266,0
2017-04-11,5,MEATS,257.704,2
2017-04-12,5,MEATS,146.944,2
2017-04-13,5,MEATS,145.26001,3
2017-04-14,5,MEATS,174.556,33
2017-04-15,5,MEATS,245.524,1
2017-04-16,5,MEATS,163.104,1
2017-04-17,5,MEATS,286.691,0
2017-04-18,5,MEATS,275.27,1
2017-04-19,5,MEATS,203.495,2
2017-04-20,5,MEATS,226.556,3
2017-04-21,5,MEATS,273.938,34
2017-04-22,5,MEATS,182.633,3
2017-04-23,5,MEATS,228.135,0
2017-04-24,5,MEATS,252.148,0
2017-04-25,5,MEATS,222.657,1
2017-04-26,5,MEATS,208.664,2
2017-04-27,5,MEATS,171.362,3
2017-04-28,5,MEATS,283.859,34
2017-04-29,5,MEATS,300.77798,0
2017-04-30,5,MEATS,290.592,1
2017-05-01,5,MEATS,303.329,1
2017-05-02,5,MEATS,281.08,3
2017-05-03,5,MEATS,267.021,2
2017-05-04,5,MEATS,198.887,1
2017-05-05,5,MEATS,316.451,35
2017-05-06,5,MEATS,229.666,1
2017-05-07,5,MEATS,272.31,1
2017-05-08,5,MEATS,261.18,0
2017-05-09,5,MEATS,200.848,0
2017-05-10,5,MEATS,205.832,0
2017-05-11,5,MEATS,150.618,4
2017-05-12,5,MEATS,323.63602,36
2017-05-13,5,MEATS,249.841,1
2017-05-14,5,MEATS,242.202,0
2017-05-15,5,MEATS,193.881,1
2017-05-16,5,MEATS,252.989,1
2017-05-17,5,MEATS,237.165,1
2017-05-18,5,MEATS,169.42801,0
2017-05-19,5,MEATS,286.218,32
2017-05-20,5,MEATS,227.061,0
2017-05-21,5,MEATS,299.381,0
2017-05-22,5,MEATS,253.331,0
2017-05-23,5,MEATS,201.097,0
2017-05-24,5,MEATS,189.21,0
2017-05-25,5,MEATS,171.829,0
2017-05-26,5,MEATS,327.447,32
2017-05-27,5,MEATS,222.9,0
2017-05-28,5,MEATS,266.304,0
2017-05-29,5,MEATS,227.204,0
2017-05-30,5,MEATS,225.101,2
2017-05-31,5,MEATS,182.683,0
2017-06-01,5,MEATS,216.676,3
2017-06-02,5,MEATS,301.924,32
2017-06-03,5,MEATS,311.504,28
2017-06-04,5,MEATS,351.876,31
2017-06-05,5,MEATS,236.504,30
2017-06-06,5,MEATS,286.147,28
2017-06-07,5,MEATS,197.02899,28
2017-06-08,5,MEATS,165.961,29
2017-06-09,5,MEATS,311.25598,34
2017-06-10,5,MEATS,218.713,30
2017-06-11,5,MEATS,291.637,31
2017-06-12,5,MEATS,202.982,30
2017-06-13,5,MEATS,183.254,29
2017-06-14,5,MEATS,233.071,34
2017-06-15,5,MEATS,232.59401,32
2017-06-16,5,MEATS,358.399,35
2017-06-17,5,MEATS,294.812,33
2017-06-18,5,MEATS,299.507,34
2017-06-19,5,MEATS,218.008,31
2017-06-20,5,MEATS,247.272,31
2017-06-21,5,MEATS,194.24901,30
2017-06-22,5,MEATS,231.419,0
2017-06-23,5,MEATS,290.654,34
2017-06-24,5,MEATS,254.683,1
2017-06-25,5,MEATS,264.772,0
2017-06-26,5,MEATS,270.576,0
2017-06-27,5,MEATS,184.642,1
2017-06-28,5,MEATS,229.289,0
2017-06-29,5,MEATS,168.58,0
2017-06-30,5,MEATS,348.422,36
2017-07-01,5,MEATS,271.102,0
2017-07-02,5,MEATS,232.5,2
2017-07-03,5,MEATS,332.634,2
2017-07-04,5,MEATS,262.73502,1
2017-07-05,5,MEATS,313.755,5
2017-07-06,5,MEATS,225.832,0
2017-07-07,5,MEATS,340.467,36
2017-07-08,5,MEATS,243.379,0
2017-07-09,5,MEATS,309.695,0
2017-07-10,5,MEATS,220.647,0
2017-07-11,5,MEATS,212.368,0
2017-07-12,5,MEATS,212.154,0
2017-07-13,5,MEATS,200.226,0
2017-07-14,5,MEATS,276.355,35
2017-07-15,5,MEATS,245.413,0
2017-07-16,5,MEATS,248.253,0
2017-07-17,5,MEATS,263.778,0
2017-07-18,5,MEATS,269.34,0
2017-07-19,5,MEATS,269.004,0
2017-07-20,5,MEATS,223.521,0
2017-07-21,5,MEATS,346.195,33
2017-07-22,5,MEATS,222.717,0
2017-07-23,5,MEATS,351.669,0
2017-07-24,5,MEATS,276.378,0
2017-07-25,5,MEATS,243.575,0
2017-07-26,5,MEATS,250.261,0
2017-07-27,5,MEATS,233.55,0
2017-07-28,5,MEATS,281.964,34
2017-07-29,5,MEATS,253.926,0
2017-07-30,5,MEATS,234.72,0
2017-07-31,5,MEATS,271.239,0
2017-01-01,5,PERSONAL CARE,0.0,0
2017-01-02,5,PERSONAL CARE,433.0,14
2017-01-03,5,PERSONAL CARE,377.0,14
2017-01-04,5,PERSONAL CARE,427.0,14
2017-01-05,5,PERSONAL CARE,254.0,7
2017-01-06,5,PERSONAL CARE,319.0,8
2017-01-07,5,PERSONAL CARE,353.0,7
2017-01-08,5,PERSONAL CARE,340.0,7
2017-01-09,5,PERSONAL CARE,275.0,5
2017-01-10,5,PERSONAL CARE,303.0,7
2017-01-11,5,PERSONAL CARE,450.0,8
2017-01-12,5,PERSONAL CARE,202.0,4
2017-01-13,5,PERSONAL CARE,245.0,7
2017-01-14,5,PERSONAL CARE,321.0,6
2017-01-15,5,PERSONAL CARE,390.0,7
2017-01-16,5,PERSONAL CARE,232.0,8
2017-01-17,5,PERSONAL CARE,234.0,10
2017-01-18,5,PERSONAL CARE,238.0,9
2017-01-19,5,PERSONAL CARE,227.0,11
2017-01-20,5,PERSONAL CARE,191.0,8
2017-01-21,5,PERSONAL CARE,306.0,11
2017-01-22,5,PERSONAL CARE,367.0,9
2017-01-23,5,PERSONAL CARE,294.0,11
2017-01-24,5,PERSONAL CARE,223.0,7
2017-01-25,5,PERSONAL CARE,237.0,11
2017-01-26,5,PERSONAL CARE,170.0,6
2017-01-27,5,PERSONAL CARE,220.0,7
2017-01-28,5,PERSONAL CARE,299.0,7
2017-01-29,5,PERSONAL CARE,290.0,6
2017-01-30,5,PERSONAL CARE,209.0,5
2017-01-31,5,PERSONAL CARE,308.0,6
2017-02-01,5,PERSONAL CARE,466.0,10
2017-02-02,5,PERSONAL CARE,311.0,11
2017-02-03,5,PERSONAL CARE,255.0,7
2017-02-04,5,PERSONAL CARE,356.0,9
2017-02-05,5,PERSONAL CARE,333.0,7
2017-02-06,5,PERSONAL CARE,392.0,7
2017-02-07,5,PERSONAL CARE,270.0,4
2017-02-08,5,PERSONAL CARE,313.0,10
2017-02-09,5,PERSONAL CARE,196.0,9
2017-02-10,5,PERSONAL CARE,213.0,8
2017-02-11,5,PERSONAL CARE,280.0,9
2017-02-12,5,PERSONAL CARE,306.0,9
2017-02-13,5,PERSONAL CARE,228.0,7
2017-02-14,5,PERSONAL CARE,211.0,9
2017-02-15,5,PERSONAL CARE,194.0,11
2017-02-16,5,PERSONAL CARE,194.0,7
2017-02-17,5,PERSONAL CARE,248.0,6
2017-02-18,5,PERSONAL CARE,346.0,6
2017-02-19,5,PERSONAL CARE,341.0,7
2017-02-20,5,PERSONAL CARE,232.0,9
2017-02-21,5,PERSONAL CARE,238.0,7
2017-02-22,5,PERSONAL CARE,207.0,8
2017-02-23,5,PERSONAL CARE,212.0,8
2017-02-24,5,PERSONAL CARE,250.0,9
2017-02-25,5,PERSONAL CARE,323.0,9
2017-02-26,5,PERSONAL CARE,206.0,7
2017-02-27,5,PERSONAL CARE,167.0,8
2017-02-28,5,PERSONAL CARE,254.0,7
2017-03-01,5,PERSONAL CARE,354.0,7
2017-03-02,5,PERSONAL CARE,334.0,6
2017-03-03,5,PERSONAL CARE,308.0,6
2017-03-04,5,PERSONAL CARE,311.0,5
2017-03-05,5,PERSONAL CARE,316.0,6
2017-03-06,5,PERSONAL CARE,258.0,5
2017-03-07,5,PERSONAL CARE,213.0,5
2017-03-08,5,PERSONAL CARE,239.0,5
2017-03-09,5,PERSONAL CARE,190.0,0
2017-03-10,5,PERSONAL CARE,171.0,2
2017-03-11,5,PERSONAL CARE,232.0,2
2017-03-12,5,PERSONAL CARE,268.0,4
2017-03-13,5,PERSONAL CARE,248.0,3
2017-03-14,5,PERSONAL CARE,179.0,3
2017-03-15,5,PERSONAL CARE,212.0,3
2017-03-16,5,PERSONAL CARE,246.0,2
2017-03-17,5,PERSONAL CARE,275.0,4
2017-03-18,5,PERSONAL CARE,304.0,4
2017-03-19,5,PERSONAL CARE,327.0,4
2017-03-20,5,PERSONAL CARE,337.0,4
2017-03-21,5,PERSONAL CARE,255.0,4
2017-03-22,5,PERSONAL CARE,220.0,5
2017-03-23,5,PERSONAL CARE,199.0,4
2017-03-24,5,PERSONAL CARE,206.0,4
2017-03-25,5,PERSONAL CARE,293.0,4
2017-03-26,5,PERSONAL CARE,311.0,4
2017-03-27,5,PERSONAL CARE,243.0,4
2017-03-28,5,PERSONAL CARE,259.0,7
2017-03-29,5,PERSONAL CARE,256.0,7
2017-03-30,5,PERSONAL CARE,212.0,4
2017-03-31,5,PERSONAL CARE,309.0,6
2017-04-01,5,PERSONAL CARE,382.0,8
2017-04-02,5,PERSONAL CARE,363.0,7
2017-04-03,5,PERSONAL CARE,293.0,6
2017-04-04,5,PERSONAL CARE,302.0,7
2017-04-05,5,PERSONAL CARE,260.0,5
2017-04-06,5,PERSONAL CARE,222.0,7
2017-04-07,5,PERSONAL CARE,209.0,6
2017-04-08,5,PERSONAL CARE,308.0,6
2017-04-09,5,PERSONAL CARE,278.0,6
2017-04-10,5,PERSONAL CARE,228.0,5
2017-04-11,5,PERSONAL CARE,194.0,5
2017-04-12,5,PERSONAL CARE,267.0,8
2017-04-13,5,PERSONAL CARE,204.0,9
2017-04-14,5,PERSONAL CARE,218.0,9
2017-04-15,5,PERSONAL CARE,265.0,9
2017-04-16,5,PERSONAL CARE,316.0,10
2017-04-17,5,PERSONAL CARE,242.0,10
2017-04-18,5,PERSONAL CARE,252.0,10
2017-04-19,5,PERSONAL CARE,208.0,9
2017-04-20,5,PERSONAL CARE,190.0,9
2017-04-21,5,PERSONAL CARE,171.0,9
2017-04-22,5,PERSONAL CARE,255.0,8
2017-04-23,5,PERSONAL CARE,353.0,7
2017-04-24,5,PERSONAL CARE,221.0,10
2017-04-25,5,PERSONAL CARE,233.0,8
2017-04-26,5,PERSONAL CARE,240.0,13
2017-04-27,5,PERSONAL CARE,168.0,8
2017-04-28,5,PERSONAL CARE,208.0,12
2017-04-29,5,PERSONAL CARE,286.0,10
2017-04-30,5,PERSONAL CARE,323.0,13
2017-05-01,5,PERSONAL CARE,317.0,14
2017-05-02,5,PERSONAL CARE,209.0,11
2017-05-03,5,PERSONAL CARE,302.0,11
2017-05-04,5,PERSONAL CARE,212.0,9
2017-05-05,5,PERSONAL CARE,201.0,5
2017-05-06,5,PERSONAL CARE,296.0,10
2017-05-07,5,PERSONAL CARE,259.0,4
2017-05-08,5,PERSONAL CARE,191.0,5
2017-05-09,5,PERSONAL CARE,138.0,4
2017-05-10,5,PERSONAL CARE,181.0,7
2017-05-11,5,PERSONAL CARE,161.0,7
2017-05-12,5,PERSONAL CARE,231.0,7
2017-05-13,5,PERSONAL CARE,266.0,10
2017-05-14,5,PERSONAL CARE,253.0,9
2017-05-15,5,PERSONAL CARE,210.0,7
2017-05-16,5,PERSONAL CARE,216.0,9
2017-05-17,5,PERSONAL CARE,264.0,7
2017-05-18,5,PERSONAL CARE,191.0,7
2017-05-19,5,PERSONAL CARE,253.0,6
2017-05-20,5,PERSONAL CARE,239.0,7
2017-05-21,5,PERSONAL CARE,313.0,8
2017-05-22,5,PERSONAL CARE,218.0,8
2017-05-23,5,PERSONAL CARE,236.0,9
2017-05-24,5,PERSONAL CARE,188.0,8
2017-05-25,5,PERSONAL CARE,165.0,7
2017-05-26,5,PERSONAL CARE,214.0,6
2017-05-27,5,PERSONAL CARE,237.0,9
2017-05-28,5,PERSONAL CARE,311.0,10
2017-05-29,5,PERSONAL CARE,251.0,8
2017-05-30,5,PERSONAL CARE,187.0,8
2017-05-31,5,PERSONAL CARE,220.0,7
2017-06-01,5,PERSONAL CARE,215.0,2
2017-06-02,5,PERSONAL CARE,256.0,8
2017-06-03,5,PERSONAL CARE,353.0,9
2017-06-04,5,PERSONAL CARE,399.0,7
2017-06-05,5,PERSONAL CARE,346.0,9
2017-06-06,5,PERSONAL CARE,269.0,11
2017-06-07,5,PERSONAL CARE,310.0,11
2017-06-08,5,PERSONAL CARE,247.0,10
2017-06-09,5,PERSONAL CARE,195.0,11
2017-06-10,5,PERSONAL CARE,290.0,12
2017-06-11,5,PERSONAL CARE,384.0,14
2017-06-12,5,PERSONAL CARE,277.0,13
2017-06-13,5,PERSONAL CARE,244.0,10
2017-06-14,5,PERSONAL CARE,232.0,13
2017-06-15,5,PERSONAL CARE,253.0,11
2017-06-16,5,PERSONAL CARE,235.0,12
2017-06-17,5,PERSONAL CARE,273.0,10
2017-06-18,5,PERSONAL CARE,225.0,9
2017-06-19,5,PERSONAL CARE,226.0,10
2017-06-20,5,PERSONAL CARE,208.0,9
2017-06-21,5,PERSONAL CARE,161.0,8
2017-06-22,5,PERSONAL CARE,153.0,5
2017-06-23,5,PERSONAL CARE,180.0,4
2017-06-24,5,PERSONAL CARE,230.0,6
2017-06-25,5,PERSONAL CARE,246.0,5
2017-06-26,5,PERSONAL CARE,253.0,7
2017-06-27,5,PERSONAL CARE,194.0,4
2017-06-28,5,PERSONAL CARE,168.0,6
2017-06-29,5,PERSONAL CARE,170.0,5
2017-06-30,5,PERSONAL CARE,214.0,6
2017-07-01,5,PERSONAL CARE,251.0,5
2017-07-02,5,PERSONAL CARE,298.0,6
2017-07-03,5,PERSONAL CARE,296.0,6
2017-07-04,5,PERSONAL CARE,277.0,6
2017-07-05,5,PERSONAL CARE,240.0,6
2017-07-06,5,PERSONAL CARE,209.0,2
2017-07-07,5,PERSONAL CARE,174.0,4
2017-07-08,5,PERSONAL CARE,266.0,3
2017-07-09,5,PERSONAL CARE,329.0,3
2017-07-10,5,PERSONAL CARE,249.0,4
2017-07-11,5,PERSONAL CARE,160.0,3
2017-07-12,5,PERSONAL CARE,197.0,3
2017-07-13,5,PERSONAL CARE,174.0,5
2017-07-14,5,PERSONAL CARE,189.0,5
2017-07-15,5,PERSONAL CARE,319.0,6
2017-07-16,5,PERSONAL CARE,313.0,5
2017-07-17,5,PERSONAL CARE,282.0,5
2017-07-18,5,PERSONAL CARE,179.0,4
2017-07-19,5,PERSONAL CARE,328.0,5
2017-07-20,5,PERSONAL CARE,229.0,5
2017-07-21,5,PERSONAL CARE,206.0,5
2017-07-22,5,PERSONAL CARE,228.0,5
2017-07-23,5,PERSONAL CARE,343.0,5
2017-07-24,5,PERSONAL CARE,288.0,5
2017-07-25,5,PERSONAL CARE,295.0,7
2017-07-26,5,PERSONAL CARE,226.0,6
2017-07-27,5,PERSONAL CARE,189.0,7
2017-07-28,5,PERSONAL CARE,182.0,5
2017-07-29,5,PERSONAL CARE,335.0,7
2017-07-30,5,PERSONAL CARE,391.0,6
2017-07-31,5,PERSONAL CARE,236.0,7
2017-01-01,5,PET SUPPLIES,0.0,0
2017-01-02,5,PET SUPPLIES,6.0,1
2017-01-03,5,PET SUPPLIES,6.0,0
2017-01-04,5,PET SUPPLIES,9.0,0
2017-01-05,5,PET SUPPLIES,9.0,0
2017-01-06,5,PET SUPPLIES,5.0,0
2017-01-07,5,PET SUPPLIES,2.0,0
2017-01-08,5,PET SUPPLIES,5.0,0
2017-01-09,5,PET SUPPLIES,5.0,0
2017-01-10,5,PET SUPPLIES,9.0,0
2017-01-11,5,PET SUPPLIES,6.0,0
2017-01-12,5,PET SUPPLIES,2.0,0
2017-01-13,5,PET SUPPLIES,11.0,0
2017-01-14,5,PET SUPPLIES,1.0,0
2017-01-15,5,PET SUPPLIES,9.0,0
2017-01-16,5,PET SUPPLIES,4.0,0
2017-01-17,5,PET SUPPLIES,4.0,0
2017-01-18,5,PET SUPPLIES,4.0,0
2017-01-19,5,PET SUPPLIES,4.0,0
2017-01-20,5,PET SUPPLIES,1.0,0
2017-01-21,5,PET SUPPLIES,3.0,0
2017-01-22,5,PET SUPPLIES,4.0,0
2017-01-23,5,PET SUPPLIES,5.0,0
2017-01-24,5,PET SUPPLIES,4.0,0
2017-01-25,5,PET SUPPLIES,3.0,0
2017-01-26,5,PET SUPPLIES,5.0,0
2017-01-27,5,PET SUPPLIES,6.0,0
2017-01-28,5,PET SUPPLIES,8.0,0
2017-01-29,5,PET SUPPLIES,6.0,0
2017-01-30,5,PET SUPPLIES,2.0,0
2017-01-31,5,PET SUPPLIES,9.0,0
2017-02-01,5,PET SUPPLIES,1.0,0
2017-02-02,5,PET SUPPLIES,3.0,0
2017-02-03,5,PET SUPPLIES,6.0,0
2017-02-04,5,PET SUPPLIES,5.0,0
2017-02-05,5,PET SUPPLIES,5.0,0
2017-02-06,5,PET SUPPLIES,6.0,0
2017-02-07,5,PET SUPPLIES,5.0,0
2017-02-08,5,PET SUPPLIES,4.0,0
2017-02-09,5,PET SUPPLIES,5.0,0
2017-02-10,5,PET SUPPLIES,3.0,0
2017-02-11,5,PET SUPPLIES,4.0,0
2017-02-12,5,PET SUPPLIES,6.0,0
2017-02-13,5,PET SUPPLIES,1.0,0
2017-02-14,5,PET SUPPLIES,4.0,0
2017-02-15,5,PET SUPPLIES,4.0,0
2017-02-16,5,PET SUPPLIES,3.0,0
2017-02-17,5,PET SUPPLIES,2.0,0
2017-02-18,5,PET SUPPLIES,4.0,0
2017-02-19,5,PET SUPPLIES,5.0,0
2017-02-20,5,PET SUPPLIES,0.0,0
2017-02-21,5,PET SUPPLIES,3.0,0
2017-02-22,5,PET SUPPLIES,3.0,0
2017-02-23,5,PET SUPPLIES,4.0,0
2017-02-24,5,PET SUPPLIES,3.0,0
2017-02-25,5,PET SUPPLIES,7.0,0
2017-02-26,5,PET SUPPLIES,3.0,0
2017-02-27,5,PET SUPPLIES,3.0,0
2017-02-28,5,PET SUPPLIES,2.0,0
2017-03-01,5,PET SUPPLIES,1.0,0
2017-03-02,5,PET SUPPLIES,4.0,0
2017-03-03,5,PET SUPPLIES,1.0,0
2017-03-04,5,PET SUPPLIES,5.0,0
2017-03-05,5,PET SUPPLIES,6.0,0
2017-03-06,5,PET SUPPLIES,5.0,0
2017-03-07,5,PET SUPPLIES,4.0,0
2017-03-08,5,PET SUPPLIES,2.0,0
2017-03-09,5,PET SUPPLIES,3.0,0
2017-03-10,5,PET SUPPLIES,1.0,0
2017-03-11,5,PET SUPPLIES,3.0,1
2017-03-12,5,PET SUPPLIES,11.0,1
2017-03-13,5,PET SUPPLIES,6.0,0
2017-03-14,5,PET SUPPLIES,2.0,0
2017-03-15,5,PET SUPPLIES,5.0,0
2017-03-16,5,PET SUPPLIES,4.0,1
2017-03-17,5,PET SUPPLIES,2.0,0
2017-03-18,5,PET SUPPLIES,3.0,0
2017-03-19,5,PET SUPPLIES,8.0,1
2017-03-20,5,PET SUPPLIES,1.0,0
2017-03-21,5,PET SUPPLIES,7.0,1
2017-03-22,5,PET SUPPLIES,4.0,1
2017-03-23,5,PET SUPPLIES,5.0,0
2017-03-24,5,PET SUPPLIES,2.0,0
2017-03-25,5,PET SUPPLIES,6.0,0
2017-03-26,5,PET SUPPLIES,2.0,0
2017-03-27,5,PET SUPPLIES,1.0,0
2017-03-28,5,PET SUPPLIES,7.0,0
2017-03-29,5,PET SUPPLIES,4.0,0
2017-03-30,5,PET SUPPLIES,3.0,0
2017-03-31,5,PET SUPPLIES,6.0,0
2017-04-01,5,PET SUPPLIES,10.0,0
2017-04-02,5,PET SUPPLIES,4.0,0
2017-04-03,5,PET SUPPLIES,4.0,0
2017-04-04,5,PET SUPPLIES,5.0,0
2017-04-05,5,PET SUPPLIES,9.0,0
2017-04-06,5,PET SUPPLIES,5.0,0
2017-04-07,5,PET SUPPLIES,4.0,0
2017-04-08,5,PET SUPPLIES,3.0,0
2017-04-09,5,PET SUPPLIES,4.0,0
2017-04-10,5,PET SUPPLIES,4.0,0
2017-04-11,5,PET SUPPLIES,7.0,0
2017-04-12,5,PET SUPPLIES,2.0,0
2017-04-13,5,PET SUPPLIES,5.0,0
2017-04-14,5,PET SUPPLIES,7.0,0
2017-04-15,5,PET SUPPLIES,2.0,0
2017-04-16,5,PET SUPPLIES,7.0,0
2017-04-17,5,PET SUPPLIES,2.0,0
2017-04-18,5,PET SUPPLIES,6.0,0
2017-04-19,5,PET SUPPLIES,4.0,0
2017-04-20,5,PET SUPPLIES,7.0,0
2017-04-21,5,PET SUPPLIES,4.0,0
2017-04-22,5,PET SUPPLIES,4.0,0
2017-04-23,5,PET SUPPLIES,5.0,0
2017-04-24,5,PET SUPPLIES,3.0,1
2017-04-25,5,PET SUPPLIES,1.0,1
2017-04-26,5,PET SUPPLIES,2.0,1
2017-04-27,5,PET SUPPLIES,1.0,0
2017-04-28,5,PET SUPPLIES,5.0,1
2017-04-29,5,PET SUPPLIES,9.0,1
2017-04-30,5,PET SUPPLIES,5.0,0
2017-05-01,5,PET SUPPLIES,4.0,0
2017-05-02,5,PET SUPPLIES,6.0,0
2017-05-03,5,PET SUPPLIES,4.0,0
2017-05-04,5,PET SUPPLIES,3.0,0
2017-05-05,5,PET SUPPLIES,4.0,1
2017-05-06,5,PET SUPPLIES,2.0,0
2017-05-07,5,PET SUPPLIES,15.0,0
2017-05-08,5,PET SUPPLIES,4.0,0
2017-05-09,5,PET SUPPLIES,0.0,0
2017-05-10,5,PET SUPPLIES,0.0,0
2017-05-11,5,PET SUPPLIES,4.0,0
2017-05-12,5,PET SUPPLIES,5.0,0
2017-05-13,5,PET SUPPLIES,4.0,0
2017-05-14,5,PET SUPPLIES,5.0,0
2017-05-15,5,PET SUPPLIES,2.0,0
2017-05-16,5,PET SUPPLIES,3.0,0
2017-05-17,5,PET SUPPLIES,7.0,0
2017-05-18,5,PET SUPPLIES,2.0,0
2017-05-19,5,PET SUPPLIES,6.0,0
2017-05-20,5,PET SUPPLIES,6.0,0
2017-05-21,5,PET SUPPLIES,7.0,0
2017-05-22,5,PET SUPPLIES,1.0,0
2017-05-23,5,PET SUPPLIES,3.0,0
2017-05-24,5,PET SUPPLIES,3.0,0
2017-05-25,5,PET SUPPLIES,1.0,0
2017-05-26,5,PET SUPPLIES,6.0,0
2017-05-27,5,PET SUPPLIES,13.0,0
2017-05-28,5,PET SUPPLIES,6.0,0
2017-05-29,5,PET SUPPLIES,5.0,0
2017-05-30,5,PET SUPPLIES,3.0,0
2017-05-31,5,PET SUPPLIES,3.0,0
2017-06-01,5,PET SUPPLIES,2.0,0
2017-06-02,5,PET SUPPLIES,4.0,0
2017-06-03,5,PET SUPPLIES,7.0,1
2017-06-04,5,PET SUPPLIES,4.0,0
2017-06-05,5,PET SUPPLIES,7.0,0
2017-06-06,5,PET SUPPLIES,5.0,0
2017-06-07,5,PET SUPPLIES,2.0,0
2017-06-08,5,PET SUPPLIES,0.0,0
2017-06-09,5,PET SUPPLIES,2.0,0
2017-06-10,5,PET SUPPLIES,5.0,0
2017-06-11,5,PET SUPPLIES,6.0,0
2017-06-12,5,PET SUPPLIES,2.0,0
2017-06-13,5,PET SUPPLIES,4.0,0
2017-06-14,5,PET SUPPLIES,1.0,0
2017-06-15,5,PET SUPPLIES,3.0,0
2017-06-16,5,PET SUPPLIES,6.0,0
2017-06-17,5,PET SUPPLIES,5.0,0
2017-06-18,5,PET SUPPLIES,4.0,0
2017-06-19,5,PET SUPPLIES,5.0,0
2017-06-20,5,PET SUPPLIES,10.0,0
2017-06-21,5,PET SUPPLIES,1.0,0
2017-06-22,5,PET SUPPLIES,3.0,0
2017-06-23,5,PET SUPPLIES,3.0,0
2017-06-24,5,PET SUPPLIES,8.0,0
2017-06-25,5,PET SUPPLIES,3.0,0
2017-06-26,5,PET SUPPLIES,4.0,0
2017-06-27,5,PET SUPPLIES,2.0,0
2017-06-28,5,PET SUPPLIES,6.0,0
2017-06-29,5,PET SUPPLIES,0.0,0
2017-06-30,5,PET SUPPLIES,7.0,1
2017-07-01,5,PET SUPPLIES,6.0,0
2017-07-02,5,PET SUPPLIES,1.0,0
2017-07-03,5,PET SUPPLIES,0.0,0
2017-07-04,5,PET SUPPLIES,4.0,0
2017-07-05,5,PET SUPPLIES,3.0,0
2017-07-06,5,PET SUPPLIES,4.0,0
2017-07-07,5,PET SUPPLIES,6.0,0
2017-07-08,5,PET SUPPLIES,3.0,0
2017-07-09,5,PET SUPPLIES,9.0,0
2017-07-10,5,PET SUPPLIES,2.0,0
2017-07-11,5,PET SUPPLIES,1.0,0
2017-07-12,5,PET SUPPLIES,6.0,0
2017-07-13,5,PET SUPPLIES,0.0,0
2017-07-14,5,PET SUPPLIES,1.0,0
2017-07-15,5,PET SUPPLIES,8.0,0
2017-07-16,5,PET SUPPLIES,3.0,0
2017-07-17,5,PET SUPPLIES,3.0,0
2017-07-18,5,PET SUPPLIES,0.0,0
2017-07-19,5,PET SUPPLIES,4.0,0
2017-07-20,5,PET SUPPLIES,5.0,0
2017-07-21,5,PET SUPPLIES,3.0,0
2017-07-22,5,PET SUPPLIES,2.0,0
2017-07-23,5,PET SUPPLIES,6.0,0
2017-07-24,5,PET SUPPLIES,5.0,0
2017-07-25,5,PET SUPPLIES,6.0,0
2017-07-26,5,PET SUPPLIES,2.0,0
2017-07-27,5,PET SUPPLIES,3.0,0
2017-07-28,5,PET SUPPLIES,4.0,0
2017-07-29,5,PET SUPPLIES,5.0,0
2017-07-30,5,PET SUPPLIES,5.0,0
2017-07-31,5,PET SUPPLIES,5.0,0
2017-01-01,5,PLAYERS AND ELECTRONICS,0.0,0
2017-01-02,5,PLAYERS AND ELECTRONICS,10.0,0
2017-01-03,5,PLAYERS AND ELECTRONICS,15.0,0
2017-01-04,5,PLAYERS AND ELECTRONICS,11.0,0
2017-01-05,5,PLAYERS AND ELECTRONICS,5.0,0
2017-01-06,5,PLAYERS AND ELECTRONICS,12.0,0
2017-01-07,5,PLAYERS AND ELECTRONICS,8.0,0
2017-01-08,5,PLAYERS AND ELECTRONICS,14.0,0
2017-01-09,5,PLAYERS AND ELECTRONICS,5.0,0
2017-01-10,5,PLAYERS AND ELECTRONICS,4.0,0
2017-01-11,5,PLAYERS AND ELECTRONICS,7.0,0
2017-01-12,5,PLAYERS AND ELECTRONICS,6.0,0
2017-01-13,5,PLAYERS AND ELECTRONICS,6.0,0
2017-01-14,5,PLAYERS AND ELECTRONICS,6.0,0
2017-01-15,5,PLAYERS AND ELECTRONICS,12.0,0
2017-01-16,5,PLAYERS AND ELECTRONICS,8.0,0
2017-01-17,5,PLAYERS AND ELECTRONICS,8.0,0
2017-01-18,5,PLAYERS AND ELECTRONICS,7.0,0
2017-01-19,5,PLAYERS AND ELECTRONICS,9.0,0
2017-01-20,5,PLAYERS AND ELECTRONICS,19.0,0
2017-01-21,5,PLAYERS AND ELECTRONICS,13.0,0
2017-01-22,5,PLAYERS AND ELECTRONICS,16.0,0
2017-01-23,5,PLAYERS AND ELECTRONICS,9.0,0
2017-01-24,5,PLAYERS AND ELECTRONICS,5.0,0
2017-01-25,5,PLAYERS AND ELECTRONICS,3.0,0
2017-01-26,5,PLAYERS AND ELECTRONICS,6.0,0
2017-01-27,5,PLAYERS AND ELECTRONICS,4.0,0
2017-01-28,5,PLAYERS AND ELECTRONICS,5.0,0
2017-01-29,5,PLAYERS AND ELECTRONICS,9.0,0
2017-01-30,5,PLAYERS AND ELECTRONICS,12.0,0
2017-01-31,5,PLAYERS AND ELECTRONICS,10.0,0
2017-02-01,5,PLAYERS AND ELECTRONICS,8.0,0
2017-02-02,5,PLAYERS AND ELECTRONICS,7.0,0
2017-02-03,5,PLAYERS AND ELECTRONICS,11.0,0
2017-02-04,5,PLAYERS AND ELECTRONICS,13.0,0
2017-02-05,5,PLAYERS AND ELECTRONICS,6.0,0
2017-02-06,5,PLAYERS AND ELECTRONICS,7.0,0
2017-02-07,5,PLAYERS AND ELECTRONICS,10.0,0
2017-02-08,5,PLAYERS AND ELECTRONICS,5.0,0
2017-02-09,5,PLAYERS AND ELECTRONICS,4.0,0
2017-02-10,5,PLAYERS AND ELECTRONICS,11.0,0
2017-02-11,5,PLAYERS AND ELECTRONICS,5.0,0
2017-02-12,5,PLAYERS AND ELECTRONICS,5.0,0
2017-02-13,5,PLAYERS AND ELECTRONICS,5.0,0
2017-02-14,5,PLAYERS AND ELECTRONICS,3.0,0
2017-02-15,5,PLAYERS AND ELECTRONICS,3.0,0
2017-02-16,5,PLAYERS AND ELECTRONICS,2.0,0
2017-02-17,5,PLAYERS AND ELECTRONICS,7.0,0
2017-02-18,5,PLAYERS AND ELECTRONICS,9.0,0
2017-02-19,5,PLAYERS AND ELECTRONICS,8.0,0
2017-02-20,5,PLAYERS AND ELECTRONICS,8.0,0
2017-02-21,5,PLAYERS AND ELECTRONICS,3.0,0
2017-02-22,5,PLAYERS AND ELECTRONICS,12.0,0
2017-02-23,5,PLAYERS AND ELECTRONICS,3.0,0
2017-02-24,5,PLAYERS AND ELECTRONICS,5.0,0
2017-02-25,5,PLAYERS AND ELECTRONICS,8.0,0
2017-02-26,5,PLAYERS AND ELECTRONICS,7.0,0
2017-02-27,5,PLAYERS AND ELECTRONICS,8.0,0
2017-02-28,5,PLAYERS AND ELECTRONICS,4.0,0
2017-03-01,5,PLAYERS AND ELECTRONICS,9.0,0
2017-03-02,5,PLAYERS AND ELECTRONICS,5.0,0
2017-03-03,5,PLAYERS AND ELECTRONICS,15.0,0
2017-03-04,5,PLAYERS AND ELECTRONICS,12.0,0
2017-03-05,5,PLAYERS AND ELECTRONICS,6.0,0
2017-03-06,5,PLAYERS AND ELECTRONICS,5.0,0
2017-03-07,5,PLAYERS AND ELECTRONICS,4.0,0
2017-03-08,5,PLAYERS AND ELECTRONICS,4.0,0
2017-03-09,5,PLAYERS AND ELECTRONICS,2.0,0
2017-03-10,5,PLAYERS AND ELECTRONICS,3.0,0
2017-03-11,5,PLAYERS AND ELECTRONICS,3.0,0
2017-03-12,5,PLAYERS AND ELECTRONICS,7.0,0
2017-03-13,5,PLAYERS AND ELECTRONICS,6.0,0
2017-03-14,5,PLAYERS AND ELECTRONICS,5.0,0
2017-03-15,5,PLAYERS AND ELECTRONICS,19.0,0
2017-03-16,5,PLAYERS AND ELECTRONICS,5.0,0
2017-03-17,5,PLAYERS AND ELECTRONICS,10.0,0
2017-03-18,5,PLAYERS AND ELECTRONICS,4.0,0
2017-03-19,5,PLAYERS AND ELECTRONICS,3.0,0
2017-03-20,5,PLAYERS AND ELECTRONICS,9.0,0
2017-03-21,5,PLAYERS AND ELECTRONICS,4.0,0
2017-03-22,5,PLAYERS AND ELECTRONICS,2.0,0
2017-03-23,5,PLAYERS AND ELECTRONICS,4.0,0
2017-03-24,5,PLAYERS AND ELECTRONICS,7.0,0
2017-03-25,5,PLAYERS AND ELECTRONICS,4.0,0
2017-03-26,5,PLAYERS AND ELECTRONICS,14.0,0
2017-03-27,5,PLAYERS AND ELECTRONICS,4.0,0
2017-03-28,5,PLAYERS AND ELECTRONICS,5.0,0
2017-03-29,5,PLAYERS AND ELECTRONICS,6.0,0
2017-03-30,5,PLAYERS AND ELECTRONICS,7.0,0
2017-03-31,5,PLAYERS AND ELECTRONICS,9.0,0
2017-04-01,5,PLAYERS AND ELECTRONICS,14.0,0
2017-04-02,5,PLAYERS AND ELECTRONICS,16.0,0
2017-04-03,5,PLAYERS AND ELECTRONICS,5.0,0
2017-04-04,5,PLAYERS AND ELECTRONICS,13.0,0
2017-04-05,5,PLAYERS AND ELECTRONICS,6.0,0
2017-04-06,5,PLAYERS AND ELECTRONICS,5.0,0
2017-04-07,5,PLAYERS AND ELECTRONICS,5.0,0
2017-04-08,5,PLAYERS AND ELECTRONICS,8.0,0
2017-04-09,5,PLAYERS AND ELECTRONICS,18.0,2
2017-04-10,5,PLAYERS AND ELECTRONICS,6.0,0
2017-04-11,5,PLAYERS AND ELECTRONICS,6.0,0
2017-04-12,5,PLAYERS AND ELECTRONICS,6.0,0
2017-04-13,5,PLAYERS AND ELECTRONICS,6.0,0
2017-04-14,5,PLAYERS AND ELECTRONICS,3.0,1
2017-04-15,5,PLAYERS AND ELECTRONICS,6.0,0
2017-04-16,5,PLAYERS AND ELECTRONICS,7.0,0
2017-04-17,5,PLAYERS AND ELECTRONICS,4.0,0
2017-04-18,5,PLAYERS AND ELECTRONICS,5.0,0
2017-04-19,5,PLAYERS AND ELECTRONICS,8.0,0
2017-04-20,5,PLAYERS AND ELECTRONICS,7.0,0
2017-04-21,5,PLAYERS AND ELECTRONICS,4.0,0
2017-04-22,5,PLAYERS AND ELECTRONICS,8.0,0
2017-04-23,5,PLAYERS AND ELECTRONICS,11.0,0
2017-04-24,5,PLAYERS AND ELECTRONICS,6.0,0
2017-04-25,5,PLAYERS AND ELECTRONICS,4.0,0
2017-04-26,5,PLAYERS AND ELECTRONICS,4.0,0
2017-04-27,5,PLAYERS AND ELECTRONICS,5.0,0
2017-04-28,5,PLAYERS AND ELECTRONICS,7.0,0
2017-04-29,5,PLAYERS AND ELECTRONICS,5.0,0
2017-04-30,5,PLAYERS AND ELECTRONICS,14.0,0
2017-05-01,5,PLAYERS AND ELECTRONICS,4.0,0
2017-05-02,5,PLAYERS AND ELECTRONICS,12.0,0
2017-05-03,5,PLAYERS AND ELECTRONICS,5.0,0
2017-05-04,5,PLAYERS AND ELECTRONICS,5.0,0
2017-05-05,5,PLAYERS AND ELECTRONICS,6.0,0
2017-05-06,5,PLAYERS AND ELECTRONICS,10.0,0
2017-05-07,5,PLAYERS AND ELECTRONICS,7.0,0
2017-05-08,5,PLAYERS AND ELECTRONICS,10.0,0
2017-05-09,5,PLAYERS AND ELECTRONICS,7.0,0
2017-05-10,5,PLAYERS AND ELECTRONICS,7.0,0
2017-05-11,5,PLAYERS AND ELECTRONICS,4.0,0
2017-05-12,5,PLAYERS AND ELECTRONICS,9.0,0
2017-05-13,5,PLAYERS AND ELECTRONICS,8.0,0
2017-05-14,5,PLAYERS AND ELECTRONICS,11.0,0
2017-05-15,5,PLAYERS AND ELECTRONICS,9.0,0
2017-05-16,5,PLAYERS AND ELECTRONICS,4.0,0
2017-05-17,5,PLAYERS AND ELECTRONICS,13.0,0
2017-05-18,5,PLAYERS AND ELECTRONICS,7.0,0
2017-05-19,5,PLAYERS AND ELECTRONICS,6.0,0
2017-05-20,5,PLAYERS AND ELECTRONICS,12.0,0
2017-05-21,5,PLAYERS AND ELECTRONICS,14.0,0
2017-05-22,5,PLAYERS AND ELECTRONICS,3.0,0
2017-05-23,5,PLAYERS AND ELECTRONICS,7.0,0
2017-05-24,5,PLAYERS AND ELECTRONICS,7.0,0
2017-05-25,5,PLAYERS AND ELECTRONICS,3.0,0
2017-05-26,5,PLAYERS AND ELECTRONICS,4.0,0
2017-05-27,5,PLAYERS AND ELECTRONICS,5.0,0
2017-05-28,5,PLAYERS AND ELECTRONICS,14.0,0
2017-05-29,5,PLAYERS AND ELECTRONICS,2.0,0
2017-05-30,5,PLAYERS AND ELECTRONICS,6.0,0
2017-05-31,5,PLAYERS AND ELECTRONICS,6.0,0
2017-06-01,5,PLAYERS AND ELECTRONICS,9.0,0
2017-06-02,5,PLAYERS AND ELECTRONICS,4.0,0
2017-06-03,5,PLAYERS AND ELECTRONICS,12.0,0
2017-06-04,5,PLAYERS AND ELECTRONICS,21.0,0
2017-06-05,5,PLAYERS AND ELECTRONICS,5.0,0
2017-06-06,5,PLAYERS AND ELECTRONICS,6.0,0
2017-06-07,5,PLAYERS AND ELECTRONICS,5.0,0
2017-06-08,5,PLAYERS AND ELECTRONICS,9.0,2
2017-06-09,5,PLAYERS AND ELECTRONICS,5.0,0
2017-06-10,5,PLAYERS AND ELECTRONICS,17.0,0
2017-06-11,5,PLAYERS AND ELECTRONICS,8.0,0
2017-06-12,5,PLAYERS AND ELECTRONICS,10.0,0
2017-06-13,5,PLAYERS AND ELECTRONICS,5.0,2
2017-06-14,5,PLAYERS AND ELECTRONICS,4.0,0
2017-06-15,5,PLAYERS AND ELECTRONICS,10.0,0
2017-06-16,5,PLAYERS AND ELECTRONICS,12.0,0
2017-06-17,5,PLAYERS AND ELECTRONICS,4.0,0
2017-06-18,5,PLAYERS AND ELECTRONICS,5.0,0
2017-06-19,5,PLAYERS AND ELECTRONICS,8.0,0
2017-06-20,5,PLAYERS AND ELECTRONICS,10.0,0
2017-06-21,5,PLAYERS AND ELECTRONICS,7.0,0
2017-06-22,5,PLAYERS AND ELECTRONICS,9.0,0
2017-06-23,5,PLAYERS AND ELECTRONICS,5.0,0
2017-06-24,5,PLAYERS AND ELECTRONICS,5.0,0
2017-06-25,5,PLAYERS AND ELECTRONICS,5.0,0
2017-06-26,5,PLAYERS AND ELECTRONICS,8.0,0
2017-06-27,5,PLAYERS AND ELECTRONICS,4.0,0
2017-06-28,5,PLAYERS AND ELECTRONICS,9.0,0
2017-06-29,5,PLAYERS AND ELECTRONICS,6.0,0
2017-06-30,5,PLAYERS AND ELECTRONICS,9.0,0
2017-07-01,5,PLAYERS AND ELECTRONICS,9.0,0
2017-07-02,5,PLAYERS AND ELECTRONICS,6.0,0
2017-07-03,5,PLAYERS AND ELECTRONICS,5.0,0
2017-07-04,5,PLAYERS AND ELECTRONICS,9.0,0
2017-07-05,5,PLAYERS AND ELECTRONICS,11.0,0
2017-07-06,5,PLAYERS AND ELECTRONICS,6.0,0
2017-07-07,5,PLAYERS AND ELECTRONICS,9.0,0
2017-07-08,5,PLAYERS AND ELECTRONICS,7.0,0
2017-07-09,5,PLAYERS AND ELECTRONICS,8.0,0
2017-07-10,5,PLAYERS AND ELECTRONICS,7.0,0
2017-07-11,5,PLAYERS AND ELECTRONICS,3.0,0
2017-07-12,5,PLAYERS AND ELECTRONICS,8.0,0
2017-07-13,5,PLAYERS AND ELECTRONICS,3.0,0
2017-07-14,5,PLAYERS AND ELECTRONICS,6.0,0
2017-07-15,5,PLAYERS AND ELECTRONICS,9.0,0
2017-07-16,5,PLAYERS AND ELECTRONICS,14.0,0
2017-07-17,5,PLAYERS AND ELECTRONICS,7.0,0
2017-07-18,5,PLAYERS AND ELECTRONICS,5.0,0
2017-07-19,5,PLAYERS AND ELECTRONICS,9.0,0
2017-07-20,5,PLAYERS AND ELECTRONICS,12.0,0
2017-07-21,5,PLAYERS AND ELECTRONICS,9.0,0
2017-07-22,5,PLAYERS AND ELECTRONICS,7.0,0
2017-07-23,5,PLAYERS AND ELECTRONICS,5.0,0
2017-07-24,5,PLAYERS AND ELECTRONICS,6.0,0
2017-07-25,5,PLAYERS AND ELECTRONICS,5.0,0
2017-07-26,5,PLAYERS AND ELECTRONICS,5.0,0
2017-07-27,5,PLAYERS AND ELECTRONICS,15.0,0
2017-07-28,5,PLAYERS AND ELECTRONICS,5.0,0
2017-07-29,5,PLAYERS AND ELECTRONICS,6.0,0
2017-07-30,5,PLAYERS AND ELECTRONICS,12.0,0
2017-07-31,5,PLAYERS AND ELECTRONICS,10.0,0
2017-01-01,5,POULTRY,0.0,0
2017-01-02,5,POULTRY,231.274,1
2017-01-03,5,POULTRY,241.029,1
2017-01-04,5,POULTRY,237.342,0
2017-01-05,5,POULTRY,161.385,0
2017-01-06,5,POULTRY,397.354,24
2017-01-07,5,POULTRY,284.678,0
2017-01-08,5,POULTRY,310.732,1
2017-01-09,5,POULTRY,261.396,0
2017-01-10,5,POULTRY,248.44101,0
2017-01-11,5,POULTRY,268.614,1
2017-01-12,5,POULTRY,187.079,0
2017-01-13,5,POULTRY,300.768,22
2017-01-14,5,POULTRY,284.637,0
2017-01-15,5,POULTRY,293.186,0
2017-01-16,5,POULTRY,256.371,1
2017-01-17,5,POULTRY,248.088,0
2017-01-18,5,POULTRY,206.764,0
2017-01-19,5,POULTRY,163.702,1
2017-01-20,5,POULTRY,289.307,23
2017-01-21,5,POULTRY,253.763,1
2017-01-22,5,POULTRY,290.393,0
2017-01-23,5,POULTRY,258.058,0
2017-01-24,5,POULTRY,250.599,0
2017-01-25,5,POULTRY,204.27,0
2017-01-26,5,POULTRY,196.797,0
2017-01-27,5,POULTRY,250.058,27
2017-01-28,5,POULTRY,269.949,0
2017-01-29,5,POULTRY,246.944,0
2017-01-30,5,POULTRY,213.369,0
2017-01-31,5,POULTRY,211.745,0
2017-02-01,5,POULTRY,319.673,2
2017-02-02,5,POULTRY,207.121,2
2017-02-03,5,POULTRY,304.738,23
2017-02-04,5,POULTRY,331.525,2
2017-02-05,5,POULTRY,262.979,1
2017-02-06,5,POULTRY,211.728,0
2017-02-07,5,POULTRY,199.372,0
2017-02-08,5,POULTRY,206.14,1
2017-02-09,5,POULTRY,141.047,0
2017-02-10,5,POULTRY,306.866,26
2017-02-11,5,POULTRY,270.316,0
2017-02-12,5,POULTRY,257.379,0
2017-02-13,5,POULTRY,167.73,0
2017-02-14,5,POULTRY,229.728,0
2017-02-15,5,POULTRY,194.264,0
2017-02-16,5,POULTRY,153.534,0
2017-02-17,5,POULTRY,319.01,27
2017-02-18,5,POULTRY,282.987,0
2017-02-19,5,POULTRY,232.269,0
2017-02-20,5,POULTRY,227.173,0
2017-02-21,5,POULTRY,183.567,0
2017-02-22,5,POULTRY,207.344,0
2017-02-23,5,POULTRY,213.98,0
2017-02-24,5,POULTRY,271.943,22
2017-02-25,5,POULTRY,275.363,0
2017-02-26,5,POULTRY,211.132,0
2017-02-27,5,POULTRY,190.689,0
2017-02-28,5,POULTRY,223.901,0
2017-03-01,5,POULTRY,312.127,0
2017-03-02,5,POULTRY,299.885,0
2017-03-03,5,POULTRY,328.44,23
2017-03-04,5,POULTRY,294.36398,0
2017-03-05,5,POULTRY,276.085,0
2017-03-06,5,POULTRY,192.116,0
2017-03-07,5,POULTRY,192.148,0
2017-03-08,5,POULTRY,237.725,0
2017-03-09,5,POULTRY,166.53,0
2017-03-10,5,POULTRY,238.284,21
2017-03-11,5,POULTRY,226.993,1
2017-03-12,5,POULTRY,202.358,0
2017-03-13,5,POULTRY,210.269,1
2017-03-14,5,POULTRY,162.761,0
2017-03-15,5,POULTRY,249.108,0
2017-03-16,5,POULTRY,173.787,0
2017-03-17,5,POULTRY,294.536,24
2017-03-18,5,POULTRY,230.266,0
2017-03-19,5,POULTRY,281.564,0
2017-03-20,5,POULTRY,172.201,0
2017-03-21,5,POULTRY,193.119,0
2017-03-22,5,POULTRY,155.44,0
2017-03-23,5,POULTRY,164.131,0
2017-03-24,5,POULTRY,209.771,20
2017-03-25,5,POULTRY,208.613,0
2017-03-26,5,POULTRY,261.809,0
2017-03-27,5,POULTRY,146.072,0
2017-03-28,5,POULTRY,226.874,0
2017-03-29,5,POULTRY,193.675,0
2017-03-30,5,POULTRY,148.198,0
2017-03-31,5,POULTRY,236.06,24
2017-04-01,5,POULTRY,264.449,0
2017-04-02,5,POULTRY,253.964,0
2017-04-03,5,POULTRY,195.62599,0
2017-04-04,5,POULTRY,197.367,0
2017-04-05,5,POULTRY,220.535,0
2017-04-06,5,POULTRY,151.31999,0
2017-04-07,5,POULTRY,254.998,23
2017-04-08,5,POULTRY,217.872,0
2017-04-09,5,POULTRY,226.828,0
2017-04-10,5,POULTRY,204.194,0
2017-04-11,5,POULTRY,180.375,1
2017-04-12,5,POULTRY,173.96,0
2017-04-13,5,POULTRY,192.13,0
2017-04-14,5,POULTRY,211.922,23
2017-04-15,5,POULTRY,191.767,1
2017-04-16,5,POULTRY,201.26,0
2017-04-17,5,POULTRY,159.105,0
2017-04-18,5,POULTRY,237.082,0
2017-04-19,5,POULTRY,115.101,0
2017-04-20,5,POULTRY,174.535,0
2017-04-21,5,POULTRY,219.288,21
2017-04-22,5,POULTRY,216.726,0
2017-04-23,5,POULTRY,299.85,0
2017-04-24,5,POULTRY,272.625,0
2017-04-25,5,POULTRY,186.989,0
2017-04-26,5,POULTRY,243.123,0
2017-04-27,5,POULTRY,114.971,0
2017-04-28,5,POULTRY,266.031,23
2017-04-29,5,POULTRY,223.381,0
2017-04-30,5,POULTRY,240.827,0
2017-05-01,5,POULTRY,286.775,0
2017-05-02,5,POULTRY,245.307,0
2017-05-03,5,POULTRY,258.626,0
2017-05-04,5,POULTRY,153.659,0
2017-05-05,5,POULTRY,312.076,25
2017-05-06,5,POULTRY,238.559,0
2017-05-07,5,POULTRY,238.387,0
2017-05-08,5,POULTRY,187.593,0
2017-05-09,5,POULTRY,216.633,0
2017-05-10,5,POULTRY,210.209,0
2017-05-11,5,POULTRY,154.345,0
2017-05-12,5,POULTRY,375.277,29
2017-05-13,5,POULTRY,305.438,0
2017-05-14,5,POULTRY,232.541,0
2017-05-15,5,POULTRY,198.122,0
2017-05-16,5,POULTRY,230.242,0
2017-05-17,5,POULTRY,181.773,0
2017-05-18,5,POULTRY,197.702,0
2017-05-19,5,POULTRY,334.214,27
2017-05-20,5,POULTRY,220.903,0
2017-05-21,5,POULTRY,289.726,0
2017-05-22,5,POULTRY,267.47,0
2017-05-23,5,POULTRY,262.623,0
2017-05-24,5,POULTRY,212.618,0
2017-05-25,5,POULTRY,182.615,0
2017-05-26,5,POULTRY,315.391,27
2017-05-27,5,POULTRY,259.878,0
2017-05-28,5,POULTRY,268.873,0
2017-05-29,5,POULTRY,240.646,0
2017-05-30,5,POULTRY,255.51001,0
2017-05-31,5,POULTRY,228.597,0
2017-06-01,5,POULTRY,183.775,0
2017-06-02,5,POULTRY,389.313,32
2017-06-03,5,POULTRY,225.368,0
2017-06-04,5,POULTRY,312.43,0
2017-06-05,5,POULTRY,288.648,2
2017-06-06,5,POULTRY,221.392,0
2017-06-07,5,POULTRY,170.537,0
2017-06-08,5,POULTRY,201.798,0
2017-06-09,5,POULTRY,288.965,28
2017-06-10,5,POULTRY,230.41,0
2017-06-11,5,POULTRY,296.004,0
2017-06-12,5,POULTRY,217.081,0
2017-06-13,5,POULTRY,158.375,0
2017-06-14,5,POULTRY,213.122,0
2017-06-15,5,POULTRY,188.174,0
2017-06-16,5,POULTRY,309.97202,28
2017-06-17,5,POULTRY,295.045,0
2017-06-18,5,POULTRY,238.403,0
2017-06-19,5,POULTRY,226.489,0
2017-06-20,5,POULTRY,193.671,0
2017-06-21,5,POULTRY,198.673,1
2017-06-22,5,POULTRY,180.01799,0
2017-06-23,5,POULTRY,346.68,26
2017-06-24,5,POULTRY,225.753,0
2017-06-25,5,POULTRY,231.316,0
2017-06-26,5,POULTRY,205.182,0
2017-06-27,5,POULTRY,238.122,0
2017-06-28,5,POULTRY,202.267,0
2017-06-29,5,POULTRY,173.95801,0
2017-06-30,5,POULTRY,277.889,25
2017-07-01,5,POULTRY,301.085,1
2017-07-02,5,POULTRY,239.049,0
2017-07-03,5,POULTRY,237.949,0
2017-07-04,5,POULTRY,301.347,0
2017-07-05,5,POULTRY,228.183,1
2017-07-06,5,POULTRY,202.175,0
2017-07-07,5,POULTRY,300.163,23
2017-07-08,5,POULTRY,247.761,0
2017-07-09,5,POULTRY,350.426,0
2017-07-10,5,POULTRY,198.512,0
2017-07-11,5,POULTRY,200.972,0
2017-07-12,5,POULTRY,189.749,0
2017-07-13,5,POULTRY,179.321,0
2017-07-14,5,POULTRY,356.596,28
2017-07-15,5,POULTRY,224.168,0
2017-07-16,5,POULTRY,274.135,0
2017-07-17,5,POULTRY,257.836,0
2017-07-18,5,POULTRY,178.69699,0
2017-07-19,5,POULTRY,256.08002,0
2017-07-20,5,POULTRY,154.856,0
2017-07-21,5,POULTRY,332.368,27
2017-07-22,5,POULTRY,230.58,0
2017-07-23,5,POULTRY,323.046,0
2017-07-24,5,POULTRY,215.033,0
2017-07-25,5,POULTRY,231.266,0
2017-07-26,5,POULTRY,263.887,0
2017-07-27,5,POULTRY,125.305,0
2017-07-28,5,POULTRY,284.291,25
2017-07-29,5,POULTRY,258.819,0
2017-07-30,5,POULTRY,261.44,0
2017-07-31,5,POULTRY,210.077,0
2017-01-01,5,PREPARED FOODS,0.0,0
2017-01-02,5,PREPARED FOODS,78.28,0
2017-01-03,5,PREPARED FOODS,82.057,1
2017-01-04,5,PREPARED FOODS,79.672,4
2017-01-05,5,PREPARED FOODS,50.0,1
2017-01-06,5,PREPARED FOODS,66.189,2
2017-01-07,5,PREPARED FOODS,85.4,1
2017-01-08,5,PREPARED FOODS,55.792,1
2017-01-09,5,PREPARED FOODS,66.655,1
2017-01-10,5,PREPARED FOODS,104.762,1
2017-01-11,5,PREPARED FOODS,66.94,2
2017-01-12,5,PREPARED FOODS,75.969,1
2017-01-13,5,PREPARED FOODS,68.027,2
2017-01-14,5,PREPARED FOODS,77.826,1
2017-01-15,5,PREPARED FOODS,79.327,1
2017-01-16,5,PREPARED FOODS,92.223,1
2017-01-17,5,PREPARED FOODS,69.954,1
2017-01-18,5,PREPARED FOODS,85.0,3
2017-01-19,5,PREPARED FOODS,53.136,2
2017-01-20,5,PREPARED FOODS,74.558,3
2017-01-21,5,PREPARED FOODS,81.822,2
2017-01-22,5,PREPARED FOODS,61.835,2
2017-01-23,5,PREPARED FOODS,60.103,1
2017-01-24,5,PREPARED FOODS,57.043,1
2017-01-25,5,PREPARED FOODS,54.655,2
2017-01-26,5,PREPARED FOODS,63.0,2
2017-01-27,5,PREPARED FOODS,75.869,2
2017-01-28,5,PREPARED FOODS,87.949,2
2017-01-29,5,PREPARED FOODS,77.141,2
2017-01-30,5,PREPARED FOODS,66.221,2
2017-01-31,5,PREPARED FOODS,68.951004,2
2017-02-01,5,PREPARED FOODS,86.495,3
2017-02-02,5,PREPARED FOODS,73.561,2
2017-02-03,5,PREPARED FOODS,77.285,3
2017-02-04,5,PREPARED FOODS,99.507,1
2017-02-05,5,PREPARED FOODS,81.426,2
2017-02-06,5,PREPARED FOODS,73.61,2
2017-02-07,5,PREPARED FOODS,78.054,2
2017-02-08,5,PREPARED FOODS,79.839,4
2017-02-09,5,PREPARED FOODS,74.257,1
2017-02-10,5,PREPARED FOODS,73.606,2
2017-02-11,5,PREPARED FOODS,74.131,1
2017-02-12,5,PREPARED FOODS,70.051,1
2017-02-13,5,PREPARED FOODS,83.463,1
2017-02-14,5,PREPARED FOODS,79.636,1
2017-02-15,5,PREPARED FOODS,82.514,2
2017-02-16,5,PREPARED FOODS,55.027,1
2017-02-17,5,PREPARED FOODS,69.799,2
2017-02-18,5,PREPARED FOODS,100.532,1
2017-02-19,5,PREPARED FOODS,66.847,1
2017-02-20,5,PREPARED FOODS,73.045,1
2017-02-21,5,PREPARED FOODS,70.285,1
2017-02-22,5,PREPARED FOODS,85.064,2
2017-02-23,5,PREPARED FOODS,91.315,1
2017-02-24,5,PREPARED FOODS,68.091,2
2017-02-25,5,PREPARED FOODS,93.798,1
2017-02-26,5,PREPARED FOODS,57.795,1
2017-02-27,5,PREPARED FOODS,48.439,1
2017-02-28,5,PREPARED FOODS,52.894,1
2017-03-01,5,PREPARED FOODS,114.814,2
2017-03-02,5,PREPARED FOODS,70.886,0
2017-03-03,5,PREPARED FOODS,104.012,1
2017-03-04,5,PREPARED FOODS,98.642,0
2017-03-05,5,PREPARED FOODS,75.649,0
2017-03-06,5,PREPARED FOODS,90.942,0
2017-03-07,5,PREPARED FOODS,67.022,0
2017-03-08,5,PREPARED FOODS,60.052002,1
2017-03-09,5,PREPARED FOODS,50.466,0
2017-03-10,5,PREPARED FOODS,78.943,0
2017-03-11,5,PREPARED FOODS,79.557,0
2017-03-12,5,PREPARED FOODS,66.076,0
2017-03-13,5,PREPARED FOODS,51.121,0
2017-03-14,5,PREPARED FOODS,64.256,0
2017-03-15,5,PREPARED FOODS,60.012,1
2017-03-16,5,PREPARED FOODS,59.942,0
2017-03-17,5,PREPARED FOODS,68.523,0
2017-03-18,5,PREPARED FOODS,60.222,0
2017-03-19,5,PREPARED FOODS,78.673,0
2017-03-20,5,PREPARED FOODS,74.219,0
2017-03-21,5,PREPARED FOODS,50.937,0
2017-03-22,5,PREPARED FOODS,67.847,1
2017-03-23,5,PREPARED FOODS,62.836998,0
2017-03-24,5,PREPARED FOODS,79.559,0
2017-03-25,5,PREPARED FOODS,89.036,0
2017-03-26,5,PREPARED FOODS,82.027,0
2017-03-27,5,PREPARED FOODS,60.238,0
2017-03-28,5,PREPARED FOODS,60.742,0
2017-03-29,5,PREPARED FOODS,82.795,1
2017-03-30,5,PREPARED FOODS,50.753,0
2017-03-31,5,PREPARED FOODS,75.736,0
2017-04-01,5,PREPARED FOODS,107.516,0
2017-04-02,5,PREPARED FOODS,80.783,0
2017-04-03,5,PREPARED FOODS,56.571,0
2017-04-04,5,PREPARED FOODS,59.54,0
2017-04-05,5,PREPARED FOODS,57.814,1
2017-04-06,5,PREPARED FOODS,51.109,0
2017-04-07,5,PREPARED FOODS,56.633,0
2017-04-08,5,PREPARED FOODS,59.043,0
2017-04-09,5,PREPARED FOODS,40.0,0
2017-04-10,5,PREPARED FOODS,55.808,0
2017-04-11,5,PREPARED FOODS,26.03,0
2017-04-12,5,PREPARED FOODS,69.759,1
2017-04-13,5,PREPARED FOODS,92.894,0
2017-04-14,5,PREPARED FOODS,91.952,0
2017-04-15,5,PREPARED FOODS,54.819,0
2017-04-16,5,PREPARED FOODS,40.498,0
2017-04-17,5,PREPARED FOODS,48.433,0
2017-04-18,5,PREPARED FOODS,54.679,0
2017-04-19,5,PREPARED FOODS,48.948,0
2017-04-20,5,PREPARED FOODS,47.561,0
2017-04-21,5,PREPARED FOODS,51.0,0
2017-04-22,5,PREPARED FOODS,55.786,0
2017-04-23,5,PREPARED FOODS,64.294,0
2017-04-24,5,PREPARED FOODS,62.181,0
2017-04-25,5,PREPARED FOODS,37.192,0
2017-04-26,5,PREPARED FOODS,70.75,0
2017-04-27,5,PREPARED FOODS,39.181,0
2017-04-28,5,PREPARED FOODS,50.042,0
2017-04-29,5,PREPARED FOODS,64.012,0
2017-04-30,5,PREPARED FOODS,50.765,0
2017-05-01,5,PREPARED FOODS,71.072,0
2017-05-02,5,PREPARED FOODS,53.562,0
2017-05-03,5,PREPARED FOODS,64.195,0
2017-05-04,5,PREPARED FOODS,46.06,0
2017-05-05,5,PREPARED FOODS,58.25,0
2017-05-06,5,PREPARED FOODS,63.099,0
2017-05-07,5,PREPARED FOODS,68.577,0
2017-05-08,5,PREPARED FOODS,74.327,0
2017-05-09,5,PREPARED FOODS,35.103,1
2017-05-10,5,PREPARED FOODS,83.148,2
2017-05-11,5,PREPARED FOODS,63.957,1
2017-05-12,5,PREPARED FOODS,50.192,1
2017-05-13,5,PREPARED FOODS,63.483,1
2017-05-14,5,PREPARED FOODS,42.489,1
2017-05-15,5,PREPARED FOODS,53.252,1
2017-05-16,5,PREPARED FOODS,69.163,1
2017-05-17,5,PREPARED FOODS,47.076,1
2017-05-18,5,PREPARED FOODS,37.142,1
2017-05-19,5,PREPARED FOODS,52.162,1
2017-05-20,5,PREPARED FOODS,61.663002,2
2017-05-21,5,PREPARED FOODS,58.168,2
2017-05-22,5,PREPARED FOODS,40.876,2
2017-05-23,5,PREPARED FOODS,57.57,1
2017-05-24,5,PREPARED FOODS,32.646,1
2017-05-25,5,PREPARED FOODS,33.0,1
2017-05-26,5,PREPARED FOODS,65.861,1
2017-05-27,5,PREPARED FOODS,65.147,1
2017-05-28,5,PREPARED FOODS,63.138,1
2017-05-29,5,PREPARED FOODS,41.001,2
2017-05-30,5,PREPARED FOODS,49.451,1
2017-05-31,5,PREPARED FOODS,62.246,2
2017-06-01,5,PREPARED FOODS,59.396,0
2017-06-02,5,PREPARED FOODS,58.138,0
2017-06-03,5,PREPARED FOODS,72.91,0
2017-06-04,5,PREPARED FOODS,70.03,0
2017-06-05,5,PREPARED FOODS,43.762,0
2017-06-06,5,PREPARED FOODS,41.993,0
2017-06-07,5,PREPARED FOODS,76.886,0
2017-06-08,5,PREPARED FOODS,47.0,0
2017-06-09,5,PREPARED FOODS,56.084,0
2017-06-10,5,PREPARED FOODS,50.321,0
2017-06-11,5,PREPARED FOODS,67.853,0
2017-06-12,5,PREPARED FOODS,52.834,0
2017-06-13,5,PREPARED FOODS,47.169,0
2017-06-14,5,PREPARED FOODS,77.882,0
2017-06-15,5,PREPARED FOODS,30.793,0
2017-06-16,5,PREPARED FOODS,46.829,0
2017-06-17,5,PREPARED FOODS,50.777,0
2017-06-18,5,PREPARED FOODS,56.117,0
2017-06-19,5,PREPARED FOODS,43.781,0
2017-06-20,5,PREPARED FOODS,53.0,0
2017-06-21,5,PREPARED FOODS,44.718,0
2017-06-22,5,PREPARED FOODS,53.753,0
2017-06-23,5,PREPARED FOODS,59.376,0
2017-06-24,5,PREPARED FOODS,59.57,0
2017-06-25,5,PREPARED FOODS,86.673,0
2017-06-26,5,PREPARED FOODS,65.631,0
2017-06-27,5,PREPARED FOODS,37.957,0
2017-06-28,5,PREPARED FOODS,57.461998,0
2017-06-29,5,PREPARED FOODS,64.943,0
2017-06-30,5,PREPARED FOODS,61.33,0
2017-07-01,5,PREPARED FOODS,49.924,0
2017-07-02,5,PREPARED FOODS,52.679,0
2017-07-03,5,PREPARED FOODS,76.037,0
2017-07-04,5,PREPARED FOODS,45.841,0
2017-07-05,5,PREPARED FOODS,53.96,0
2017-07-06,5,PREPARED FOODS,70.819,0
2017-07-07,5,PREPARED FOODS,57.877,0
2017-07-08,5,PREPARED FOODS,39.148,0
2017-07-09,5,PREPARED FOODS,45.876,0
2017-07-10,5,PREPARED FOODS,39.993,0
2017-07-11,5,PREPARED FOODS,62.678,0
2017-07-12,5,PREPARED FOODS,55.843,0
2017-07-13,5,PREPARED FOODS,61.96,0
2017-07-14,5,PREPARED FOODS,44.916,0
2017-07-15,5,PREPARED FOODS,77.003,0
2017-07-16,5,PREPARED FOODS,48.211,0
2017-07-17,5,PREPARED FOODS,66.943,0
2017-07-18,5,PREPARED FOODS,53.433,0
2017-07-19,5,PREPARED FOODS,56.84,0
2017-07-20,5,PREPARED FOODS,38.918,0
2017-07-21,5,PREPARED FOODS,43.495,0
2017-07-22,5,PREPARED FOODS,53.12,0
2017-07-23,5,PREPARED FOODS,64.636,0
2017-07-24,5,PREPARED FOODS,63.487,0
2017-07-25,5,PREPARED FOODS,51.789,0
2017-07-26,5,PREPARED FOODS,43.114,0
2017-07-27,5,PREPARED FOODS,68.181,0
2017-07-28,5,PREPARED FOODS,71.247,0
2017-07-29,5,PREPARED FOODS,59.75,0
2017-07-30,5,PREPARED FOODS,50.36,0
2017-07-31,5,PREPARED FOODS,58.151,0
2017-01-01,5,PRODUCE,0.0,0
2017-01-02,5,PRODUCE,1897.373,13
2017-01-03,5,PRODUCE,1835.672,12
2017-01-04,5,PRODUCE,2317.01,180
2017-01-05,5,PRODUCE,1319.856,2
2017-01-06,5,PRODUCE,1722.941,5
2017-01-07,5,PRODUCE,1456.543,6
2017-01-08,5,PRODUCE,1624.066,5
2017-01-09,5,PRODUCE,1449.008,6
2017-01-10,5,PRODUCE,1334.719,5
2017-01-11,5,PRODUCE,1966.433,181
2017-01-12,5,PRODUCE,1142.555,6
2017-01-13,5,PRODUCE,1406.183,4
2017-01-14,5,PRODUCE,1552.601,5
2017-01-15,5,PRODUCE,1742.571,6
2017-01-16,5,PRODUCE,1462.675,5
2017-01-17,5,PRODUCE,1187.69,3
2017-01-18,5,PRODUCE,1996.767,182
2017-01-19,5,PRODUCE,1443.909,5
2017-01-20,5,PRODUCE,1435.669,5
2017-01-21,5,PRODUCE,1587.115,7
2017-01-22,5,PRODUCE,1749.937,5
2017-01-23,5,PRODUCE,1441.035,4
2017-01-24,5,PRODUCE,1487.796,5
2017-01-25,5,PRODUCE,1892.086,180
2017-01-26,5,PRODUCE,1440.404,3
2017-01-27,5,PRODUCE,1203.276,4
2017-01-28,5,PRODUCE,1505.669,4
2017-01-29,5,PRODUCE,1498.034,4
2017-01-30,5,PRODUCE,1522.926,3
2017-01-31,5,PRODUCE,1548.207,3
2017-02-01,5,PRODUCE,2426.252,175
2017-02-02,5,PRODUCE,1321.301,3
2017-02-03,5,PRODUCE,1560.531,4
2017-02-04,5,PRODUCE,2028.413,4
2017-02-05,5,PRODUCE,1843.523,4
2017-02-06,5,PRODUCE,1613.686,4
2017-02-07,5,PRODUCE,1370.429,3
2017-02-08,5,PRODUCE,2017.477,173
2017-02-09,5,PRODUCE,1217.793,3
2017-02-10,5,PRODUCE,1348.636,4
2017-02-11,5,PRODUCE,1597.743,4
2017-02-12,5,PRODUCE,1585.123,4
2017-02-13,5,PRODUCE,1489.97,4
2017-02-14,5,PRODUCE,1420.491,5
2017-02-15,5,PRODUCE,2205.84,176
2017-02-16,5,PRODUCE,1180.279,5
2017-02-17,5,PRODUCE,1421.764,5
2017-02-18,5,PRODUCE,1753.043,4
2017-02-19,5,PRODUCE,1381.997,5
2017-02-20,5,PRODUCE,1469.721,5
2017-02-21,5,PRODUCE,1225.425,5
2017-02-22,5,PRODUCE,1897.243,179
2017-02-23,5,PRODUCE,1165.9,3
2017-02-24,5,PRODUCE,1391.942,4
2017-02-25,5,PRODUCE,1763.646,6
2017-02-26,5,PRODUCE,1206.848,4
2017-02-27,5,PRODUCE,1032.782,3
2017-02-28,5,PRODUCE,1126.747,4
2017-03-01,5,PRODUCE,2493.262,171
2017-03-02,5,PRODUCE,1569.37,3
2017-03-03,5,PRODUCE,1693.967,5
2017-03-04,5,PRODUCE,1597.514,5
2017-03-05,5,PRODUCE,1764.901,6
2017-03-06,5,PRODUCE,1487.0131,3
2017-03-07,5,PRODUCE,1256.3,4
2017-03-08,5,PRODUCE,2114.072,182
2017-03-09,5,PRODUCE,1241.739,0
2017-03-10,5,PRODUCE,1310.235,0
2017-03-11,5,PRODUCE,1245.992,0
2017-03-12,5,PRODUCE,1521.587,1
2017-03-13,5,PRODUCE,1549.006,1
2017-03-14,5,PRODUCE,1301.688,2
2017-03-15,5,PRODUCE,1970.25,176
2017-03-16,5,PRODUCE,1245.326,2
2017-03-17,5,PRODUCE,1588.058,2
2017-03-18,5,PRODUCE,1547.801,2
2017-03-19,5,PRODUCE,1690.111,1
2017-03-20,5,PRODUCE,1506.218,2
2017-03-21,5,PRODUCE,1328.613,2
2017-03-22,5,PRODUCE,1750.429,174
2017-03-23,5,PRODUCE,1299.01,0
2017-03-24,5,PRODUCE,1436.042,0
2017-03-25,5,PRODUCE,1466.641,0
2017-03-26,5,PRODUCE,1441.819,0
2017-03-27,5,PRODUCE,1402.403,0
2017-03-28,5,PRODUCE,1419.024,0
2017-03-29,5,PRODUCE,2089.62,176
2017-03-30,5,PRODUCE,1077.828,1
2017-03-31,5,PRODUCE,1697.722,1
2017-04-01,5,PRODUCE,1749.019,1
2017-04-02,5,PRODUCE,1706.03,1
2017-04-03,5,PRODUCE,1450.392,1
2017-04-04,5,PRODUCE,1414.915,1
2017-04-05,5,PRODUCE,1996.142,166
2017-04-06,5,PRODUCE,1194.902,1
2017-04-07,5,PRODUCE,1286.885,2
2017-04-08,5,PRODUCE,1737.695,1
2017-04-09,5,PRODUCE,1524.346,1
2017-04-10,5,PRODUCE,1481.121,4
2017-04-11,5,PRODUCE,1329.273,1
2017-04-12,5,PRODUCE,2042.865,168
2017-04-13,5,PRODUCE,1470.424,4
2017-04-14,5,PRODUCE,1356.444,6
2017-04-15,5,PRODUCE,1440.207,3
2017-04-16,5,PRODUCE,1304.869,4
2017-04-17,5,PRODUCE,1405.842,4
2017-04-18,5,PRODUCE,1361.022,4
2017-04-19,5,PRODUCE,1666.291,155
2017-04-20,5,PRODUCE,1003.99,2
2017-04-21,5,PRODUCE,1362.095,1
2017-04-22,5,PRODUCE,1349.85,3
2017-04-23,5,PRODUCE,1604.882,3
2017-04-24,5,PRODUCE,1217.772,2
2017-04-25,5,PRODUCE,1312.196,2
2017-04-26,5,PRODUCE,1600.182,156
2017-04-27,5,PRODUCE,1062.475,5
2017-04-28,5,PRODUCE,1419.122,5
2017-04-29,5,PRODUCE,1497.081,4
2017-04-30,5,PRODUCE,1817.841,4
2017-05-01,5,PRODUCE,1867.236,5
2017-05-02,5,PRODUCE,1614.6381,4
2017-05-03,5,PRODUCE,2397.017,163
2017-05-04,5,PRODUCE,1168.6,3
2017-05-05,5,PRODUCE,1624.527,0
2017-05-06,5,PRODUCE,1547.6849,1
2017-05-07,5,PRODUCE,1898.79,0
2017-05-08,5,PRODUCE,1528.017,1
2017-05-09,5,PRODUCE,1291.289,0
2017-05-10,5,PRODUCE,2015.734,169
2017-05-11,5,PRODUCE,1029.457,4
2017-05-12,5,PRODUCE,1572.918,5
2017-05-13,5,PRODUCE,1940.174,8
2017-05-14,5,PRODUCE,1809.371,8
2017-05-15,5,PRODUCE,1528.26,4
2017-05-16,5,PRODUCE,1433.4089,5
2017-05-17,5,PRODUCE,2011.296,163
2017-05-18,5,PRODUCE,1330.45,4
2017-05-19,5,PRODUCE,1504.816,6
2017-05-20,5,PRODUCE,1523.2,6
2017-05-21,5,PRODUCE,1894.583,8
2017-05-22,5,PRODUCE,1414.665,7
2017-05-23,5,PRODUCE,1448.287,7
2017-05-24,5,PRODUCE,1735.041,159
2017-05-25,5,PRODUCE,1360.662,5
2017-05-26,5,PRODUCE,1631.952,6
2017-05-27,5,PRODUCE,1611.133,5
2017-05-28,5,PRODUCE,1790.543,6
2017-05-29,5,PRODUCE,1516.655,6
2017-05-30,5,PRODUCE,1396.886,7
2017-05-31,5,PRODUCE,1955.523,161
2017-06-01,5,PRODUCE,1019.386,0
2017-06-02,5,PRODUCE,1727.36,0
2017-06-03,5,PRODUCE,1755.183,0
2017-06-04,5,PRODUCE,2028.474,0
2017-06-05,5,PRODUCE,1615.561,0
2017-06-06,5,PRODUCE,1665.044,0
2017-06-07,5,PRODUCE,1884.309,159
2017-06-08,5,PRODUCE,1230.826,0
2017-06-09,5,PRODUCE,1593.402,0
2017-06-10,5,PRODUCE,1384.201,0
2017-06-11,5,PRODUCE,1948.868,0
2017-06-12,5,PRODUCE,1633.62,0
2017-06-13,5,PRODUCE,1349.692,0
2017-06-14,5,PRODUCE,1925.012,169
2017-06-15,5,PRODUCE,1424.616,0
2017-06-16,5,PRODUCE,1489.683,1
2017-06-17,5,PRODUCE,1847.113,2
2017-06-18,5,PRODUCE,1724.178,2
2017-06-19,5,PRODUCE,1682.752,2
2017-06-20,5,PRODUCE,1590.868,2
2017-06-21,5,PRODUCE,2014.318,170
2017-06-22,5,PRODUCE,1378.832,2
2017-06-23,5,PRODUCE,1686.005,3
2017-06-24,5,PRODUCE,1645.325,1
2017-06-25,5,PRODUCE,1739.897,1
2017-06-26,5,PRODUCE,1614.241,1
2017-06-27,5,PRODUCE,1276.708,1
2017-06-28,5,PRODUCE,2036.717,174
2017-06-29,5,PRODUCE,1306.344,7
2017-06-30,5,PRODUCE,1517.953,9
2017-07-01,5,PRODUCE,1389.24,7
2017-07-02,5,PRODUCE,1445.613,8
2017-07-03,5,PRODUCE,1734.164,10
2017-07-04,5,PRODUCE,1919.756,11
2017-07-05,5,PRODUCE,2561.221,173
2017-07-06,5,PRODUCE,1253.656,11
2017-07-07,5,PRODUCE,1578.427,11
2017-07-08,5,PRODUCE,1614.194,10
2017-07-09,5,PRODUCE,1739.267,11
2017-07-10,5,PRODUCE,1602.72,11
2017-07-11,5,PRODUCE,1371.736,11
2017-07-12,5,PRODUCE,1927.093,172
2017-07-13,5,PRODUCE,1250.608,3
2017-07-14,5,PRODUCE,1530.878,4
2017-07-15,5,PRODUCE,1557.275,3
2017-07-16,5,PRODUCE,1677.828,1
2017-07-17,5,PRODUCE,1599.767,1
2017-07-18,5,PRODUCE,1511.158,1
2017-07-19,5,PRODUCE,2043.231,169
2017-07-20,5,PRODUCE,1429.204,8
2017-07-21,5,PRODUCE,1438.724,8
2017-07-22,5,PRODUCE,1537.589,9
2017-07-23,5,PRODUCE,2042.955,9
2017-07-24,5,PRODUCE,1373.649,9
2017-07-25,5,PRODUCE,1416.106,10
2017-07-26,5,PRODUCE,2087.765,173
2017-07-27,5,PRODUCE,1135.2891,11
2017-07-28,5,PRODUCE,1624.61,13
2017-07-29,5,PRODUCE,1621.875,12
2017-07-30,5,PRODUCE,1816.982,11
2017-07-31,5,PRODUCE,1460.231,12
2017-01-01,5,SCHOOL AND OFFICE SUPPLIES,0.0,0
2017-01-02,5,SCHOOL AND OFFICE SUPPLIES,0.0,0
2017-01-03,5,SCHOOL AND OFFICE SUPPLIES,0.0,0
2017-01-04,5,SCHOOL AND OFFICE SUPPLIES,0.0,0
2017-01-05,5,SCHOOL AND OFFICE SUPPLIES,0.0,0
2017-01-06,5,SCHOOL AND OFFICE SUPPLIES,0.0,0
2017-01-07,5,SCHOOL AND OFFICE SUPPLIES,0.0,0
2017-01-08,5,SCHOOL AND OFFICE SUPPLIES,0.0,0
2017-01-09,5,SCHOOL AND OFFICE SUPPLIES,0.0,0
2017-01-10,5,SCHOOL AND OFFICE SUPPLIES,0.0,0
2017-01-11,5,SCHOOL AND OFFICE SUPPLIES,1.0,0
2017-01-12,5,SCHOOL AND OFFICE SUPPLIES,0.0,0
2017-01-13,5,SCHOOL AND OFFICE SUPPLIES,2.0,0
2017-01-14,5,SCHOOL AND OFFICE SUPPLIES,0.0,0
2017-01-15,5,SCHOOL AND OFFICE SUPPLIES,0.0,0
2017-01-16,5,SCHOOL AND OFFICE SUPPLIES,1.0,0
2017-01-17,5,SCHOOL AND OFFICE SUPPLIES,0.0,0
2017-01-18,5,SCHOOL AND OFFICE SUPPLIES,1.0,0
2017-01-19,5,SCHOOL AND OFFICE SUPPLIES,0.0,0
2017-01-20,5,SCHOOL AND OFFICE SUPPLIES,0.0,0
2017-01-21,5,SCHOOL AND OFFICE SUPPLIES,1.0,0
2017-01-22,5,SCHOOL AND OFFICE SUPPLIES,0.0,0
2017-01-23,5,SCHOOL AND OFFICE SUPPLIES,0.0,0
2017-01-24,5,SCHOOL AND OFFICE SUPPLIES,0.0,0
2017-01-25,5,SCHOOL AND OFFICE SUPPLIES,2.0,0
2017-01-26,5,SCHOOL AND OFFICE SUPPLIES,0.0,0
2017-01-27,5,SCHOOL AND OFFICE SUPPLIES,0.0,0
2017-01-28,5,SCHOOL AND OFFICE SUPPLIES,0.0,0
2017-01-29,5,SCHOOL AND OFFICE SUPPLIES,0.0,0
2017-01-30,5,SCHOOL AND OFFICE SUPPLIES,2.0,0
2017-01-31,5,SCHOOL AND OFFICE SUPPLIES,0.0,0
2017-02-01,5,SCHOOL AND OFFICE SUPPLIES,2.0,0
2017-02-02,5,SCHOOL AND OFFICE SUPPLIES,0.0,0
2017-02-03,5,SCHOOL AND OFFICE SUPPLIES,0.0,0
2017-02-04,5,SCHOOL AND OFFICE SUPPLIES,0.0,0
2017-02-05,5,SCHOOL AND OFFICE SUPPLIES,0.0,0
2017-02-06,5,SCHOOL AND OFFICE SUPPLIES,0.0,0
2017-02-07,5,SCHOOL AND OFFICE SUPPLIES,0.0,0
2017-02-08,5,SCHOOL AND OFFICE SUPPLIES,0.0,0
2017-02-09,5,SCHOOL AND OFFICE SUPPLIES,0.0,0
2017-02-10,5,SCHOOL AND OFFICE SUPPLIES,0.0,0
2017-02-11,5,SCHOOL AND OFFICE SUPPLIES,0.0,0
2017-02-12,5,SCHOOL AND OFFICE SUPPLIES,0.0,0
2017-02-13,5,SCHOOL AND OFFICE SUPPLIES,0.0,0
2017-02-14,5,SCHOOL AND OFFICE SUPPLIES,0.0,0
2017-02-15,5,SCHOOL AND OFFICE SUPPLIES,2.0,0
2017-02-16,5,SCHOOL AND OFFICE SUPPLIES,0.0,0
2017-02-17,5,SCHOOL AND OFFICE SUPPLIES,0.0,0
2017-02-18,5,SCHOOL AND OFFICE SUPPLIES,0.0,0
2017-02-19,5,SCHOOL AND OFFICE SUPPLIES,3.0,0
2017-02-20,5,SCHOOL AND OFFICE SUPPLIES,0.0,0
2017-02-21,5,SCHOOL AND OFFICE SUPPLIES,0.0,0
2017-02-22,5,SCHOOL AND OFFICE SUPPLIES,0.0,0
2017-02-23,5,SCHOOL AND OFFICE SUPPLIES,0.0,0
2017-02-24,5,SCHOOL AND OFFICE SUPPLIES,0.0,0
2017-02-25,5,SCHOOL AND OFFICE SUPPLIES,0.0,0
2017-02-26,5,SCHOOL AND OFFICE SUPPLIES,0.0,0
2017-02-27,5,SCHOOL AND OFFICE SUPPLIES,0.0,0
2017-02-28,5,SCHOOL AND OFFICE SUPPLIES,1.0,0
2017-03-01,5,SCHOOL AND OFFICE SUPPLIES,0.0,0
2017-03-02,5,SCHOOL AND OFFICE SUPPLIES,0.0,0
2017-03-03,5,SCHOOL AND OFFICE SUPPLIES,0.0,0
2017-03-04,5,SCHOOL AND OFFICE SUPPLIES,0.0,0
2017-03-05,5,SCHOOL AND OFFICE SUPPLIES,0.0,0
2017-03-06,5,SCHOOL AND OFFICE SUPPLIES,0.0,0
2017-03-07,5,SCHOOL AND OFFICE SUPPLIES,0.0,0
2017-03-08,5,SCHOOL AND OFFICE SUPPLIES,0.0,0
2017-03-09,5,SCHOOL AND OFFICE SUPPLIES,0.0,0
2017-03-10,5,SCHOOL AND OFFICE SUPPLIES,0.0,0
2017-03-11,5,SCHOOL AND OFFICE SUPPLIES,0.0,0
2017-03-12,5,SCHOOL AND OFFICE SUPPLIES,0.0,0
2017-03-13,5,SCHOOL AND OFFICE SUPPLIES,0.0,0
2017-03-14,5,SCHOOL AND OFFICE SUPPLIES,0.0,0
2017-03-15,5,SCHOOL AND OFFICE SUPPLIES,1.0,0
2017-03-16,5,SCHOOL AND OFFICE SUPPLIES,0.0,0
2017-03-17,5,SCHOOL AND OFFICE SUPPLIES,0.0,0
2017-03-18,5,SCHOOL AND OFFICE SUPPLIES,1.0,0
2017-03-19,5,SCHOOL AND OFFICE SUPPLIES,0.0,0
2017-03-20,5,SCHOOL AND OFFICE SUPPLIES,0.0,0
2017-03-21,5,SCHOOL AND OFFICE SUPPLIES,0.0,0
2017-03-22,5,SCHOOL AND OFFICE SUPPLIES,0.0,0
2017-03-23,5,SCHOOL AND OFFICE SUPPLIES,0.0,0
2017-03-24,5,SCHOOL AND OFFICE SUPPLIES,0.0,0
2017-03-25,5,SCHOOL AND OFFICE SUPPLIES,0.0,0
2017-03-26,5,SCHOOL AND OFFICE SUPPLIES,0.0,0
2017-03-27,5,SCHOOL AND OFFICE SUPPLIES,1.0,0
2017-03-28,5,SCHOOL AND OFFICE SUPPLIES,0.0,0
2017-03-29,5,SCHOOL AND OFFICE SUPPLIES,1.0,0
2017-03-30,5,SCHOOL AND OFFICE SUPPLIES,0.0,0
2017-03-31,5,SCHOOL AND OFFICE SUPPLIES,0.0,0
2017-04-01,5,SCHOOL AND OFFICE SUPPLIES,15.0,1
2017-04-02,5,SCHOOL AND OFFICE SUPPLIES,0.0,0
2017-04-03,5,SCHOOL AND OFFICE SUPPLIES,0.0,0
2017-04-04,5,SCHOOL AND OFFICE SUPPLIES,1.0,0
2017-04-05,5,SCHOOL AND OFFICE SUPPLIES,0.0,0
2017-04-06,5,SCHOOL AND OFFICE SUPPLIES,0.0,0
2017-04-07,5,SCHOOL AND OFFICE SUPPLIES,0.0,0
2017-04-08,5,SCHOOL AND OFFICE SUPPLIES,79.0,1
2017-04-09,5,SCHOOL AND OFFICE SUPPLIES,0.0,0
2017-04-10,5,SCHOOL AND OFFICE SUPPLIES,2.0,1
2017-04-11,5,SCHOOL AND OFFICE SUPPLIES,0.0,0
2017-04-12,5,SCHOOL AND OFFICE SUPPLIES,1.0,0
2017-04-13,5,SCHOOL AND OFFICE SUPPLIES,1.0,1
2017-04-14,5,SCHOOL AND OFFICE SUPPLIES,26.0,2
2017-04-15,5,SCHOOL AND OFFICE SUPPLIES,47.0,1
2017-04-16,5,SCHOOL AND OFFICE SUPPLIES,63.0,1
2017-04-17,5,SCHOOL AND OFFICE SUPPLIES,1.0,0
2017-04-18,5,SCHOOL AND OFFICE SUPPLIES,0.0,0
2017-04-19,5,SCHOOL AND OFFICE SUPPLIES,0.0,0
2017-04-20,5,SCHOOL AND OFFICE SUPPLIES,1.0,0
2017-04-21,5,SCHOOL AND OFFICE SUPPLIES,2.0,1
2017-04-22,5,SCHOOL AND OFFICE SUPPLIES,5.0,2
2017-04-23,5,SCHOOL AND OFFICE SUPPLIES,16.0,3
2017-04-24,5,SCHOOL AND OFFICE SUPPLIES,5.0,3
2017-04-25,5,SCHOOL AND OFFICE SUPPLIES,6.0,2
2017-04-26,5,SCHOOL AND OFFICE SUPPLIES,7.0,3
2017-04-27,5,SCHOOL AND OFFICE SUPPLIES,4.0,2
2017-04-28,5,SCHOOL AND OFFICE SUPPLIES,5.0,2
2017-04-29,5,SCHOOL AND OFFICE SUPPLIES,5.0,2
2017-04-30,5,SCHOOL AND OFFICE SUPPLIES,7.0,3
2017-05-01,5,SCHOOL AND OFFICE SUPPLIES,8.0,3
2017-05-02,5,SCHOOL AND OFFICE SUPPLIES,8.0,3
2017-05-03,5,SCHOOL AND OFFICE SUPPLIES,1.0,1
2017-05-04,5,SCHOOL AND OFFICE SUPPLIES,6.0,3
2017-05-05,5,SCHOOL AND OFFICE SUPPLIES,4.0,2
2017-05-06,5,SCHOOL AND OFFICE SUPPLIES,8.0,3
2017-05-07,5,SCHOOL AND OFFICE SUPPLIES,7.0,3
2017-05-08,5,SCHOOL AND OFFICE SUPPLIES,5.0,3
2017-05-09,5,SCHOOL AND OFFICE SUPPLIES,5.0,2
2017-05-10,5,SCHOOL AND OFFICE SUPPLIES,0.0,0
2017-05-11,5,SCHOOL AND OFFICE SUPPLIES,4.0,2
2017-05-12,5,SCHOOL AND OFFICE SUPPLIES,4.0,2
2017-05-13,5,SCHOOL AND OFFICE SUPPLIES,3.0,1
2017-05-14,5,SCHOOL AND OFFICE SUPPLIES,4.0,1
2017-05-15,5,SCHOOL AND OFFICE SUPPLIES,5.0,2
2017-05-16,5,SCHOOL AND OFFICE SUPPLIES,4.0,1
2017-05-17,5,SCHOOL AND OFFICE SUPPLIES,7.0,2
2017-05-18,5,SCHOOL AND OFFICE SUPPLIES,4.0,0
2017-05-19,5,SCHOOL AND OFFICE SUPPLIES,2.0,0
2017-05-20,5,SCHOOL AND OFFICE SUPPLIES,1.0,0
2017-05-21,5,SCHOOL AND OFFICE SUPPLIES,5.0,0
2017-05-22,5,SCHOOL AND OFFICE SUPPLIES,6.0,0
2017-05-23,5,SCHOOL AND OFFICE SUPPLIES,1.0,0
2017-05-24,5,SCHOOL AND OFFICE SUPPLIES,5.0,0
2017-05-25,5,SCHOOL AND OFFICE SUPPLIES,2.0,0
2017-05-26,5,SCHOOL AND OFFICE SUPPLIES,2.0,0
2017-05-27,5,SCHOOL AND OFFICE SUPPLIES,2.0,0
2017-05-28,5,SCHOOL AND OFFICE SUPPLIES,4.0,0
2017-05-29,5,SCHOOL AND OFFICE SUPPLIES,3.0,0
2017-05-30,5,SCHOOL AND OFFICE SUPPLIES,3.0,0
2017-05-31,5,SCHOOL AND OFFICE SUPPLIES,1.0,0
2017-06-01,5,SCHOOL AND OFFICE SUPPLIES,3.0,0
2017-06-02,5,SCHOOL AND OFFICE SUPPLIES,1.0,0
2017-06-03,5,SCHOOL AND OFFICE SUPPLIES,2.0,0
2017-06-04,5,SCHOOL AND OFFICE SUPPLIES,8.0,0
2017-06-05,5,SCHOOL AND OFFICE SUPPLIES,0.0,0
2017-06-06,5,SCHOOL AND OFFICE SUPPLIES,1.0,0
2017-06-07,5,SCHOOL AND OFFICE SUPPLIES,0.0,0
2017-06-08,5,SCHOOL AND OFFICE SUPPLIES,0.0,0
2017-06-09,5,SCHOOL AND OFFICE SUPPLIES,0.0,0
2017-06-10,5,SCHOOL AND OFFICE SUPPLIES,3.0,0
2017-06-11,5,SCHOOL AND OFFICE SUPPLIES,2.0,0
2017-06-12,5,SCHOOL AND OFFICE SUPPLIES,4.0,0
2017-06-13,5,SCHOOL AND OFFICE SUPPLIES,2.0,0
2017-06-14,5,SCHOOL AND OFFICE SUPPLIES,0.0,0
2017-06-15,5,SCHOOL AND OFFICE SUPPLIES,2.0,0
2017-06-16,5,SCHOOL AND OFFICE SUPPLIES,2.0,0
2017-06-17,5,SCHOOL AND OFFICE SUPPLIES,2.0,0
2017-06-18,5,SCHOOL AND OFFICE SUPPLIES,1.0,0
2017-06-19,5,SCHOOL AND OFFICE SUPPLIES,1.0,0
2017-06-20,5,SCHOOL AND OFFICE SUPPLIES,2.0,0
2017-06-21,5,SCHOOL AND OFFICE SUPPLIES,0.0,0
2017-06-22,5,SCHOOL AND OFFICE SUPPLIES,0.0,0
2017-06-23,5,SCHOOL AND OFFICE SUPPLIES,0.0,0
2017-06-24,5,SCHOOL AND OFFICE SUPPLIES,1.0,0
2017-06-25,5,SCHOOL AND OFFICE SUPPLIES,2.0,0
2017-06-26,5,SCHOOL AND OFFICE SUPPLIES,0.0,0
2017-06-27,5,SCHOOL AND OFFICE SUPPLIES,0.0,0
2017-06-28,5,SCHOOL AND OFFICE SUPPLIES,2.0,0
2017-06-29,5,SCHOOL AND OFFICE SUPPLIES,2.0,0
2017-06-30,5,SCHOOL AND OFFICE SUPPLIES,1.0,0
2017-07-01,5,SCHOOL AND OFFICE SUPPLIES,1.0,0
2017-07-02,5,SCHOOL AND OFFICE SUPPLIES,1.0,0
2017-07-03,5,SCHOOL AND OFFICE SUPPLIES,1.0,0
2017-07-04,5,SCHOOL AND OFFICE SUPPLIES,4.0,0
2017-07-05,5,SCHOOL AND OFFICE SUPPLIES,0.0,0
2017-07-06,5,SCHOOL AND OFFICE SUPPLIES,0.0,0
2017-07-07,5,SCHOOL AND OFFICE SUPPLIES,0.0,0
2017-07-08,5,SCHOOL AND OFFICE SUPPLIES,0.0,0
2017-07-09,5,SCHOOL AND OFFICE SUPPLIES,4.0,0
2017-07-10,5,SCHOOL AND OFFICE SUPPLIES,1.0,0
2017-07-11,5,SCHOOL AND OFFICE SUPPLIES,0.0,0
2017-07-12,5,SCHOOL AND OFFICE SUPPLIES,1.0,0
2017-07-13,5,SCHOOL AND OFFICE SUPPLIES,0.0,0
2017-07-14,5,SCHOOL AND OFFICE SUPPLIES,1.0,0
2017-07-15,5,SCHOOL AND OFFICE SUPPLIES,0.0,0
2017-07-16,5,SCHOOL AND OFFICE SUPPLIES,0.0,0
2017-07-17,5,SCHOOL AND OFFICE SUPPLIES,2.0,0
2017-07-18,5,SCHOOL AND OFFICE SUPPLIES,2.0,0
2017-07-19,5,SCHOOL AND OFFICE SUPPLIES,4.0,0
2017-07-20,5,SCHOOL AND OFFICE SUPPLIES,3.0,0
2017-07-21,5,SCHOOL AND OFFICE SUPPLIES,1.0,0
2017-07-22,5,SCHOOL AND OFFICE SUPPLIES,0.0,0
2017-07-23,5,SCHOOL AND OFFICE SUPPLIES,0.0,0
2017-07-24,5,SCHOOL AND OFFICE SUPPLIES,3.0,0
2017-07-25,5,SCHOOL AND OFFICE SUPPLIES,1.0,0
2017-07-26,5,SCHOOL AND OFFICE SUPPLIES,0.0,0
2017-07-27,5,SCHOOL AND OFFICE SUPPLIES,3.0,0
2017-07-28,5,SCHOOL AND OFFICE SUPPLIES,1.0,0
2017-07-29,5,SCHOOL AND OFFICE SUPPLIES,0.0,0
2017-07-30,5,SCHOOL AND OFFICE SUPPLIES,0.0,0
2017-07-31,5,SCHOOL AND OFFICE SUPPLIES,1.0,0
2017-01-01,5,SEAFOOD,0.0,0
2017-01-02,5,SEAFOOD,13.455,0
2017-01-03,5,SEAFOOD,15.15,0
2017-01-04,5,SEAFOOD,10.934,0
2017-01-05,5,SEAFOOD,10.0,0
2017-01-06,5,SEAFOOD,12.07,4
2017-01-07,5,SEAFOOD,15.352,0
2017-01-08,5,SEAFOOD,9.748,0
2017-01-09,5,SEAFOOD,13.406,0
2017-01-10,5,SEAFOOD,8.175,0
2017-01-11,5,SEAFOOD,8.056,0
2017-01-12,5,SEAFOOD,15.104,0
2017-01-13,5,SEAFOOD,10.905,4
2017-01-14,5,SEAFOOD,14.552,0
2017-01-15,5,SEAFOOD,12.743,0
2017-01-16,5,SEAFOOD,12.871,1
2017-01-17,5,SEAFOOD,7.41,0
2017-01-18,5,SEAFOOD,8.804,0
2017-01-19,5,SEAFOOD,10.762,0
2017-01-20,5,SEAFOOD,16.302,4
2017-01-21,5,SEAFOOD,7.598,0
2017-01-22,5,SEAFOOD,12.899,0
2017-01-23,5,SEAFOOD,8.692,0
2017-01-24,5,SEAFOOD,10.629,0
2017-01-25,5,SEAFOOD,9.813,1
2017-01-26,5,SEAFOOD,11.752,0
2017-01-27,5,SEAFOOD,9.681,4
2017-01-28,5,SEAFOOD,7.252,0
2017-01-29,5,SEAFOOD,11.113,0
2017-01-30,5,SEAFOOD,3.546,0
2017-01-31,5,SEAFOOD,5.744,0
2017-02-01,5,SEAFOOD,8.284,0
2017-02-02,5,SEAFOOD,11.74,0
2017-02-03,5,SEAFOOD,13.632,5
2017-02-04,5,SEAFOOD,6.367,1
2017-02-05,5,SEAFOOD,14.51,0
2017-02-06,5,SEAFOOD,12.389999,0
2017-02-07,5,SEAFOOD,8.264,0
2017-02-08,5,SEAFOOD,7.127,0
2017-02-09,5,SEAFOOD,16.56,1
2017-02-10,5,SEAFOOD,16.422,4
2017-02-11,5,SEAFOOD,13.3,2
2017-02-12,5,SEAFOOD,10.844,1
2017-02-13,5,SEAFOOD,11.7369995,0
2017-02-14,5,SEAFOOD,9.28,1
2017-02-15,5,SEAFOOD,7.204,1
2017-02-16,5,SEAFOOD,9.028,1
2017-02-17,5,SEAFOOD,17.334,4
2017-02-18,5,SEAFOOD,12.395,2
2017-02-19,5,SEAFOOD,7.748,1
2017-02-20,5,SEAFOOD,8.34,2
2017-02-21,5,SEAFOOD,5.664,0
2017-02-22,5,SEAFOOD,5.6549997,0
2017-02-23,5,SEAFOOD,9.768,0
2017-02-24,5,SEAFOOD,18.253,3
2017-02-25,5,SEAFOOD,18.643,0
2017-02-26,5,SEAFOOD,13.528,1
2017-02-27,5,SEAFOOD,9.657,1
2017-02-28,5,SEAFOOD,8.2439995,1
2017-03-01,5,SEAFOOD,11.204,1
2017-03-02,5,SEAFOOD,19.730999,1
2017-03-03,5,SEAFOOD,19.636,4
2017-03-04,5,SEAFOOD,6.387,0
2017-03-05,5,SEAFOOD,10.734,0
2017-03-06,5,SEAFOOD,6.702,0
2017-03-07,5,SEAFOOD,9.845,0
2017-03-08,5,SEAFOOD,12.586,0
2017-03-09,5,SEAFOOD,15.0,0
2017-03-10,5,SEAFOOD,11.262,3
2017-03-11,5,SEAFOOD,8.0,1
2017-03-12,5,SEAFOOD,22.565,1
2017-03-13,5,SEAFOOD,14.301001,0
2017-03-14,5,SEAFOOD,5.434,0
2017-03-15,5,SEAFOOD,13.232,1
2017-03-16,5,SEAFOOD,28.035,1
2017-03-17,5,SEAFOOD,16.972,5
2017-03-18,5,SEAFOOD,8.652,1
2017-03-19,5,SEAFOOD,27.841,1
2017-03-20,5,SEAFOOD,10.928,1
2017-03-21,5,SEAFOOD,8.26,1
2017-03-22,5,SEAFOOD,9.549,0
2017-03-23,5,SEAFOOD,20.836,1
2017-03-24,5,SEAFOOD,11.578,5
2017-03-25,5,SEAFOOD,16.366,1
2017-03-26,5,SEAFOOD,14.005,0
2017-03-27,5,SEAFOOD,16.124,1
2017-03-28,5,SEAFOOD,13.125999,1
2017-03-29,5,SEAFOOD,13.84,0
2017-03-30,5,SEAFOOD,13.036,0
2017-03-31,5,SEAFOOD,15.257999,4
2017-04-01,5,SEAFOOD,16.69,0
2017-04-02,5,SEAFOOD,20.606,0
2017-04-03,5,SEAFOOD,8.585,0
2017-04-04,5,SEAFOOD,6.2539997,0
2017-04-05,5,SEAFOOD,11.823999,0
2017-04-06,5,SEAFOOD,24.866,0
2017-04-07,5,SEAFOOD,26.904,5
2017-04-08,5,SEAFOOD,11.809999,0
2017-04-09,5,SEAFOOD,8.04,0
2017-04-10,5,SEAFOOD,11.114,0
2017-04-11,5,SEAFOOD,16.49,0
2017-04-12,5,SEAFOOD,16.36,0
2017-04-13,5,SEAFOOD,28.34,0
2017-04-14,5,SEAFOOD,20.706,4
2017-04-15,5,SEAFOOD,8.834,0
2017-04-16,5,SEAFOOD,6.15,0
2017-04-17,5,SEAFOOD,20.03,0
2017-04-18,5,SEAFOOD,7.124,0
2017-04-19,5,SEAFOOD,6.594,0
2017-04-20,5,SEAFOOD,10.296,0
2017-04-21,5,SEAFOOD,18.774,3
2017-04-22,5,SEAFOOD,5.142,0
2017-04-23,5,SEAFOOD,8.0,0
2017-04-24,5,SEAFOOD,14.49,0
2017-04-25,5,SEAFOOD,11.142,0
2017-04-26,5,SEAFOOD,13.306,0
2017-04-27,5,SEAFOOD,21.612,0
2017-04-28,5,SEAFOOD,15.1710005,5
2017-04-29,5,SEAFOOD,9.318,0
2017-04-30,5,SEAFOOD,6.0,0
2017-05-01,5,SEAFOOD,12.938,0
2017-05-02,5,SEAFOOD,21.204,0
2017-05-03,5,SEAFOOD,7.835,0
2017-05-04,5,SEAFOOD,18.426,0
2017-05-05,5,SEAFOOD,7.312,2
2017-05-06,5,SEAFOOD,6.0,0
2017-05-07,5,SEAFOOD,7.424,0
2017-05-08,5,SEAFOOD,16.0,0
2017-05-09,5,SEAFOOD,9.648,0
2017-05-10,5,SEAFOOD,12.103001,0
2017-05-11,5,SEAFOOD,15.292,1
2017-05-12,5,SEAFOOD,11.418,6
2017-05-13,5,SEAFOOD,10.302,1
2017-05-14,5,SEAFOOD,13.671,1
2017-05-15,5,SEAFOOD,6.482,1
2017-05-16,5,SEAFOOD,12.068,1
2017-05-17,5,SEAFOOD,10.808,1
2017-05-18,5,SEAFOOD,17.652,1
2017-05-19,5,SEAFOOD,8.654,4
2017-05-20,5,SEAFOOD,16.249,1
2017-05-21,5,SEAFOOD,12.814,0
2017-05-22,5,SEAFOOD,17.012,1
2017-05-23,5,SEAFOOD,11.071,1
2017-05-24,5,SEAFOOD,5.424,1
2017-05-25,5,SEAFOOD,16.002,1
2017-05-26,5,SEAFOOD,11.618,4
2017-05-27,5,SEAFOOD,38.394,1
2017-05-28,5,SEAFOOD,11.57,1
2017-05-29,5,SEAFOOD,9.832,1
2017-05-30,5,SEAFOOD,15.73,1
2017-05-31,5,SEAFOOD,15.118,1
2017-06-01,5,SEAFOOD,5.916,0
2017-06-02,5,SEAFOOD,6.516,4
2017-06-03,5,SEAFOOD,4.722,0
2017-06-04,5,SEAFOOD,16.038,0
2017-06-05,5,SEAFOOD,5.026,0
2017-06-06,5,SEAFOOD,6.083,0
2017-06-07,5,SEAFOOD,11.73,0
2017-06-08,5,SEAFOOD,17.002,0
2017-06-09,5,SEAFOOD,3.8439999,3
2017-06-10,5,SEAFOOD,4.386,0
2017-06-11,5,SEAFOOD,10.268,0
2017-06-12,5,SEAFOOD,3.426,0
2017-06-13,5,SEAFOOD,7.084,0
2017-06-14,5,SEAFOOD,5.9890003,0
2017-06-15,5,SEAFOOD,10.556,0
2017-06-16,5,SEAFOOD,14.537001,4
2017-06-17,5,SEAFOOD,11.6380005,0
2017-06-18,5,SEAFOOD,8.898,0
2017-06-19,5,SEAFOOD,3.826,0
2017-06-20,5,SEAFOOD,11.525,0
2017-06-21,5,SEAFOOD,7.6029997,0
2017-06-22,5,SEAFOOD,6.0,0
2017-06-23,5,SEAFOOD,9.918,4
2017-06-24,5,SEAFOOD,9.851,0
2017-06-25,5,SEAFOOD,10.854,0
2017-06-26,5,SEAFOOD,6.205,0
2017-06-27,5,SEAFOOD,14.118,0
2017-06-28,5,SEAFOOD,8.094,0
2017-06-29,5,SEAFOOD,15.037,0
2017-06-30,5,SEAFOOD,7.1940002,3
2017-07-01,5,SEAFOOD,13.472,0
2017-07-02,5,SEAFOOD,9.128,0
2017-07-03,5,SEAFOOD,8.898,0
2017-07-04,5,SEAFOOD,14.585,0
2017-07-05,5,SEAFOOD,11.461,0
2017-07-06,5,SEAFOOD,17.004,0
2017-07-07,5,SEAFOOD,9.63,3
2017-07-08,5,SEAFOOD,14.6779995,0
2017-07-09,5,SEAFOOD,20.682,0
2017-07-10,5,SEAFOOD,13.2560005,0
2017-07-11,5,SEAFOOD,17.0,0
2017-07-12,5,SEAFOOD,10.833,0
2017-07-13,5,SEAFOOD,7.831,0
2017-07-14,5,SEAFOOD,16.0,3
2017-07-15,5,SEAFOOD,9.128,0
2017-07-16,5,SEAFOOD,7.023,0
2017-07-17,5,SEAFOOD,12.948999,0
2017-07-18,5,SEAFOOD,10.940001,0
2017-07-19,5,SEAFOOD,17.011,0
2017-07-20,5,SEAFOOD,19.436,0
2017-07-21,5,SEAFOOD,9.54,3
2017-07-22,5,SEAFOOD,6.418,0
2017-07-23,5,SEAFOOD,8.826,0
2017-07-24,5,SEAFOOD,10.692,0
2017-07-25,5,SEAFOOD,14.338,0
2017-07-26,5,SEAFOOD,8.41,0
2017-07-27,5,SEAFOOD,4.58,0
2017-07-28,5,SEAFOOD,14.1779995,4
2017-07-29,5,SEAFOOD,9.0,0
2017-07-30,5,SEAFOOD,7.874,0
2017-07-31,5,SEAFOOD,5.0,0
